ISO-10303-21;
HEADER;
FILE_DESCRIPTION(('Open CASCADE Model'),'2;1');
FILE_NAME('Open CASCADE Shape Model','2026-06-07T15:06:39',('Author'),(
    'Open CASCADE'),'Open CASCADE STEP processor 7.7','Open CASCADE 7.7'
  ,'Unknown');
FILE_SCHEMA(('AUTOMOTIVE_DESIGN { 1 0 10303 214 1 1 1 1 }'));
ENDSEC;
DATA;
#1 = APPLICATION_PROTOCOL_DEFINITION('international standard',
  'automotive_design',2000,#2);
#2 = APPLICATION_CONTEXT(
  'core data for automotive mechanical design processes');
#3 = SHAPE_DEFINITION_REPRESENTATION(#4,#10);
#4 = PRODUCT_DEFINITION_SHAPE('','',#5);
#5 = PRODUCT_DEFINITION('design','',#6,#9);
#6 = PRODUCT_DEFINITION_FORMATION('','',#7);
#7 = PRODUCT('Open CASCADE STEP translator 7.7 26',
  'Open CASCADE STEP translator 7.7 26','',(#8));
#8 = PRODUCT_CONTEXT('',#2,'mechanical');
#9 = PRODUCT_DEFINITION_CONTEXT('part definition',#2,'design');
#10 = SHAPE_REPRESENTATION('',(#11,#15,#19),#23);
#11 = AXIS2_PLACEMENT_3D('',#12,#13,#14);
#12 = CARTESIAN_POINT('',(0.,0.,0.));
#13 = DIRECTION('',(0.,0.,1.));
#14 = DIRECTION('',(1.,0.,-0.));
#15 = AXIS2_PLACEMENT_3D('',#16,#17,#18);
#16 = CARTESIAN_POINT('',(0.,0.,0.));
#17 = DIRECTION('',(0.,0.,1.));
#18 = DIRECTION('',(1.,0.,-0.));
#19 = AXIS2_PLACEMENT_3D('',#20,#21,#22);
#20 = CARTESIAN_POINT('',(0.,0.,0.));
#21 = DIRECTION('',(0.,0.,1.));
#22 = DIRECTION('',(1.,0.,-0.));
#23 = ( GEOMETRIC_REPRESENTATION_CONTEXT(3) 
GLOBAL_UNCERTAINTY_ASSIGNED_CONTEXT((#27)) GLOBAL_UNIT_ASSIGNED_CONTEXT(
(#24,#25,#26)) REPRESENTATION_CONTEXT('Context #1',
  '3D Context with UNIT and UNCERTAINTY') );
#24 = ( LENGTH_UNIT() NAMED_UNIT(*) SI_UNIT(.MILLI.,.METRE.) );
#25 = ( NAMED_UNIT(*) PLANE_ANGLE_UNIT() SI_UNIT($,.RADIAN.) );
#26 = ( NAMED_UNIT(*) SI_UNIT($,.STERADIAN.) SOLID_ANGLE_UNIT() );
#27 = UNCERTAINTY_MEASURE_WITH_UNIT(LENGTH_MEASURE(2.E-07),#24,
  'distance_accuracy_value','confusion accuracy');
#28 = PRODUCT_RELATED_PRODUCT_CATEGORY('part',$,(#7));
#29 = SHAPE_DEFINITION_REPRESENTATION(#30,#36);
#30 = PRODUCT_DEFINITION_SHAPE('','',#31);
#31 = PRODUCT_DEFINITION('design','',#32,#35);
#32 = PRODUCT_DEFINITION_FORMATION('','',#33);
#33 = PRODUCT('Open CASCADE STEP translator 7.7 26.1',
  'Open CASCADE STEP translator 7.7 26.1','',(#34));
#34 = PRODUCT_CONTEXT('',#2,'mechanical');
#35 = PRODUCT_DEFINITION_CONTEXT('part definition',#2,'design');
#36 = ADVANCED_BREP_SHAPE_REPRESENTATION('',(#11,#37),#6488);
#37 = MANIFOLD_SOLID_BREP('',#38);
#38 = CLOSED_SHELL('',(#39,#159,#235,#1939,#1988,#2015,#2194,#2241,#2290
    ,#2339,#2386,#2433,#2482,#2531,#2578,#2625,#2674,#2723,#2770,#2834,
    #2883,#2947,#2996,#3137,#3164,#3240,#3289,#3338,#3387,#3436,#3485,
    #3534,#3561,#3637,#3686,#3735,#3784,#3833,#3882,#3931,#3980,#4007,
    #4083,#4132,#4181,#4230,#4279,#4328,#4377,#4426,#4475,#4524,#4573,
    #4600,#4676,#4725,#4774,#4823,#4872,#4921,#4970,#5019,#5068,#5095,
    #5120,#5147,#5174,#5201,#5223,#5476,#5694,#5709,#5722,#5798,#5847,
    #5896,#5945,#5994,#6043,#6092,#6119,#6195,#6244,#6293,#6342,#6391,
    #6440,#6467,#6478));
#39 = ADVANCED_FACE('',(#40),#54,.F.);
#40 = FACE_BOUND('',#41,.F.);
#41 = EDGE_LOOP('',(#42,#77,#105,#133));
#42 = ORIENTED_EDGE('',*,*,#43,.F.);
#43 = EDGE_CURVE('',#44,#46,#48,.T.);
#44 = VERTEX_POINT('',#45);
#45 = CARTESIAN_POINT('',(-46.,-39.,0.));
#46 = VERTEX_POINT('',#47);
#47 = CARTESIAN_POINT('',(-46.,-39.,5.));
#48 = SURFACE_CURVE('',#49,(#53,#65),.PCURVE_S1.);
#49 = LINE('',#50,#51);
#50 = CARTESIAN_POINT('',(-46.,-39.,0.));
#51 = VECTOR('',#52,1.);
#52 = DIRECTION('',(0.,0.,1.));
#53 = PCURVE('',#54,#59);
#54 = PLANE('',#55);
#55 = AXIS2_PLACEMENT_3D('',#56,#57,#58);
#56 = CARTESIAN_POINT('',(-46.,-39.,0.));
#57 = DIRECTION('',(1.,0.,0.));
#58 = DIRECTION('',(0.,0.,1.));
#59 = DEFINITIONAL_REPRESENTATION('',(#60),#64);
#60 = LINE('',#61,#62);
#61 = CARTESIAN_POINT('',(0.,0.));
#62 = VECTOR('',#63,1.);
#63 = DIRECTION('',(1.,0.));
#64 = ( GEOMETRIC_REPRESENTATION_CONTEXT(2) 
PARAMETRIC_REPRESENTATION_CONTEXT() REPRESENTATION_CONTEXT('2D SPACE',''
  ) );
#65 = PCURVE('',#66,#71);
#66 = PLANE('',#67);
#67 = AXIS2_PLACEMENT_3D('',#68,#69,#70);
#68 = CARTESIAN_POINT('',(-46.,-39.,0.));
#69 = DIRECTION('',(0.,1.,0.));
#70 = DIRECTION('',(0.,0.,1.));
#71 = DEFINITIONAL_REPRESENTATION('',(#72),#76);
#72 = LINE('',#73,#74);
#73 = CARTESIAN_POINT('',(0.,0.));
#74 = VECTOR('',#75,1.);
#75 = DIRECTION('',(1.,0.));
#76 = ( GEOMETRIC_REPRESENTATION_CONTEXT(2) 
PARAMETRIC_REPRESENTATION_CONTEXT() REPRESENTATION_CONTEXT('2D SPACE',''
  ) );
#77 = ORIENTED_EDGE('',*,*,#78,.T.);
#78 = EDGE_CURVE('',#44,#79,#81,.T.);
#79 = VERTEX_POINT('',#80);
#80 = CARTESIAN_POINT('',(-46.,39.,0.));
#81 = SURFACE_CURVE('',#82,(#86,#93),.PCURVE_S1.);
#82 = LINE('',#83,#84);
#83 = CARTESIAN_POINT('',(-46.,-39.,0.));
#84 = VECTOR('',#85,1.);
#85 = DIRECTION('',(0.,1.,0.));
#86 = PCURVE('',#54,#87);
#87 = DEFINITIONAL_REPRESENTATION('',(#88),#92);
#88 = LINE('',#89,#90);
#89 = CARTESIAN_POINT('',(0.,0.));
#90 = VECTOR('',#91,1.);
#91 = DIRECTION('',(0.,-1.));
#92 = ( GEOMETRIC_REPRESENTATION_CONTEXT(2) 
PARAMETRIC_REPRESENTATION_CONTEXT() REPRESENTATION_CONTEXT('2D SPACE',''
  ) );
#93 = PCURVE('',#94,#99);
#94 = PLANE('',#95);
#95 = AXIS2_PLACEMENT_3D('',#96,#97,#98);
#96 = CARTESIAN_POINT('',(-46.,-39.,0.));
#97 = DIRECTION('',(0.,0.,1.));
#98 = DIRECTION('',(1.,0.,0.));
#99 = DEFINITIONAL_REPRESENTATION('',(#100),#104);
#100 = LINE('',#101,#102);
#101 = CARTESIAN_POINT('',(0.,0.));
#102 = VECTOR('',#103,1.);
#103 = DIRECTION('',(0.,1.));
#104 = ( GEOMETRIC_REPRESENTATION_CONTEXT(2) 
PARAMETRIC_REPRESENTATION_CONTEXT() REPRESENTATION_CONTEXT('2D SPACE',''
  ) );
#105 = ORIENTED_EDGE('',*,*,#106,.T.);
#106 = EDGE_CURVE('',#79,#107,#109,.T.);
#107 = VERTEX_POINT('',#108);
#108 = CARTESIAN_POINT('',(-46.,39.,5.));
#109 = SURFACE_CURVE('',#110,(#114,#121),.PCURVE_S1.);
#110 = LINE('',#111,#112);
#111 = CARTESIAN_POINT('',(-46.,39.,0.));
#112 = VECTOR('',#113,1.);
#113 = DIRECTION('',(0.,0.,1.));
#114 = PCURVE('',#54,#115);
#115 = DEFINITIONAL_REPRESENTATION('',(#116),#120);
#116 = LINE('',#117,#118);
#117 = CARTESIAN_POINT('',(0.,-78.));
#118 = VECTOR('',#119,1.);
#119 = DIRECTION('',(1.,0.));
#120 = ( GEOMETRIC_REPRESENTATION_CONTEXT(2) 
PARAMETRIC_REPRESENTATION_CONTEXT() REPRESENTATION_CONTEXT('2D SPACE',''
  ) );
#121 = PCURVE('',#122,#127);
#122 = PLANE('',#123);
#123 = AXIS2_PLACEMENT_3D('',#124,#125,#126);
#124 = CARTESIAN_POINT('',(-46.,39.,0.));
#125 = DIRECTION('',(0.,1.,0.));
#126 = DIRECTION('',(0.,0.,1.));
#127 = DEFINITIONAL_REPRESENTATION('',(#128),#132);
#128 = LINE('',#129,#130);
#129 = CARTESIAN_POINT('',(0.,0.));
#130 = VECTOR('',#131,1.);
#131 = DIRECTION('',(1.,0.));
#132 = ( GEOMETRIC_REPRESENTATION_CONTEXT(2) 
PARAMETRIC_REPRESENTATION_CONTEXT() REPRESENTATION_CONTEXT('2D SPACE',''
  ) );
#133 = ORIENTED_EDGE('',*,*,#134,.F.);
#134 = EDGE_CURVE('',#46,#107,#135,.T.);
#135 = SURFACE_CURVE('',#136,(#140,#147),.PCURVE_S1.);
#136 = LINE('',#137,#138);
#137 = CARTESIAN_POINT('',(-46.,-39.,5.));
#138 = VECTOR('',#139,1.);
#139 = DIRECTION('',(0.,1.,0.));
#140 = PCURVE('',#54,#141);
#141 = DEFINITIONAL_REPRESENTATION('',(#142),#146);
#142 = LINE('',#143,#144);
#143 = CARTESIAN_POINT('',(5.,0.));
#144 = VECTOR('',#145,1.);
#145 = DIRECTION('',(0.,-1.));
#146 = ( GEOMETRIC_REPRESENTATION_CONTEXT(2) 
PARAMETRIC_REPRESENTATION_CONTEXT() REPRESENTATION_CONTEXT('2D SPACE',''
  ) );
#147 = PCURVE('',#148,#153);
#148 = PLANE('',#149);
#149 = AXIS2_PLACEMENT_3D('',#150,#151,#152);
#150 = CARTESIAN_POINT('',(-46.,-39.,5.));
#151 = DIRECTION('',(0.,0.,1.));
#152 = DIRECTION('',(1.,0.,0.));
#153 = DEFINITIONAL_REPRESENTATION('',(#154),#158);
#154 = LINE('',#155,#156);
#155 = CARTESIAN_POINT('',(0.,0.));
#156 = VECTOR('',#157,1.);
#157 = DIRECTION('',(0.,1.));
#158 = ( GEOMETRIC_REPRESENTATION_CONTEXT(2) 
PARAMETRIC_REPRESENTATION_CONTEXT() REPRESENTATION_CONTEXT('2D SPACE',''
  ) );
#159 = ADVANCED_FACE('',(#160),#66,.F.);
#160 = FACE_BOUND('',#161,.F.);
#161 = EDGE_LOOP('',(#162,#185,#186,#209));
#162 = ORIENTED_EDGE('',*,*,#163,.F.);
#163 = EDGE_CURVE('',#44,#164,#166,.T.);
#164 = VERTEX_POINT('',#165);
#165 = CARTESIAN_POINT('',(46.,-39.,0.));
#166 = SURFACE_CURVE('',#167,(#171,#178),.PCURVE_S1.);
#167 = LINE('',#168,#169);
#168 = CARTESIAN_POINT('',(-46.,-39.,0.));
#169 = VECTOR('',#170,1.);
#170 = DIRECTION('',(1.,0.,0.));
#171 = PCURVE('',#66,#172);
#172 = DEFINITIONAL_REPRESENTATION('',(#173),#177);
#173 = LINE('',#174,#175);
#174 = CARTESIAN_POINT('',(0.,0.));
#175 = VECTOR('',#176,1.);
#176 = DIRECTION('',(0.,1.));
#177 = ( GEOMETRIC_REPRESENTATION_CONTEXT(2) 
PARAMETRIC_REPRESENTATION_CONTEXT() REPRESENTATION_CONTEXT('2D SPACE',''
  ) );
#178 = PCURVE('',#94,#179);
#179 = DEFINITIONAL_REPRESENTATION('',(#180),#184);
#180 = LINE('',#181,#182);
#181 = CARTESIAN_POINT('',(0.,0.));
#182 = VECTOR('',#183,1.);
#183 = DIRECTION('',(1.,0.));
#184 = ( GEOMETRIC_REPRESENTATION_CONTEXT(2) 
PARAMETRIC_REPRESENTATION_CONTEXT() REPRESENTATION_CONTEXT('2D SPACE',''
  ) );
#185 = ORIENTED_EDGE('',*,*,#43,.T.);
#186 = ORIENTED_EDGE('',*,*,#187,.T.);
#187 = EDGE_CURVE('',#46,#188,#190,.T.);
#188 = VERTEX_POINT('',#189);
#189 = CARTESIAN_POINT('',(46.,-39.,5.));
#190 = SURFACE_CURVE('',#191,(#195,#202),.PCURVE_S1.);
#191 = LINE('',#192,#193);
#192 = CARTESIAN_POINT('',(-46.,-39.,5.));
#193 = VECTOR('',#194,1.);
#194 = DIRECTION('',(1.,0.,0.));
#195 = PCURVE('',#66,#196);
#196 = DEFINITIONAL_REPRESENTATION('',(#197),#201);
#197 = LINE('',#198,#199);
#198 = CARTESIAN_POINT('',(5.,0.));
#199 = VECTOR('',#200,1.);
#200 = DIRECTION('',(0.,1.));
#201 = ( GEOMETRIC_REPRESENTATION_CONTEXT(2) 
PARAMETRIC_REPRESENTATION_CONTEXT() REPRESENTATION_CONTEXT('2D SPACE',''
  ) );
#202 = PCURVE('',#148,#203);
#203 = DEFINITIONAL_REPRESENTATION('',(#204),#208);
#204 = LINE('',#205,#206);
#205 = CARTESIAN_POINT('',(0.,0.));
#206 = VECTOR('',#207,1.);
#207 = DIRECTION('',(1.,0.));
#208 = ( GEOMETRIC_REPRESENTATION_CONTEXT(2) 
PARAMETRIC_REPRESENTATION_CONTEXT() REPRESENTATION_CONTEXT('2D SPACE',''
  ) );
#209 = ORIENTED_EDGE('',*,*,#210,.F.);
#210 = EDGE_CURVE('',#164,#188,#211,.T.);
#211 = SURFACE_CURVE('',#212,(#216,#223),.PCURVE_S1.);
#212 = LINE('',#213,#214);
#213 = CARTESIAN_POINT('',(46.,-39.,0.));
#214 = VECTOR('',#215,1.);
#215 = DIRECTION('',(0.,0.,1.));
#216 = PCURVE('',#66,#217);
#217 = DEFINITIONAL_REPRESENTATION('',(#218),#222);
#218 = LINE('',#219,#220);
#219 = CARTESIAN_POINT('',(0.,92.));
#220 = VECTOR('',#221,1.);
#221 = DIRECTION('',(1.,0.));
#222 = ( GEOMETRIC_REPRESENTATION_CONTEXT(2) 
PARAMETRIC_REPRESENTATION_CONTEXT() REPRESENTATION_CONTEXT('2D SPACE',''
  ) );
#223 = PCURVE('',#224,#229);
#224 = PLANE('',#225);
#225 = AXIS2_PLACEMENT_3D('',#226,#227,#228);
#226 = CARTESIAN_POINT('',(46.,-39.,0.));
#227 = DIRECTION('',(1.,0.,0.));
#228 = DIRECTION('',(0.,0.,1.));
#229 = DEFINITIONAL_REPRESENTATION('',(#230),#234);
#230 = LINE('',#231,#232);
#231 = CARTESIAN_POINT('',(0.,0.));
#232 = VECTOR('',#233,1.);
#233 = DIRECTION('',(1.,0.));
#234 = ( GEOMETRIC_REPRESENTATION_CONTEXT(2) 
PARAMETRIC_REPRESENTATION_CONTEXT() REPRESENTATION_CONTEXT('2D SPACE',''
  ) );
#235 = ADVANCED_FACE('',(#236,#815,#1057,#1319,#1657),#148,.T.);
#236 = FACE_BOUND('',#237,.T.);
#237 = EDGE_LOOP('',(#238,#263,#284,#285,#286,#309,#337,#365,#393,#423,
    #453,#481,#509,#537,#565,#593,#621,#649,#677,#705,#733,#761,#789));
#238 = ORIENTED_EDGE('',*,*,#239,.T.);
#239 = EDGE_CURVE('',#240,#242,#244,.T.);
#240 = VERTEX_POINT('',#241);
#241 = CARTESIAN_POINT('',(46.,29.5,5.));
#242 = VERTEX_POINT('',#243);
#243 = CARTESIAN_POINT('',(46.,39.,5.));
#244 = SURFACE_CURVE('',#245,(#249,#256),.PCURVE_S1.);
#245 = LINE('',#246,#247);
#246 = CARTESIAN_POINT('',(46.,-39.,5.));
#247 = VECTOR('',#248,1.);
#248 = DIRECTION('',(0.,1.,0.));
#249 = PCURVE('',#148,#250);
#250 = DEFINITIONAL_REPRESENTATION('',(#251),#255);
#251 = LINE('',#252,#253);
#252 = CARTESIAN_POINT('',(92.,0.));
#253 = VECTOR('',#254,1.);
#254 = DIRECTION('',(0.,1.));
#255 = ( GEOMETRIC_REPRESENTATION_CONTEXT(2) 
PARAMETRIC_REPRESENTATION_CONTEXT() REPRESENTATION_CONTEXT('2D SPACE',''
  ) );
#256 = PCURVE('',#224,#257);
#257 = DEFINITIONAL_REPRESENTATION('',(#258),#262);
#258 = LINE('',#259,#260);
#259 = CARTESIAN_POINT('',(5.,0.));
#260 = VECTOR('',#261,1.);
#261 = DIRECTION('',(0.,-1.));
#262 = ( GEOMETRIC_REPRESENTATION_CONTEXT(2) 
PARAMETRIC_REPRESENTATION_CONTEXT() REPRESENTATION_CONTEXT('2D SPACE',''
  ) );
#263 = ORIENTED_EDGE('',*,*,#264,.F.);
#264 = EDGE_CURVE('',#107,#242,#265,.T.);
#265 = SURFACE_CURVE('',#266,(#270,#277),.PCURVE_S1.);
#266 = LINE('',#267,#268);
#267 = CARTESIAN_POINT('',(-46.,39.,5.));
#268 = VECTOR('',#269,1.);
#269 = DIRECTION('',(1.,0.,0.));
#270 = PCURVE('',#148,#271);
#271 = DEFINITIONAL_REPRESENTATION('',(#272),#276);
#272 = LINE('',#273,#274);
#273 = CARTESIAN_POINT('',(0.,78.));
#274 = VECTOR('',#275,1.);
#275 = DIRECTION('',(1.,0.));
#276 = ( GEOMETRIC_REPRESENTATION_CONTEXT(2) 
PARAMETRIC_REPRESENTATION_CONTEXT() REPRESENTATION_CONTEXT('2D SPACE',''
  ) );
#277 = PCURVE('',#122,#278);
#278 = DEFINITIONAL_REPRESENTATION('',(#279),#283);
#279 = LINE('',#280,#281);
#280 = CARTESIAN_POINT('',(5.,0.));
#281 = VECTOR('',#282,1.);
#282 = DIRECTION('',(0.,1.));
#283 = ( GEOMETRIC_REPRESENTATION_CONTEXT(2) 
PARAMETRIC_REPRESENTATION_CONTEXT() REPRESENTATION_CONTEXT('2D SPACE',''
  ) );
#284 = ORIENTED_EDGE('',*,*,#134,.F.);
#285 = ORIENTED_EDGE('',*,*,#187,.T.);
#286 = ORIENTED_EDGE('',*,*,#287,.T.);
#287 = EDGE_CURVE('',#188,#288,#290,.T.);
#288 = VERTEX_POINT('',#289);
#289 = CARTESIAN_POINT('',(46.,-29.5,5.));
#290 = SURFACE_CURVE('',#291,(#295,#302),.PCURVE_S1.);
#291 = LINE('',#292,#293);
#292 = CARTESIAN_POINT('',(46.,-39.,5.));
#293 = VECTOR('',#294,1.);
#294 = DIRECTION('',(0.,1.,0.));
#295 = PCURVE('',#148,#296);
#296 = DEFINITIONAL_REPRESENTATION('',(#297),#301);
#297 = LINE('',#298,#299);
#298 = CARTESIAN_POINT('',(92.,0.));
#299 = VECTOR('',#300,1.);
#300 = DIRECTION('',(0.,1.));
#301 = ( GEOMETRIC_REPRESENTATION_CONTEXT(2) 
PARAMETRIC_REPRESENTATION_CONTEXT() REPRESENTATION_CONTEXT('2D SPACE',''
  ) );
#302 = PCURVE('',#224,#303);
#303 = DEFINITIONAL_REPRESENTATION('',(#304),#308);
#304 = LINE('',#305,#306);
#305 = CARTESIAN_POINT('',(5.,0.));
#306 = VECTOR('',#307,1.);
#307 = DIRECTION('',(0.,-1.));
#308 = ( GEOMETRIC_REPRESENTATION_CONTEXT(2) 
PARAMETRIC_REPRESENTATION_CONTEXT() REPRESENTATION_CONTEXT('2D SPACE',''
  ) );
#309 = ORIENTED_EDGE('',*,*,#310,.F.);
#310 = EDGE_CURVE('',#311,#288,#313,.T.);
#311 = VERTEX_POINT('',#312);
#312 = CARTESIAN_POINT('',(-21.,-29.5,5.));
#313 = SURFACE_CURVE('',#314,(#318,#325),.PCURVE_S1.);
#314 = LINE('',#315,#316);
#315 = CARTESIAN_POINT('',(-21.,-29.5,5.));
#316 = VECTOR('',#317,1.);
#317 = DIRECTION('',(1.,0.,0.));
#318 = PCURVE('',#148,#319);
#319 = DEFINITIONAL_REPRESENTATION('',(#320),#324);
#320 = LINE('',#321,#322);
#321 = CARTESIAN_POINT('',(25.,9.5));
#322 = VECTOR('',#323,1.);
#323 = DIRECTION('',(1.,0.));
#324 = ( GEOMETRIC_REPRESENTATION_CONTEXT(2) 
PARAMETRIC_REPRESENTATION_CONTEXT() REPRESENTATION_CONTEXT('2D SPACE',''
  ) );
#325 = PCURVE('',#326,#331);
#326 = PLANE('',#327);
#327 = AXIS2_PLACEMENT_3D('',#328,#329,#330);
#328 = CARTESIAN_POINT('',(-21.,-29.5,4.2));
#329 = DIRECTION('',(0.,1.,0.));
#330 = DIRECTION('',(0.,0.,1.));
#331 = DEFINITIONAL_REPRESENTATION('',(#332),#336);
#332 = LINE('',#333,#334);
#333 = CARTESIAN_POINT('',(0.8,0.));
#334 = VECTOR('',#335,1.);
#335 = DIRECTION('',(0.,1.));
#336 = ( GEOMETRIC_REPRESENTATION_CONTEXT(2) 
PARAMETRIC_REPRESENTATION_CONTEXT() REPRESENTATION_CONTEXT('2D SPACE',''
  ) );
#337 = ORIENTED_EDGE('',*,*,#338,.T.);
#338 = EDGE_CURVE('',#311,#339,#341,.T.);
#339 = VERTEX_POINT('',#340);
#340 = CARTESIAN_POINT('',(-21.,29.5,5.));
#341 = SURFACE_CURVE('',#342,(#346,#353),.PCURVE_S1.);
#342 = LINE('',#343,#344);
#343 = CARTESIAN_POINT('',(-21.,-29.5,5.));
#344 = VECTOR('',#345,1.);
#345 = DIRECTION('',(0.,1.,0.));
#346 = PCURVE('',#148,#347);
#347 = DEFINITIONAL_REPRESENTATION('',(#348),#352);
#348 = LINE('',#349,#350);
#349 = CARTESIAN_POINT('',(25.,9.5));
#350 = VECTOR('',#351,1.);
#351 = DIRECTION('',(0.,1.));
#352 = ( GEOMETRIC_REPRESENTATION_CONTEXT(2) 
PARAMETRIC_REPRESENTATION_CONTEXT() REPRESENTATION_CONTEXT('2D SPACE',''
  ) );
#353 = PCURVE('',#354,#359);
#354 = PLANE('',#355);
#355 = AXIS2_PLACEMENT_3D('',#356,#357,#358);
#356 = CARTESIAN_POINT('',(-21.,-29.5,4.2));
#357 = DIRECTION('',(1.,0.,0.));
#358 = DIRECTION('',(0.,0.,1.));
#359 = DEFINITIONAL_REPRESENTATION('',(#360),#364);
#360 = LINE('',#361,#362);
#361 = CARTESIAN_POINT('',(0.8,0.));
#362 = VECTOR('',#363,1.);
#363 = DIRECTION('',(0.,-1.));
#364 = ( GEOMETRIC_REPRESENTATION_CONTEXT(2) 
PARAMETRIC_REPRESENTATION_CONTEXT() REPRESENTATION_CONTEXT('2D SPACE',''
  ) );
#365 = ORIENTED_EDGE('',*,*,#366,.T.);
#366 = EDGE_CURVE('',#339,#367,#369,.T.);
#367 = VERTEX_POINT('',#368);
#368 = CARTESIAN_POINT('',(14.204758137968,29.5,5.));
#369 = SURFACE_CURVE('',#370,(#374,#381),.PCURVE_S1.);
#370 = LINE('',#371,#372);
#371 = CARTESIAN_POINT('',(-21.,29.5,5.));
#372 = VECTOR('',#373,1.);
#373 = DIRECTION('',(1.,0.,0.));
#374 = PCURVE('',#148,#375);
#375 = DEFINITIONAL_REPRESENTATION('',(#376),#380);
#376 = LINE('',#377,#378);
#377 = CARTESIAN_POINT('',(25.,68.5));
#378 = VECTOR('',#379,1.);
#379 = DIRECTION('',(1.,0.));
#380 = ( GEOMETRIC_REPRESENTATION_CONTEXT(2) 
PARAMETRIC_REPRESENTATION_CONTEXT() REPRESENTATION_CONTEXT('2D SPACE',''
  ) );
#381 = PCURVE('',#382,#387);
#382 = PLANE('',#383);
#383 = AXIS2_PLACEMENT_3D('',#384,#385,#386);
#384 = CARTESIAN_POINT('',(-21.,29.5,4.2));
#385 = DIRECTION('',(0.,1.,0.));
#386 = DIRECTION('',(0.,0.,1.));
#387 = DEFINITIONAL_REPRESENTATION('',(#388),#392);
#388 = LINE('',#389,#390);
#389 = CARTESIAN_POINT('',(0.8,0.));
#390 = VECTOR('',#391,1.);
#391 = DIRECTION('',(0.,1.));
#392 = ( GEOMETRIC_REPRESENTATION_CONTEXT(2) 
PARAMETRIC_REPRESENTATION_CONTEXT() REPRESENTATION_CONTEXT('2D SPACE',''
  ) );
#393 = ORIENTED_EDGE('',*,*,#394,.T.);
#394 = EDGE_CURVE('',#367,#395,#397,.T.);
#395 = VERTEX_POINT('',#396);
#396 = CARTESIAN_POINT('',(15.365234375,29.77197265625,5.));
#397 = SURFACE_CURVE('',#398,(#402,#409),.PCURVE_S1.);
#398 = B_SPLINE_CURVE_WITH_KNOTS('',2,(#399,#400,#401),.UNSPECIFIED.,.F.
  ,.F.,(3,3),(0.,1.),.PIECEWISE_BEZIER_KNOTS.);
#399 = CARTESIAN_POINT('',(13.644287109375,29.052490234375,5.));
#400 = CARTESIAN_POINT('',(14.28857421875,29.77197265625,5.));
#401 = CARTESIAN_POINT('',(15.365234375,29.77197265625,5.));
#402 = PCURVE('',#148,#403);
#403 = DEFINITIONAL_REPRESENTATION('',(#404),#408);
#404 = B_SPLINE_CURVE_WITH_KNOTS('',2,(#405,#406,#407),.UNSPECIFIED.,.F.
  ,.F.,(3,3),(0.,1.),.PIECEWISE_BEZIER_KNOTS.);
#405 = CARTESIAN_POINT('',(59.644287109375,68.052490234375));
#406 = CARTESIAN_POINT('',(60.28857421875,68.77197265625));
#407 = CARTESIAN_POINT('',(61.365234375,68.77197265625));
#408 = ( GEOMETRIC_REPRESENTATION_CONTEXT(2) 
PARAMETRIC_REPRESENTATION_CONTEXT() REPRESENTATION_CONTEXT('2D SPACE',''
  ) );
#409 = PCURVE('',#410,#417);
#410 = SURFACE_OF_LINEAR_EXTRUSION('',#411,#415);
#411 = B_SPLINE_CURVE_WITH_KNOTS('',2,(#412,#413,#414),.UNSPECIFIED.,.F.
  ,.F.,(3,3),(0.,1.),.PIECEWISE_BEZIER_KNOTS.);
#412 = CARTESIAN_POINT('',(13.644287109375,29.052490234375,5.));
#413 = CARTESIAN_POINT('',(14.28857421875,29.77197265625,5.));
#414 = CARTESIAN_POINT('',(15.365234375,29.77197265625,5.));
#415 = VECTOR('',#416,1.);
#416 = DIRECTION('',(0.,0.,1.));
#417 = DEFINITIONAL_REPRESENTATION('',(#418),#422);
#418 = LINE('',#419,#420);
#419 = CARTESIAN_POINT('',(0.,0.));
#420 = VECTOR('',#421,1.);
#421 = DIRECTION('',(1.,0.));
#422 = ( GEOMETRIC_REPRESENTATION_CONTEXT(2) 
PARAMETRIC_REPRESENTATION_CONTEXT() REPRESENTATION_CONTEXT('2D SPACE',''
  ) );
#423 = ORIENTED_EDGE('',*,*,#424,.T.);
#424 = EDGE_CURVE('',#395,#425,#427,.T.);
#425 = VERTEX_POINT('',#426);
#426 = CARTESIAN_POINT('',(16.522153712804,29.5,5.));
#427 = SURFACE_CURVE('',#428,(#432,#439),.PCURVE_S1.);
#428 = B_SPLINE_CURVE_WITH_KNOTS('',2,(#429,#430,#431),.UNSPECIFIED.,.F.
  ,.F.,(3,3),(0.,1.),.PIECEWISE_BEZIER_KNOTS.);
#429 = CARTESIAN_POINT('',(15.365234375,29.77197265625,5.));
#430 = CARTESIAN_POINT('',(16.4384765625,29.77197265625,5.));
#431 = CARTESIAN_POINT('',(17.0810546875,29.052490234375,5.));
#432 = PCURVE('',#148,#433);
#433 = DEFINITIONAL_REPRESENTATION('',(#434),#438);
#434 = B_SPLINE_CURVE_WITH_KNOTS('',2,(#435,#436,#437),.UNSPECIFIED.,.F.
  ,.F.,(3,3),(0.,1.),.PIECEWISE_BEZIER_KNOTS.);
#435 = CARTESIAN_POINT('',(61.365234375,68.77197265625));
#436 = CARTESIAN_POINT('',(62.4384765625,68.77197265625));
#437 = CARTESIAN_POINT('',(63.0810546875,68.052490234375));
#438 = ( GEOMETRIC_REPRESENTATION_CONTEXT(2) 
PARAMETRIC_REPRESENTATION_CONTEXT() REPRESENTATION_CONTEXT('2D SPACE',''
  ) );
#439 = PCURVE('',#440,#447);
#440 = SURFACE_OF_LINEAR_EXTRUSION('',#441,#445);
#441 = B_SPLINE_CURVE_WITH_KNOTS('',2,(#442,#443,#444),.UNSPECIFIED.,.F.
  ,.F.,(3,3),(0.,1.),.PIECEWISE_BEZIER_KNOTS.);
#442 = CARTESIAN_POINT('',(15.365234375,29.77197265625,5.));
#443 = CARTESIAN_POINT('',(16.4384765625,29.77197265625,5.));
#444 = CARTESIAN_POINT('',(17.0810546875,29.052490234375,5.));
#445 = VECTOR('',#446,1.);
#446 = DIRECTION('',(0.,0.,1.));
#447 = DEFINITIONAL_REPRESENTATION('',(#448),#452);
#448 = LINE('',#449,#450);
#449 = CARTESIAN_POINT('',(0.,0.));
#450 = VECTOR('',#451,1.);
#451 = DIRECTION('',(1.,0.));
#452 = ( GEOMETRIC_REPRESENTATION_CONTEXT(2) 
PARAMETRIC_REPRESENTATION_CONTEXT() REPRESENTATION_CONTEXT('2D SPACE',''
  ) );
#453 = ORIENTED_EDGE('',*,*,#454,.T.);
#454 = EDGE_CURVE('',#425,#455,#457,.T.);
#455 = VERTEX_POINT('',#456);
#456 = CARTESIAN_POINT('',(18.72509765625,29.5,5.));
#457 = SURFACE_CURVE('',#458,(#462,#469),.PCURVE_S1.);
#458 = LINE('',#459,#460);
#459 = CARTESIAN_POINT('',(-21.,29.5,5.));
#460 = VECTOR('',#461,1.);
#461 = DIRECTION('',(1.,0.,0.));
#462 = PCURVE('',#148,#463);
#463 = DEFINITIONAL_REPRESENTATION('',(#464),#468);
#464 = LINE('',#465,#466);
#465 = CARTESIAN_POINT('',(25.,68.5));
#466 = VECTOR('',#467,1.);
#467 = DIRECTION('',(1.,0.));
#468 = ( GEOMETRIC_REPRESENTATION_CONTEXT(2) 
PARAMETRIC_REPRESENTATION_CONTEXT() REPRESENTATION_CONTEXT('2D SPACE',''
  ) );
#469 = PCURVE('',#470,#475);
#470 = PLANE('',#471);
#471 = AXIS2_PLACEMENT_3D('',#472,#473,#474);
#472 = CARTESIAN_POINT('',(-21.,29.5,4.2));
#473 = DIRECTION('',(0.,1.,0.));
#474 = DIRECTION('',(0.,0.,1.));
#475 = DEFINITIONAL_REPRESENTATION('',(#476),#480);
#476 = LINE('',#477,#478);
#477 = CARTESIAN_POINT('',(0.8,0.));
#478 = VECTOR('',#479,1.);
#479 = DIRECTION('',(0.,1.));
#480 = ( GEOMETRIC_REPRESENTATION_CONTEXT(2) 
PARAMETRIC_REPRESENTATION_CONTEXT() REPRESENTATION_CONTEXT('2D SPACE',''
  ) );
#481 = ORIENTED_EDGE('',*,*,#482,.T.);
#482 = EDGE_CURVE('',#455,#483,#485,.T.);
#483 = VERTEX_POINT('',#484);
#484 = CARTESIAN_POINT('',(18.72509765625,29.6796875,5.));
#485 = SURFACE_CURVE('',#486,(#490,#497),.PCURVE_S1.);
#486 = LINE('',#487,#488);
#487 = CARTESIAN_POINT('',(18.72509765625,26.494140625,5.));
#488 = VECTOR('',#489,1.);
#489 = DIRECTION('',(0.,1.,0.));
#490 = PCURVE('',#148,#491);
#491 = DEFINITIONAL_REPRESENTATION('',(#492),#496);
#492 = LINE('',#493,#494);
#493 = CARTESIAN_POINT('',(64.72509765625,65.494140625));
#494 = VECTOR('',#495,1.);
#495 = DIRECTION('',(0.,1.));
#496 = ( GEOMETRIC_REPRESENTATION_CONTEXT(2) 
PARAMETRIC_REPRESENTATION_CONTEXT() REPRESENTATION_CONTEXT('2D SPACE',''
  ) );
#497 = PCURVE('',#498,#503);
#498 = PLANE('',#499);
#499 = AXIS2_PLACEMENT_3D('',#500,#501,#502);
#500 = CARTESIAN_POINT('',(18.72509765625,26.494140625,5.));
#501 = DIRECTION('',(1.,0.,0.));
#502 = DIRECTION('',(0.,1.,0.));
#503 = DEFINITIONAL_REPRESENTATION('',(#504),#508);
#504 = LINE('',#505,#506);
#505 = CARTESIAN_POINT('',(0.,0.));
#506 = VECTOR('',#507,1.);
#507 = DIRECTION('',(1.,0.));
#508 = ( GEOMETRIC_REPRESENTATION_CONTEXT(2) 
PARAMETRIC_REPRESENTATION_CONTEXT() REPRESENTATION_CONTEXT('2D SPACE',''
  ) );
#509 = ORIENTED_EDGE('',*,*,#510,.T.);
#510 = EDGE_CURVE('',#483,#511,#513,.T.);
#511 = VERTEX_POINT('',#512);
#512 = CARTESIAN_POINT('',(19.4189453125,29.6796875,5.));
#513 = SURFACE_CURVE('',#514,(#518,#525),.PCURVE_S1.);
#514 = LINE('',#515,#516);
#515 = CARTESIAN_POINT('',(18.72509765625,29.6796875,5.));
#516 = VECTOR('',#517,1.);
#517 = DIRECTION('',(1.,0.,0.));
#518 = PCURVE('',#148,#519);
#519 = DEFINITIONAL_REPRESENTATION('',(#520),#524);
#520 = LINE('',#521,#522);
#521 = CARTESIAN_POINT('',(64.72509765625,68.6796875));
#522 = VECTOR('',#523,1.);
#523 = DIRECTION('',(1.,0.));
#524 = ( GEOMETRIC_REPRESENTATION_CONTEXT(2) 
PARAMETRIC_REPRESENTATION_CONTEXT() REPRESENTATION_CONTEXT('2D SPACE',''
  ) );
#525 = PCURVE('',#526,#531);
#526 = PLANE('',#527);
#527 = AXIS2_PLACEMENT_3D('',#528,#529,#530);
#528 = CARTESIAN_POINT('',(18.72509765625,29.6796875,5.));
#529 = DIRECTION('',(0.,-1.,0.));
#530 = DIRECTION('',(1.,0.,0.));
#531 = DEFINITIONAL_REPRESENTATION('',(#532),#536);
#532 = LINE('',#533,#534);
#533 = CARTESIAN_POINT('',(0.,0.));
#534 = VECTOR('',#535,1.);
#535 = DIRECTION('',(1.,0.));
#536 = ( GEOMETRIC_REPRESENTATION_CONTEXT(2) 
PARAMETRIC_REPRESENTATION_CONTEXT() REPRESENTATION_CONTEXT('2D SPACE',''
  ) );
#537 = ORIENTED_EDGE('',*,*,#538,.T.);
#538 = EDGE_CURVE('',#511,#539,#541,.T.);
#539 = VERTEX_POINT('',#540);
#540 = CARTESIAN_POINT('',(19.4189453125,29.5,5.));
#541 = SURFACE_CURVE('',#542,(#546,#553),.PCURVE_S1.);
#542 = LINE('',#543,#544);
#543 = CARTESIAN_POINT('',(19.4189453125,29.6796875,5.));
#544 = VECTOR('',#545,1.);
#545 = DIRECTION('',(0.,-1.,0.));
#546 = PCURVE('',#148,#547);
#547 = DEFINITIONAL_REPRESENTATION('',(#548),#552);
#548 = LINE('',#549,#550);
#549 = CARTESIAN_POINT('',(65.4189453125,68.6796875));
#550 = VECTOR('',#551,1.);
#551 = DIRECTION('',(0.,-1.));
#552 = ( GEOMETRIC_REPRESENTATION_CONTEXT(2) 
PARAMETRIC_REPRESENTATION_CONTEXT() REPRESENTATION_CONTEXT('2D SPACE',''
  ) );
#553 = PCURVE('',#554,#559);
#554 = PLANE('',#555);
#555 = AXIS2_PLACEMENT_3D('',#556,#557,#558);
#556 = CARTESIAN_POINT('',(19.4189453125,29.6796875,5.));
#557 = DIRECTION('',(-1.,0.,0.));
#558 = DIRECTION('',(0.,-1.,0.));
#559 = DEFINITIONAL_REPRESENTATION('',(#560),#564);
#560 = LINE('',#561,#562);
#561 = CARTESIAN_POINT('',(0.,0.));
#562 = VECTOR('',#563,1.);
#563 = DIRECTION('',(1.,0.));
#564 = ( GEOMETRIC_REPRESENTATION_CONTEXT(2) 
PARAMETRIC_REPRESENTATION_CONTEXT() REPRESENTATION_CONTEXT('2D SPACE',''
  ) );
#565 = ORIENTED_EDGE('',*,*,#566,.T.);
#566 = EDGE_CURVE('',#539,#567,#569,.T.);
#567 = VERTEX_POINT('',#568);
#568 = CARTESIAN_POINT('',(21.93798828125,29.5,5.));
#569 = SURFACE_CURVE('',#570,(#574,#581),.PCURVE_S1.);
#570 = LINE('',#571,#572);
#571 = CARTESIAN_POINT('',(-21.,29.5,5.));
#572 = VECTOR('',#573,1.);
#573 = DIRECTION('',(1.,0.,0.));
#574 = PCURVE('',#148,#575);
#575 = DEFINITIONAL_REPRESENTATION('',(#576),#580);
#576 = LINE('',#577,#578);
#577 = CARTESIAN_POINT('',(25.,68.5));
#578 = VECTOR('',#579,1.);
#579 = DIRECTION('',(1.,0.));
#580 = ( GEOMETRIC_REPRESENTATION_CONTEXT(2) 
PARAMETRIC_REPRESENTATION_CONTEXT() REPRESENTATION_CONTEXT('2D SPACE',''
  ) );
#581 = PCURVE('',#582,#587);
#582 = PLANE('',#583);
#583 = AXIS2_PLACEMENT_3D('',#584,#585,#586);
#584 = CARTESIAN_POINT('',(-21.,29.5,4.2));
#585 = DIRECTION('',(0.,1.,0.));
#586 = DIRECTION('',(0.,0.,1.));
#587 = DEFINITIONAL_REPRESENTATION('',(#588),#592);
#588 = LINE('',#589,#590);
#589 = CARTESIAN_POINT('',(0.8,0.));
#590 = VECTOR('',#591,1.);
#591 = DIRECTION('',(0.,1.));
#592 = ( GEOMETRIC_REPRESENTATION_CONTEXT(2) 
PARAMETRIC_REPRESENTATION_CONTEXT() REPRESENTATION_CONTEXT('2D SPACE',''
  ) );
#593 = ORIENTED_EDGE('',*,*,#594,.T.);
#594 = EDGE_CURVE('',#567,#595,#597,.T.);
#595 = VERTEX_POINT('',#596);
#596 = CARTESIAN_POINT('',(21.93798828125,29.6796875,5.));
#597 = SURFACE_CURVE('',#598,(#602,#609),.PCURVE_S1.);
#598 = LINE('',#599,#600);
#599 = CARTESIAN_POINT('',(21.93798828125,26.57958984375,5.));
#600 = VECTOR('',#601,1.);
#601 = DIRECTION('',(0.,1.,0.));
#602 = PCURVE('',#148,#603);
#603 = DEFINITIONAL_REPRESENTATION('',(#604),#608);
#604 = LINE('',#605,#606);
#605 = CARTESIAN_POINT('',(67.93798828125,65.57958984375));
#606 = VECTOR('',#607,1.);
#607 = DIRECTION('',(0.,1.));
#608 = ( GEOMETRIC_REPRESENTATION_CONTEXT(2) 
PARAMETRIC_REPRESENTATION_CONTEXT() REPRESENTATION_CONTEXT('2D SPACE',''
  ) );
#609 = PCURVE('',#610,#615);
#610 = PLANE('',#611);
#611 = AXIS2_PLACEMENT_3D('',#612,#613,#614);
#612 = CARTESIAN_POINT('',(21.93798828125,26.57958984375,5.));
#613 = DIRECTION('',(1.,0.,0.));
#614 = DIRECTION('',(0.,1.,0.));
#615 = DEFINITIONAL_REPRESENTATION('',(#616),#620);
#616 = LINE('',#617,#618);
#617 = CARTESIAN_POINT('',(0.,0.));
#618 = VECTOR('',#619,1.);
#619 = DIRECTION('',(1.,0.));
#620 = ( GEOMETRIC_REPRESENTATION_CONTEXT(2) 
PARAMETRIC_REPRESENTATION_CONTEXT() REPRESENTATION_CONTEXT('2D SPACE',''
  ) );
#621 = ORIENTED_EDGE('',*,*,#622,.T.);
#622 = EDGE_CURVE('',#595,#623,#625,.T.);
#623 = VERTEX_POINT('',#624);
#624 = CARTESIAN_POINT('',(22.6318359375,29.6796875,5.));
#625 = SURFACE_CURVE('',#626,(#630,#637),.PCURVE_S1.);
#626 = LINE('',#627,#628);
#627 = CARTESIAN_POINT('',(21.93798828125,29.6796875,5.));
#628 = VECTOR('',#629,1.);
#629 = DIRECTION('',(1.,0.,0.));
#630 = PCURVE('',#148,#631);
#631 = DEFINITIONAL_REPRESENTATION('',(#632),#636);
#632 = LINE('',#633,#634);
#633 = CARTESIAN_POINT('',(67.93798828125,68.6796875));
#634 = VECTOR('',#635,1.);
#635 = DIRECTION('',(1.,0.));
#636 = ( GEOMETRIC_REPRESENTATION_CONTEXT(2) 
PARAMETRIC_REPRESENTATION_CONTEXT() REPRESENTATION_CONTEXT('2D SPACE',''
  ) );
#637 = PCURVE('',#638,#643);
#638 = PLANE('',#639);
#639 = AXIS2_PLACEMENT_3D('',#640,#641,#642);
#640 = CARTESIAN_POINT('',(21.93798828125,29.6796875,5.));
#641 = DIRECTION('',(0.,-1.,0.));
#642 = DIRECTION('',(1.,0.,0.));
#643 = DEFINITIONAL_REPRESENTATION('',(#644),#648);
#644 = LINE('',#645,#646);
#645 = CARTESIAN_POINT('',(0.,0.));
#646 = VECTOR('',#647,1.);
#647 = DIRECTION('',(1.,0.));
#648 = ( GEOMETRIC_REPRESENTATION_CONTEXT(2) 
PARAMETRIC_REPRESENTATION_CONTEXT() REPRESENTATION_CONTEXT('2D SPACE',''
  ) );
#649 = ORIENTED_EDGE('',*,*,#650,.T.);
#650 = EDGE_CURVE('',#623,#651,#653,.T.);
#651 = VERTEX_POINT('',#652);
#652 = CARTESIAN_POINT('',(22.6318359375,29.5,5.));
#653 = SURFACE_CURVE('',#654,(#658,#665),.PCURVE_S1.);
#654 = LINE('',#655,#656);
#655 = CARTESIAN_POINT('',(22.6318359375,29.6796875,5.));
#656 = VECTOR('',#657,1.);
#657 = DIRECTION('',(0.,-1.,0.));
#658 = PCURVE('',#148,#659);
#659 = DEFINITIONAL_REPRESENTATION('',(#660),#664);
#660 = LINE('',#661,#662);
#661 = CARTESIAN_POINT('',(68.6318359375,68.6796875));
#662 = VECTOR('',#663,1.);
#663 = DIRECTION('',(0.,-1.));
#664 = ( GEOMETRIC_REPRESENTATION_CONTEXT(2) 
PARAMETRIC_REPRESENTATION_CONTEXT() REPRESENTATION_CONTEXT('2D SPACE',''
  ) );
#665 = PCURVE('',#666,#671);
#666 = PLANE('',#667);
#667 = AXIS2_PLACEMENT_3D('',#668,#669,#670);
#668 = CARTESIAN_POINT('',(22.6318359375,29.6796875,5.));
#669 = DIRECTION('',(-1.,0.,0.));
#670 = DIRECTION('',(0.,-1.,0.));
#671 = DEFINITIONAL_REPRESENTATION('',(#672),#676);
#672 = LINE('',#673,#674);
#673 = CARTESIAN_POINT('',(0.,0.));
#674 = VECTOR('',#675,1.);
#675 = DIRECTION('',(1.,0.));
#676 = ( GEOMETRIC_REPRESENTATION_CONTEXT(2) 
PARAMETRIC_REPRESENTATION_CONTEXT() REPRESENTATION_CONTEXT('2D SPACE',''
  ) );
#677 = ORIENTED_EDGE('',*,*,#678,.T.);
#678 = EDGE_CURVE('',#651,#679,#681,.T.);
#679 = VERTEX_POINT('',#680);
#680 = CARTESIAN_POINT('',(23.2197265625,29.5,5.));
#681 = SURFACE_CURVE('',#682,(#686,#693),.PCURVE_S1.);
#682 = LINE('',#683,#684);
#683 = CARTESIAN_POINT('',(-21.,29.5,5.));
#684 = VECTOR('',#685,1.);
#685 = DIRECTION('',(1.,0.,0.));
#686 = PCURVE('',#148,#687);
#687 = DEFINITIONAL_REPRESENTATION('',(#688),#692);
#688 = LINE('',#689,#690);
#689 = CARTESIAN_POINT('',(25.,68.5));
#690 = VECTOR('',#691,1.);
#691 = DIRECTION('',(1.,0.));
#692 = ( GEOMETRIC_REPRESENTATION_CONTEXT(2) 
PARAMETRIC_REPRESENTATION_CONTEXT() REPRESENTATION_CONTEXT('2D SPACE',''
  ) );
#693 = PCURVE('',#694,#699);
#694 = PLANE('',#695);
#695 = AXIS2_PLACEMENT_3D('',#696,#697,#698);
#696 = CARTESIAN_POINT('',(-21.,29.5,4.2));
#697 = DIRECTION('',(0.,1.,0.));
#698 = DIRECTION('',(0.,0.,1.));
#699 = DEFINITIONAL_REPRESENTATION('',(#700),#704);
#700 = LINE('',#701,#702);
#701 = CARTESIAN_POINT('',(0.8,0.));
#702 = VECTOR('',#703,1.);
#703 = DIRECTION('',(0.,1.));
#704 = ( GEOMETRIC_REPRESENTATION_CONTEXT(2) 
PARAMETRIC_REPRESENTATION_CONTEXT() REPRESENTATION_CONTEXT('2D SPACE',''
  ) );
#705 = ORIENTED_EDGE('',*,*,#706,.T.);
#706 = EDGE_CURVE('',#679,#707,#709,.T.);
#707 = VERTEX_POINT('',#708);
#708 = CARTESIAN_POINT('',(23.2197265625,29.6796875,5.));
#709 = SURFACE_CURVE('',#710,(#714,#721),.PCURVE_S1.);
#710 = LINE('',#711,#712);
#711 = CARTESIAN_POINT('',(23.2197265625,29.0986328125,5.));
#712 = VECTOR('',#713,1.);
#713 = DIRECTION('',(0.,1.,0.));
#714 = PCURVE('',#148,#715);
#715 = DEFINITIONAL_REPRESENTATION('',(#716),#720);
#716 = LINE('',#717,#718);
#717 = CARTESIAN_POINT('',(69.2197265625,68.0986328125));
#718 = VECTOR('',#719,1.);
#719 = DIRECTION('',(0.,1.));
#720 = ( GEOMETRIC_REPRESENTATION_CONTEXT(2) 
PARAMETRIC_REPRESENTATION_CONTEXT() REPRESENTATION_CONTEXT('2D SPACE',''
  ) );
#721 = PCURVE('',#722,#727);
#722 = PLANE('',#723);
#723 = AXIS2_PLACEMENT_3D('',#724,#725,#726);
#724 = CARTESIAN_POINT('',(23.2197265625,29.0986328125,5.));
#725 = DIRECTION('',(1.,0.,0.));
#726 = DIRECTION('',(0.,1.,0.));
#727 = DEFINITIONAL_REPRESENTATION('',(#728),#732);
#728 = LINE('',#729,#730);
#729 = CARTESIAN_POINT('',(0.,0.));
#730 = VECTOR('',#731,1.);
#731 = DIRECTION('',(1.,0.));
#732 = ( GEOMETRIC_REPRESENTATION_CONTEXT(2) 
PARAMETRIC_REPRESENTATION_CONTEXT() REPRESENTATION_CONTEXT('2D SPACE',''
  ) );
#733 = ORIENTED_EDGE('',*,*,#734,.T.);
#734 = EDGE_CURVE('',#707,#735,#737,.T.);
#735 = VERTEX_POINT('',#736);
#736 = CARTESIAN_POINT('',(27.53662109375,29.6796875,5.));
#737 = SURFACE_CURVE('',#738,(#742,#749),.PCURVE_S1.);
#738 = LINE('',#739,#740);
#739 = CARTESIAN_POINT('',(23.2197265625,29.6796875,5.));
#740 = VECTOR('',#741,1.);
#741 = DIRECTION('',(1.,0.,0.));
#742 = PCURVE('',#148,#743);
#743 = DEFINITIONAL_REPRESENTATION('',(#744),#748);
#744 = LINE('',#745,#746);
#745 = CARTESIAN_POINT('',(69.2197265625,68.6796875));
#746 = VECTOR('',#747,1.);
#747 = DIRECTION('',(1.,0.));
#748 = ( GEOMETRIC_REPRESENTATION_CONTEXT(2) 
PARAMETRIC_REPRESENTATION_CONTEXT() REPRESENTATION_CONTEXT('2D SPACE',''
  ) );
#749 = PCURVE('',#750,#755);
#750 = PLANE('',#751);
#751 = AXIS2_PLACEMENT_3D('',#752,#753,#754);
#752 = CARTESIAN_POINT('',(23.2197265625,29.6796875,5.));
#753 = DIRECTION('',(0.,-1.,0.));
#754 = DIRECTION('',(1.,0.,0.));
#755 = DEFINITIONAL_REPRESENTATION('',(#756),#760);
#756 = LINE('',#757,#758);
#757 = CARTESIAN_POINT('',(0.,0.));
#758 = VECTOR('',#759,1.);
#759 = DIRECTION('',(1.,0.));
#760 = ( GEOMETRIC_REPRESENTATION_CONTEXT(2) 
PARAMETRIC_REPRESENTATION_CONTEXT() REPRESENTATION_CONTEXT('2D SPACE',''
  ) );
#761 = ORIENTED_EDGE('',*,*,#762,.T.);
#762 = EDGE_CURVE('',#735,#763,#765,.T.);
#763 = VERTEX_POINT('',#764);
#764 = CARTESIAN_POINT('',(27.53662109375,29.5,5.));
#765 = SURFACE_CURVE('',#766,(#770,#777),.PCURVE_S1.);
#766 = LINE('',#767,#768);
#767 = CARTESIAN_POINT('',(27.53662109375,29.6796875,5.));
#768 = VECTOR('',#769,1.);
#769 = DIRECTION('',(0.,-1.,0.));
#770 = PCURVE('',#148,#771);
#771 = DEFINITIONAL_REPRESENTATION('',(#772),#776);
#772 = LINE('',#773,#774);
#773 = CARTESIAN_POINT('',(73.53662109375,68.6796875));
#774 = VECTOR('',#775,1.);
#775 = DIRECTION('',(0.,-1.));
#776 = ( GEOMETRIC_REPRESENTATION_CONTEXT(2) 
PARAMETRIC_REPRESENTATION_CONTEXT() REPRESENTATION_CONTEXT('2D SPACE',''
  ) );
#777 = PCURVE('',#778,#783);
#778 = PLANE('',#779);
#779 = AXIS2_PLACEMENT_3D('',#780,#781,#782);
#780 = CARTESIAN_POINT('',(27.53662109375,29.6796875,5.));
#781 = DIRECTION('',(-1.,0.,0.));
#782 = DIRECTION('',(0.,-1.,0.));
#783 = DEFINITIONAL_REPRESENTATION('',(#784),#788);
#784 = LINE('',#785,#786);
#785 = CARTESIAN_POINT('',(0.,0.));
#786 = VECTOR('',#787,1.);
#787 = DIRECTION('',(1.,0.));
#788 = ( GEOMETRIC_REPRESENTATION_CONTEXT(2) 
PARAMETRIC_REPRESENTATION_CONTEXT() REPRESENTATION_CONTEXT('2D SPACE',''
  ) );
#789 = ORIENTED_EDGE('',*,*,#790,.T.);
#790 = EDGE_CURVE('',#763,#240,#791,.T.);
#791 = SURFACE_CURVE('',#792,(#796,#803),.PCURVE_S1.);
#792 = LINE('',#793,#794);
#793 = CARTESIAN_POINT('',(-21.,29.5,5.));
#794 = VECTOR('',#795,1.);
#795 = DIRECTION('',(1.,0.,0.));
#796 = PCURVE('',#148,#797);
#797 = DEFINITIONAL_REPRESENTATION('',(#798),#802);
#798 = LINE('',#799,#800);
#799 = CARTESIAN_POINT('',(25.,68.5));
#800 = VECTOR('',#801,1.);
#801 = DIRECTION('',(1.,0.));
#802 = ( GEOMETRIC_REPRESENTATION_CONTEXT(2) 
PARAMETRIC_REPRESENTATION_CONTEXT() REPRESENTATION_CONTEXT('2D SPACE',''
  ) );
#803 = PCURVE('',#804,#809);
#804 = PLANE('',#805);
#805 = AXIS2_PLACEMENT_3D('',#806,#807,#808);
#806 = CARTESIAN_POINT('',(-21.,29.5,4.2));
#807 = DIRECTION('',(0.,1.,0.));
#808 = DIRECTION('',(0.,0.,1.));
#809 = DEFINITIONAL_REPRESENTATION('',(#810),#814);
#810 = LINE('',#811,#812);
#811 = CARTESIAN_POINT('',(0.8,0.));
#812 = VECTOR('',#813,1.);
#813 = DIRECTION('',(0.,1.));
#814 = ( GEOMETRIC_REPRESENTATION_CONTEXT(2) 
PARAMETRIC_REPRESENTATION_CONTEXT() REPRESENTATION_CONTEXT('2D SPACE',''
  ) );
#815 = FACE_BOUND('',#816,.T.);
#816 = EDGE_LOOP('',(#817,#849,#879,#909,#939,#969,#999,#1029));
#817 = ORIENTED_EDGE('',*,*,#818,.T.);
#818 = EDGE_CURVE('',#819,#821,#823,.T.);
#819 = VERTEX_POINT('',#820);
#820 = CARTESIAN_POINT('',(-42.03930664062,28.905883789062,5.));
#821 = VERTEX_POINT('',#822);
#822 = CARTESIAN_POINT('',(-40.44128417968,29.573974609375,5.));
#823 = SURFACE_CURVE('',#824,(#828,#835),.PCURVE_S1.);
#824 = B_SPLINE_CURVE_WITH_KNOTS('',2,(#825,#826,#827),.UNSPECIFIED.,.F.
  ,.F.,(3,3),(0.,1.),.PIECEWISE_BEZIER_KNOTS.);
#825 = CARTESIAN_POINT('',(-42.03930664062,28.905883789062,5.));
#826 = CARTESIAN_POINT('',(-41.44104003906,29.573974609375,5.));
#827 = CARTESIAN_POINT('',(-40.44128417968,29.573974609375,5.));
#828 = PCURVE('',#148,#829);
#829 = DEFINITIONAL_REPRESENTATION('',(#830),#834);
#830 = B_SPLINE_CURVE_WITH_KNOTS('',2,(#831,#832,#833),.UNSPECIFIED.,.F.
  ,.F.,(3,3),(0.,1.),.PIECEWISE_BEZIER_KNOTS.);
#831 = CARTESIAN_POINT('',(3.960693359375,67.905883789062));
#832 = CARTESIAN_POINT('',(4.558959960938,68.573974609375));
#833 = CARTESIAN_POINT('',(5.558715820312,68.573974609375));
#834 = ( GEOMETRIC_REPRESENTATION_CONTEXT(2) 
PARAMETRIC_REPRESENTATION_CONTEXT() REPRESENTATION_CONTEXT('2D SPACE',''
  ) );
#835 = PCURVE('',#836,#843);
#836 = SURFACE_OF_LINEAR_EXTRUSION('',#837,#841);
#837 = B_SPLINE_CURVE_WITH_KNOTS('',2,(#838,#839,#840),.UNSPECIFIED.,.F.
  ,.F.,(3,3),(0.,1.),.PIECEWISE_BEZIER_KNOTS.);
#838 = CARTESIAN_POINT('',(-42.03930664062,28.905883789062,5.));
#839 = CARTESIAN_POINT('',(-41.44104003906,29.573974609375,5.));
#840 = CARTESIAN_POINT('',(-40.44128417968,29.573974609375,5.));
#841 = VECTOR('',#842,1.);
#842 = DIRECTION('',(0.,0.,1.));
#843 = DEFINITIONAL_REPRESENTATION('',(#844),#848);
#844 = LINE('',#845,#846);
#845 = CARTESIAN_POINT('',(0.,0.));
#846 = VECTOR('',#847,1.);
#847 = DIRECTION('',(1.,0.));
#848 = ( GEOMETRIC_REPRESENTATION_CONTEXT(2) 
PARAMETRIC_REPRESENTATION_CONTEXT() REPRESENTATION_CONTEXT('2D SPACE',''
  ) );
#849 = ORIENTED_EDGE('',*,*,#850,.T.);
#850 = EDGE_CURVE('',#821,#851,#853,.T.);
#851 = VERTEX_POINT('',#852);
#852 = CARTESIAN_POINT('',(-38.84802246093,28.905883789062,5.));
#853 = SURFACE_CURVE('',#854,(#858,#865),.PCURVE_S1.);
#854 = B_SPLINE_CURVE_WITH_KNOTS('',2,(#855,#856,#857),.UNSPECIFIED.,.F.
  ,.F.,(3,3),(0.,1.),.PIECEWISE_BEZIER_KNOTS.);
#855 = CARTESIAN_POINT('',(-40.44128417968,29.573974609375,5.));
#856 = CARTESIAN_POINT('',(-39.44470214843,29.573974609375,5.));
#857 = CARTESIAN_POINT('',(-38.84802246093,28.905883789062,5.));
#858 = PCURVE('',#148,#859);
#859 = DEFINITIONAL_REPRESENTATION('',(#860),#864);
#860 = B_SPLINE_CURVE_WITH_KNOTS('',2,(#861,#862,#863),.UNSPECIFIED.,.F.
  ,.F.,(3,3),(0.,1.),.PIECEWISE_BEZIER_KNOTS.);
#861 = CARTESIAN_POINT('',(5.558715820312,68.573974609375));
#862 = CARTESIAN_POINT('',(6.555297851562,68.573974609375));
#863 = CARTESIAN_POINT('',(7.151977539062,67.905883789062));
#864 = ( GEOMETRIC_REPRESENTATION_CONTEXT(2) 
PARAMETRIC_REPRESENTATION_CONTEXT() REPRESENTATION_CONTEXT('2D SPACE',''
  ) );
#865 = PCURVE('',#866,#873);
#866 = SURFACE_OF_LINEAR_EXTRUSION('',#867,#871);
#867 = B_SPLINE_CURVE_WITH_KNOTS('',2,(#868,#869,#870),.UNSPECIFIED.,.F.
  ,.F.,(3,3),(0.,1.),.PIECEWISE_BEZIER_KNOTS.);
#868 = CARTESIAN_POINT('',(-40.44128417968,29.573974609375,5.));
#869 = CARTESIAN_POINT('',(-39.44470214843,29.573974609375,5.));
#870 = CARTESIAN_POINT('',(-38.84802246093,28.905883789062,5.));
#871 = VECTOR('',#872,1.);
#872 = DIRECTION('',(0.,0.,1.));
#873 = DEFINITIONAL_REPRESENTATION('',(#874),#878);
#874 = LINE('',#875,#876);
#875 = CARTESIAN_POINT('',(0.,0.));
#876 = VECTOR('',#877,1.);
#877 = DIRECTION('',(1.,0.));
#878 = ( GEOMETRIC_REPRESENTATION_CONTEXT(2) 
PARAMETRIC_REPRESENTATION_CONTEXT() REPRESENTATION_CONTEXT('2D SPACE',''
  ) );
#879 = ORIENTED_EDGE('',*,*,#880,.T.);
#880 = EDGE_CURVE('',#851,#881,#883,.T.);
#881 = VERTEX_POINT('',#882);
#882 = CARTESIAN_POINT('',(-38.25134277343,27.1142578125,5.));
#883 = SURFACE_CURVE('',#884,(#888,#895),.PCURVE_S1.);
#884 = B_SPLINE_CURVE_WITH_KNOTS('',2,(#885,#886,#887),.UNSPECIFIED.,.F.
  ,.F.,(3,3),(0.,1.),.PIECEWISE_BEZIER_KNOTS.);
#885 = CARTESIAN_POINT('',(-38.84802246093,28.905883789062,5.));
#886 = CARTESIAN_POINT('',(-38.25134277343,28.23779296875,5.));
#887 = CARTESIAN_POINT('',(-38.25134277343,27.1142578125,5.));
#888 = PCURVE('',#148,#889);
#889 = DEFINITIONAL_REPRESENTATION('',(#890),#894);
#890 = B_SPLINE_CURVE_WITH_KNOTS('',2,(#891,#892,#893),.UNSPECIFIED.,.F.
  ,.F.,(3,3),(0.,1.),.PIECEWISE_BEZIER_KNOTS.);
#891 = CARTESIAN_POINT('',(7.151977539062,67.905883789062));
#892 = CARTESIAN_POINT('',(7.748657226562,67.23779296875));
#893 = CARTESIAN_POINT('',(7.748657226562,66.1142578125));
#894 = ( GEOMETRIC_REPRESENTATION_CONTEXT(2) 
PARAMETRIC_REPRESENTATION_CONTEXT() REPRESENTATION_CONTEXT('2D SPACE',''
  ) );
#895 = PCURVE('',#896,#903);
#896 = SURFACE_OF_LINEAR_EXTRUSION('',#897,#901);
#897 = B_SPLINE_CURVE_WITH_KNOTS('',2,(#898,#899,#900),.UNSPECIFIED.,.F.
  ,.F.,(3,3),(0.,1.),.PIECEWISE_BEZIER_KNOTS.);
#898 = CARTESIAN_POINT('',(-38.84802246093,28.905883789062,5.));
#899 = CARTESIAN_POINT('',(-38.25134277343,28.23779296875,5.));
#900 = CARTESIAN_POINT('',(-38.25134277343,27.1142578125,5.));
#901 = VECTOR('',#902,1.);
#902 = DIRECTION('',(0.,0.,1.));
#903 = DEFINITIONAL_REPRESENTATION('',(#904),#908);
#904 = LINE('',#905,#906);
#905 = CARTESIAN_POINT('',(0.,0.));
#906 = VECTOR('',#907,1.);
#907 = DIRECTION('',(1.,0.));
#908 = ( GEOMETRIC_REPRESENTATION_CONTEXT(2) 
PARAMETRIC_REPRESENTATION_CONTEXT() REPRESENTATION_CONTEXT('2D SPACE',''
  ) );
#909 = ORIENTED_EDGE('',*,*,#910,.T.);
#910 = EDGE_CURVE('',#881,#911,#913,.T.);
#911 = VERTEX_POINT('',#912);
#912 = CARTESIAN_POINT('',(-38.84802246093,25.325805664062,5.));
#913 = SURFACE_CURVE('',#914,(#918,#925),.PCURVE_S1.);
#914 = B_SPLINE_CURVE_WITH_KNOTS('',2,(#915,#916,#917),.UNSPECIFIED.,.F.
  ,.F.,(3,3),(0.,1.),.PIECEWISE_BEZIER_KNOTS.);
#915 = CARTESIAN_POINT('',(-38.25134277343,27.1142578125,5.));
#916 = CARTESIAN_POINT('',(-38.25134277343,25.993896484375,5.));
#917 = CARTESIAN_POINT('',(-38.84802246093,25.325805664062,5.));
#918 = PCURVE('',#148,#919);
#919 = DEFINITIONAL_REPRESENTATION('',(#920),#924);
#920 = B_SPLINE_CURVE_WITH_KNOTS('',2,(#921,#922,#923),.UNSPECIFIED.,.F.
  ,.F.,(3,3),(0.,1.),.PIECEWISE_BEZIER_KNOTS.);
#921 = CARTESIAN_POINT('',(7.748657226562,66.1142578125));
#922 = CARTESIAN_POINT('',(7.748657226562,64.993896484375));
#923 = CARTESIAN_POINT('',(7.151977539062,64.325805664062));
#924 = ( GEOMETRIC_REPRESENTATION_CONTEXT(2) 
PARAMETRIC_REPRESENTATION_CONTEXT() REPRESENTATION_CONTEXT('2D SPACE',''
  ) );
#925 = PCURVE('',#926,#933);
#926 = SURFACE_OF_LINEAR_EXTRUSION('',#927,#931);
#927 = B_SPLINE_CURVE_WITH_KNOTS('',2,(#928,#929,#930),.UNSPECIFIED.,.F.
  ,.F.,(3,3),(0.,1.),.PIECEWISE_BEZIER_KNOTS.);
#928 = CARTESIAN_POINT('',(-38.25134277343,27.1142578125,5.));
#929 = CARTESIAN_POINT('',(-38.25134277343,25.993896484375,5.));
#930 = CARTESIAN_POINT('',(-38.84802246093,25.325805664062,5.));
#931 = VECTOR('',#932,1.);
#932 = DIRECTION('',(0.,0.,1.));
#933 = DEFINITIONAL_REPRESENTATION('',(#934),#938);
#934 = LINE('',#935,#936);
#935 = CARTESIAN_POINT('',(0.,0.));
#936 = VECTOR('',#937,1.);
#937 = DIRECTION('',(1.,0.));
#938 = ( GEOMETRIC_REPRESENTATION_CONTEXT(2) 
PARAMETRIC_REPRESENTATION_CONTEXT() REPRESENTATION_CONTEXT('2D SPACE',''
  ) );
#939 = ORIENTED_EDGE('',*,*,#940,.T.);
#940 = EDGE_CURVE('',#911,#941,#943,.T.);
#941 = VERTEX_POINT('',#942);
#942 = CARTESIAN_POINT('',(-40.44128417968,24.65771484375,5.));
#943 = SURFACE_CURVE('',#944,(#948,#955),.PCURVE_S1.);
#944 = B_SPLINE_CURVE_WITH_KNOTS('',2,(#945,#946,#947),.UNSPECIFIED.,.F.
  ,.F.,(3,3),(0.,1.),.PIECEWISE_BEZIER_KNOTS.);
#945 = CARTESIAN_POINT('',(-38.84802246093,25.325805664062,5.));
#946 = CARTESIAN_POINT('',(-39.44470214843,24.65771484375,5.));
#947 = CARTESIAN_POINT('',(-40.44128417968,24.65771484375,5.));
#948 = PCURVE('',#148,#949);
#949 = DEFINITIONAL_REPRESENTATION('',(#950),#954);
#950 = B_SPLINE_CURVE_WITH_KNOTS('',2,(#951,#952,#953),.UNSPECIFIED.,.F.
  ,.F.,(3,3),(0.,1.),.PIECEWISE_BEZIER_KNOTS.);
#951 = CARTESIAN_POINT('',(7.151977539062,64.325805664062));
#952 = CARTESIAN_POINT('',(6.555297851562,63.65771484375));
#953 = CARTESIAN_POINT('',(5.558715820312,63.65771484375));
#954 = ( GEOMETRIC_REPRESENTATION_CONTEXT(2) 
PARAMETRIC_REPRESENTATION_CONTEXT() REPRESENTATION_CONTEXT('2D SPACE',''
  ) );
#955 = PCURVE('',#956,#963);
#956 = SURFACE_OF_LINEAR_EXTRUSION('',#957,#961);
#957 = B_SPLINE_CURVE_WITH_KNOTS('',2,(#958,#959,#960),.UNSPECIFIED.,.F.
  ,.F.,(3,3),(0.,1.),.PIECEWISE_BEZIER_KNOTS.);
#958 = CARTESIAN_POINT('',(-38.84802246093,25.325805664062,5.));
#959 = CARTESIAN_POINT('',(-39.44470214843,24.65771484375,5.));
#960 = CARTESIAN_POINT('',(-40.44128417968,24.65771484375,5.));
#961 = VECTOR('',#962,1.);
#962 = DIRECTION('',(0.,0.,1.));
#963 = DEFINITIONAL_REPRESENTATION('',(#964),#968);
#964 = LINE('',#965,#966);
#965 = CARTESIAN_POINT('',(0.,0.));
#966 = VECTOR('',#967,1.);
#967 = DIRECTION('',(1.,0.));
#968 = ( GEOMETRIC_REPRESENTATION_CONTEXT(2) 
PARAMETRIC_REPRESENTATION_CONTEXT() REPRESENTATION_CONTEXT('2D SPACE',''
  ) );
#969 = ORIENTED_EDGE('',*,*,#970,.T.);
#970 = EDGE_CURVE('',#941,#971,#973,.T.);
#971 = VERTEX_POINT('',#972);
#972 = CARTESIAN_POINT('',(-42.03930664062,25.32421875,5.));
#973 = SURFACE_CURVE('',#974,(#978,#985),.PCURVE_S1.);
#974 = B_SPLINE_CURVE_WITH_KNOTS('',2,(#975,#976,#977),.UNSPECIFIED.,.F.
  ,.F.,(3,3),(0.,1.),.PIECEWISE_BEZIER_KNOTS.);
#975 = CARTESIAN_POINT('',(-40.44128417968,24.65771484375,5.));
#976 = CARTESIAN_POINT('',(-41.44104003906,24.65771484375,5.));
#977 = CARTESIAN_POINT('',(-42.03930664062,25.32421875,5.));
#978 = PCURVE('',#148,#979);
#979 = DEFINITIONAL_REPRESENTATION('',(#980),#984);
#980 = B_SPLINE_CURVE_WITH_KNOTS('',2,(#981,#982,#983),.UNSPECIFIED.,.F.
  ,.F.,(3,3),(0.,1.),.PIECEWISE_BEZIER_KNOTS.);
#981 = CARTESIAN_POINT('',(5.558715820312,63.65771484375));
#982 = CARTESIAN_POINT('',(4.558959960938,63.65771484375));
#983 = CARTESIAN_POINT('',(3.960693359375,64.32421875));
#984 = ( GEOMETRIC_REPRESENTATION_CONTEXT(2) 
PARAMETRIC_REPRESENTATION_CONTEXT() REPRESENTATION_CONTEXT('2D SPACE',''
  ) );
#985 = PCURVE('',#986,#993);
#986 = SURFACE_OF_LINEAR_EXTRUSION('',#987,#991);
#987 = B_SPLINE_CURVE_WITH_KNOTS('',2,(#988,#989,#990),.UNSPECIFIED.,.F.
  ,.F.,(3,3),(0.,1.),.PIECEWISE_BEZIER_KNOTS.);
#988 = CARTESIAN_POINT('',(-40.44128417968,24.65771484375,5.));
#989 = CARTESIAN_POINT('',(-41.44104003906,24.65771484375,5.));
#990 = CARTESIAN_POINT('',(-42.03930664062,25.32421875,5.));
#991 = VECTOR('',#992,1.);
#992 = DIRECTION('',(0.,0.,1.));
#993 = DEFINITIONAL_REPRESENTATION('',(#994),#998);
#994 = LINE('',#995,#996);
#995 = CARTESIAN_POINT('',(0.,0.));
#996 = VECTOR('',#997,1.);
#997 = DIRECTION('',(1.,0.));
#998 = ( GEOMETRIC_REPRESENTATION_CONTEXT(2) 
PARAMETRIC_REPRESENTATION_CONTEXT() REPRESENTATION_CONTEXT('2D SPACE',''
  ) );
#999 = ORIENTED_EDGE('',*,*,#1000,.T.);
#1000 = EDGE_CURVE('',#971,#1001,#1003,.T.);
#1001 = VERTEX_POINT('',#1002);
#1002 = CARTESIAN_POINT('',(-42.63757324218,27.1142578125,5.));
#1003 = SURFACE_CURVE('',#1004,(#1008,#1015),.PCURVE_S1.);
#1004 = B_SPLINE_CURVE_WITH_KNOTS('',2,(#1005,#1006,#1007),
  .UNSPECIFIED.,.F.,.F.,(3,3),(0.,1.),.PIECEWISE_BEZIER_KNOTS.);
#1005 = CARTESIAN_POINT('',(-42.03930664062,25.32421875,5.));
#1006 = CARTESIAN_POINT('',(-42.63757324218,25.99072265625,5.));
#1007 = CARTESIAN_POINT('',(-42.63757324218,27.1142578125,5.));
#1008 = PCURVE('',#148,#1009);
#1009 = DEFINITIONAL_REPRESENTATION('',(#1010),#1014);
#1010 = B_SPLINE_CURVE_WITH_KNOTS('',2,(#1011,#1012,#1013),
  .UNSPECIFIED.,.F.,.F.,(3,3),(0.,1.),.PIECEWISE_BEZIER_KNOTS.);
#1011 = CARTESIAN_POINT('',(3.960693359375,64.32421875));
#1012 = CARTESIAN_POINT('',(3.362426757812,64.99072265625));
#1013 = CARTESIAN_POINT('',(3.362426757812,66.1142578125));
#1014 = ( GEOMETRIC_REPRESENTATION_CONTEXT(2) 
PARAMETRIC_REPRESENTATION_CONTEXT() REPRESENTATION_CONTEXT('2D SPACE',''
  ) );
#1015 = PCURVE('',#1016,#1023);
#1016 = SURFACE_OF_LINEAR_EXTRUSION('',#1017,#1021);
#1017 = B_SPLINE_CURVE_WITH_KNOTS('',2,(#1018,#1019,#1020),
  .UNSPECIFIED.,.F.,.F.,(3,3),(0.,1.),.PIECEWISE_BEZIER_KNOTS.);
#1018 = CARTESIAN_POINT('',(-42.03930664062,25.32421875,5.));
#1019 = CARTESIAN_POINT('',(-42.63757324218,25.99072265625,5.));
#1020 = CARTESIAN_POINT('',(-42.63757324218,27.1142578125,5.));
#1021 = VECTOR('',#1022,1.);
#1022 = DIRECTION('',(0.,0.,1.));
#1023 = DEFINITIONAL_REPRESENTATION('',(#1024),#1028);
#1024 = LINE('',#1025,#1026);
#1025 = CARTESIAN_POINT('',(0.,0.));
#1026 = VECTOR('',#1027,1.);
#1027 = DIRECTION('',(1.,0.));
#1028 = ( GEOMETRIC_REPRESENTATION_CONTEXT(2) 
PARAMETRIC_REPRESENTATION_CONTEXT() REPRESENTATION_CONTEXT('2D SPACE',''
  ) );
#1029 = ORIENTED_EDGE('',*,*,#1030,.T.);
#1030 = EDGE_CURVE('',#1001,#819,#1031,.T.);
#1031 = SURFACE_CURVE('',#1032,(#1036,#1043),.PCURVE_S1.);
#1032 = B_SPLINE_CURVE_WITH_KNOTS('',2,(#1033,#1034,#1035),
  .UNSPECIFIED.,.F.,.F.,(3,3),(0.,1.),.PIECEWISE_BEZIER_KNOTS.);
#1033 = CARTESIAN_POINT('',(-42.63757324218,27.1142578125,5.));
#1034 = CARTESIAN_POINT('',(-42.63757324218,28.23779296875,5.));
#1035 = CARTESIAN_POINT('',(-42.03930664062,28.905883789062,5.));
#1036 = PCURVE('',#148,#1037);
#1037 = DEFINITIONAL_REPRESENTATION('',(#1038),#1042);
#1038 = B_SPLINE_CURVE_WITH_KNOTS('',2,(#1039,#1040,#1041),
  .UNSPECIFIED.,.F.,.F.,(3,3),(0.,1.),.PIECEWISE_BEZIER_KNOTS.);
#1039 = CARTESIAN_POINT('',(3.362426757812,66.1142578125));
#1040 = CARTESIAN_POINT('',(3.362426757812,67.23779296875));
#1041 = CARTESIAN_POINT('',(3.960693359375,67.905883789062));
#1042 = ( GEOMETRIC_REPRESENTATION_CONTEXT(2) 
PARAMETRIC_REPRESENTATION_CONTEXT() REPRESENTATION_CONTEXT('2D SPACE',''
  ) );
#1043 = PCURVE('',#1044,#1051);
#1044 = SURFACE_OF_LINEAR_EXTRUSION('',#1045,#1049);
#1045 = B_SPLINE_CURVE_WITH_KNOTS('',2,(#1046,#1047,#1048),
  .UNSPECIFIED.,.F.,.F.,(3,3),(0.,1.),.PIECEWISE_BEZIER_KNOTS.);
#1046 = CARTESIAN_POINT('',(-42.63757324218,27.1142578125,5.));
#1047 = CARTESIAN_POINT('',(-42.63757324218,28.23779296875,5.));
#1048 = CARTESIAN_POINT('',(-42.03930664062,28.905883789062,5.));
#1049 = VECTOR('',#1050,1.);
#1050 = DIRECTION('',(0.,0.,1.));
#1051 = DEFINITIONAL_REPRESENTATION('',(#1052),#1056);
#1052 = LINE('',#1053,#1054);
#1053 = CARTESIAN_POINT('',(0.,0.));
#1054 = VECTOR('',#1055,1.);
#1055 = DIRECTION('',(1.,0.));
#1056 = ( GEOMETRIC_REPRESENTATION_CONTEXT(2) 
PARAMETRIC_REPRESENTATION_CONTEXT() REPRESENTATION_CONTEXT('2D SPACE',''
  ) );
#1057 = FACE_BOUND('',#1058,.T.);
#1058 = EDGE_LOOP('',(#1059,#1089,#1117,#1145,#1175,#1205,#1235,#1265,
    #1293));
#1059 = ORIENTED_EDGE('',*,*,#1060,.T.);
#1060 = EDGE_CURVE('',#1061,#1063,#1065,.T.);
#1061 = VERTEX_POINT('',#1062);
#1062 = CARTESIAN_POINT('',(-36.60729980468,24.749755859375,5.));
#1063 = VERTEX_POINT('',#1064);
#1064 = CARTESIAN_POINT('',(-37.24841308593,24.749755859375,5.));
#1065 = SURFACE_CURVE('',#1066,(#1070,#1077),.PCURVE_S1.);
#1066 = LINE('',#1067,#1068);
#1067 = CARTESIAN_POINT('',(-36.60729980468,24.749755859375,5.));
#1068 = VECTOR('',#1069,1.);
#1069 = DIRECTION('',(-1.,0.,0.));
#1070 = PCURVE('',#148,#1071);
#1071 = DEFINITIONAL_REPRESENTATION('',(#1072),#1076);
#1072 = LINE('',#1073,#1074);
#1073 = CARTESIAN_POINT('',(9.392700195312,63.749755859375));
#1074 = VECTOR('',#1075,1.);
#1075 = DIRECTION('',(-1.,0.));
#1076 = ( GEOMETRIC_REPRESENTATION_CONTEXT(2) 
PARAMETRIC_REPRESENTATION_CONTEXT() REPRESENTATION_CONTEXT('2D SPACE',''
  ) );
#1077 = PCURVE('',#1078,#1083);
#1078 = PLANE('',#1079);
#1079 = AXIS2_PLACEMENT_3D('',#1080,#1081,#1082);
#1080 = CARTESIAN_POINT('',(-36.60729980468,24.749755859375,5.));
#1081 = DIRECTION('',(0.,1.,0.));
#1082 = DIRECTION('',(-1.,0.,0.));
#1083 = DEFINITIONAL_REPRESENTATION('',(#1084),#1088);
#1084 = LINE('',#1085,#1086);
#1085 = CARTESIAN_POINT('',(0.,0.));
#1086 = VECTOR('',#1087,1.);
#1087 = DIRECTION('',(1.,0.));
#1088 = ( GEOMETRIC_REPRESENTATION_CONTEXT(2) 
PARAMETRIC_REPRESENTATION_CONTEXT() REPRESENTATION_CONTEXT('2D SPACE',''
  ) );
#1089 = ORIENTED_EDGE('',*,*,#1090,.T.);
#1090 = EDGE_CURVE('',#1063,#1091,#1093,.T.);
#1091 = VERTEX_POINT('',#1092);
#1092 = CARTESIAN_POINT('',(-37.24841308593,29.48828125,5.));
#1093 = SURFACE_CURVE('',#1094,(#1098,#1105),.PCURVE_S1.);
#1094 = LINE('',#1095,#1096);
#1095 = CARTESIAN_POINT('',(-37.24841308593,24.749755859375,5.));
#1096 = VECTOR('',#1097,1.);
#1097 = DIRECTION('',(0.,1.,0.));
#1098 = PCURVE('',#148,#1099);
#1099 = DEFINITIONAL_REPRESENTATION('',(#1100),#1104);
#1100 = LINE('',#1101,#1102);
#1101 = CARTESIAN_POINT('',(8.751586914062,63.749755859375));
#1102 = VECTOR('',#1103,1.);
#1103 = DIRECTION('',(0.,1.));
#1104 = ( GEOMETRIC_REPRESENTATION_CONTEXT(2) 
PARAMETRIC_REPRESENTATION_CONTEXT() REPRESENTATION_CONTEXT('2D SPACE',''
  ) );
#1105 = PCURVE('',#1106,#1111);
#1106 = PLANE('',#1107);
#1107 = AXIS2_PLACEMENT_3D('',#1108,#1109,#1110);
#1108 = CARTESIAN_POINT('',(-37.24841308593,24.749755859375,5.));
#1109 = DIRECTION('',(1.,0.,0.));
#1110 = DIRECTION('',(0.,1.,0.));
#1111 = DEFINITIONAL_REPRESENTATION('',(#1112),#1116);
#1112 = LINE('',#1113,#1114);
#1113 = CARTESIAN_POINT('',(0.,0.));
#1114 = VECTOR('',#1115,1.);
#1115 = DIRECTION('',(1.,0.));
#1116 = ( GEOMETRIC_REPRESENTATION_CONTEXT(2) 
PARAMETRIC_REPRESENTATION_CONTEXT() REPRESENTATION_CONTEXT('2D SPACE',''
  ) );
#1117 = ORIENTED_EDGE('',*,*,#1118,.T.);
#1118 = EDGE_CURVE('',#1091,#1119,#1121,.T.);
#1119 = VERTEX_POINT('',#1120);
#1120 = CARTESIAN_POINT('',(-35.80114746093,29.48828125,5.));
#1121 = SURFACE_CURVE('',#1122,(#1126,#1133),.PCURVE_S1.);
#1122 = LINE('',#1123,#1124);
#1123 = CARTESIAN_POINT('',(-37.24841308593,29.48828125,5.));
#1124 = VECTOR('',#1125,1.);
#1125 = DIRECTION('',(1.,0.,0.));
#1126 = PCURVE('',#148,#1127);
#1127 = DEFINITIONAL_REPRESENTATION('',(#1128),#1132);
#1128 = LINE('',#1129,#1130);
#1129 = CARTESIAN_POINT('',(8.751586914062,68.48828125));
#1130 = VECTOR('',#1131,1.);
#1131 = DIRECTION('',(1.,0.));
#1132 = ( GEOMETRIC_REPRESENTATION_CONTEXT(2) 
PARAMETRIC_REPRESENTATION_CONTEXT() REPRESENTATION_CONTEXT('2D SPACE',''
  ) );
#1133 = PCURVE('',#1134,#1139);
#1134 = PLANE('',#1135);
#1135 = AXIS2_PLACEMENT_3D('',#1136,#1137,#1138);
#1136 = CARTESIAN_POINT('',(-37.24841308593,29.48828125,5.));
#1137 = DIRECTION('',(0.,-1.,0.));
#1138 = DIRECTION('',(1.,0.,0.));
#1139 = DEFINITIONAL_REPRESENTATION('',(#1140),#1144);
#1140 = LINE('',#1141,#1142);
#1141 = CARTESIAN_POINT('',(0.,0.));
#1142 = VECTOR('',#1143,1.);
#1143 = DIRECTION('',(1.,0.));
#1144 = ( GEOMETRIC_REPRESENTATION_CONTEXT(2) 
PARAMETRIC_REPRESENTATION_CONTEXT() REPRESENTATION_CONTEXT('2D SPACE',''
  ) );
#1145 = ORIENTED_EDGE('',*,*,#1146,.T.);
#1146 = EDGE_CURVE('',#1119,#1147,#1149,.T.);
#1147 = VERTEX_POINT('',#1148);
#1148 = CARTESIAN_POINT('',(-34.5966796875,29.128051757812,5.));
#1149 = SURFACE_CURVE('',#1150,(#1154,#1161),.PCURVE_S1.);
#1150 = B_SPLINE_CURVE_WITH_KNOTS('',2,(#1151,#1152,#1153),
  .UNSPECIFIED.,.F.,.F.,(3,3),(0.,1.),.PIECEWISE_BEZIER_KNOTS.);
#1151 = CARTESIAN_POINT('',(-35.80114746093,29.48828125,5.));
#1152 = CARTESIAN_POINT('',(-35.00451660156,29.48828125,5.));
#1153 = CARTESIAN_POINT('',(-34.5966796875,29.128051757812,5.));
#1154 = PCURVE('',#148,#1155);
#1155 = DEFINITIONAL_REPRESENTATION('',(#1156),#1160);
#1156 = B_SPLINE_CURVE_WITH_KNOTS('',2,(#1157,#1158,#1159),
  .UNSPECIFIED.,.F.,.F.,(3,3),(0.,1.),.PIECEWISE_BEZIER_KNOTS.);
#1157 = CARTESIAN_POINT('',(10.198852539062,68.48828125));
#1158 = CARTESIAN_POINT('',(10.995483398438,68.48828125));
#1159 = CARTESIAN_POINT('',(11.4033203125,68.128051757812));
#1160 = ( GEOMETRIC_REPRESENTATION_CONTEXT(2) 
PARAMETRIC_REPRESENTATION_CONTEXT() REPRESENTATION_CONTEXT('2D SPACE',''
  ) );
#1161 = PCURVE('',#1162,#1169);
#1162 = SURFACE_OF_LINEAR_EXTRUSION('',#1163,#1167);
#1163 = B_SPLINE_CURVE_WITH_KNOTS('',2,(#1164,#1165,#1166),
  .UNSPECIFIED.,.F.,.F.,(3,3),(0.,1.),.PIECEWISE_BEZIER_KNOTS.);
#1164 = CARTESIAN_POINT('',(-35.80114746093,29.48828125,5.));
#1165 = CARTESIAN_POINT('',(-35.00451660156,29.48828125,5.));
#1166 = CARTESIAN_POINT('',(-34.5966796875,29.128051757812,5.));
#1167 = VECTOR('',#1168,1.);
#1168 = DIRECTION('',(0.,0.,1.));
#1169 = DEFINITIONAL_REPRESENTATION('',(#1170),#1174);
#1170 = LINE('',#1171,#1172);
#1171 = CARTESIAN_POINT('',(0.,0.));
#1172 = VECTOR('',#1173,1.);
#1173 = DIRECTION('',(1.,0.));
#1174 = ( GEOMETRIC_REPRESENTATION_CONTEXT(2) 
PARAMETRIC_REPRESENTATION_CONTEXT() REPRESENTATION_CONTEXT('2D SPACE',''
  ) );
#1175 = ORIENTED_EDGE('',*,*,#1176,.T.);
#1176 = EDGE_CURVE('',#1147,#1177,#1179,.T.);
#1177 = VERTEX_POINT('',#1178);
#1178 = CARTESIAN_POINT('',(-34.18884277343,28.07275390625,5.));
#1179 = SURFACE_CURVE('',#1180,(#1184,#1191),.PCURVE_S1.);
#1180 = B_SPLINE_CURVE_WITH_KNOTS('',2,(#1181,#1182,#1183),
  .UNSPECIFIED.,.F.,.F.,(3,3),(0.,1.),.PIECEWISE_BEZIER_KNOTS.);
#1181 = CARTESIAN_POINT('',(-34.5966796875,29.128051757812,5.));
#1182 = CARTESIAN_POINT('',(-34.18884277343,28.767822265625,5.));
#1183 = CARTESIAN_POINT('',(-34.18884277343,28.07275390625,5.));
#1184 = PCURVE('',#148,#1185);
#1185 = DEFINITIONAL_REPRESENTATION('',(#1186),#1190);
#1186 = B_SPLINE_CURVE_WITH_KNOTS('',2,(#1187,#1188,#1189),
  .UNSPECIFIED.,.F.,.F.,(3,3),(0.,1.),.PIECEWISE_BEZIER_KNOTS.);
#1187 = CARTESIAN_POINT('',(11.4033203125,68.128051757812));
#1188 = CARTESIAN_POINT('',(11.811157226562,67.767822265625));
#1189 = CARTESIAN_POINT('',(11.811157226562,67.07275390625));
#1190 = ( GEOMETRIC_REPRESENTATION_CONTEXT(2) 
PARAMETRIC_REPRESENTATION_CONTEXT() REPRESENTATION_CONTEXT('2D SPACE',''
  ) );
#1191 = PCURVE('',#1192,#1199);
#1192 = SURFACE_OF_LINEAR_EXTRUSION('',#1193,#1197);
#1193 = B_SPLINE_CURVE_WITH_KNOTS('',2,(#1194,#1195,#1196),
  .UNSPECIFIED.,.F.,.F.,(3,3),(0.,1.),.PIECEWISE_BEZIER_KNOTS.);
#1194 = CARTESIAN_POINT('',(-34.5966796875,29.128051757812,5.));
#1195 = CARTESIAN_POINT('',(-34.18884277343,28.767822265625,5.));
#1196 = CARTESIAN_POINT('',(-34.18884277343,28.07275390625,5.));
#1197 = VECTOR('',#1198,1.);
#1198 = DIRECTION('',(0.,0.,1.));
#1199 = DEFINITIONAL_REPRESENTATION('',(#1200),#1204);
#1200 = LINE('',#1201,#1202);
#1201 = CARTESIAN_POINT('',(0.,0.));
#1202 = VECTOR('',#1203,1.);
#1203 = DIRECTION('',(1.,0.));
#1204 = ( GEOMETRIC_REPRESENTATION_CONTEXT(2) 
PARAMETRIC_REPRESENTATION_CONTEXT() REPRESENTATION_CONTEXT('2D SPACE',''
  ) );
#1205 = ORIENTED_EDGE('',*,*,#1206,.T.);
#1206 = EDGE_CURVE('',#1177,#1207,#1209,.T.);
#1207 = VERTEX_POINT('',#1208);
#1208 = CARTESIAN_POINT('',(-34.5966796875,27.0126953125,5.));
#1209 = SURFACE_CURVE('',#1210,(#1214,#1221),.PCURVE_S1.);
#1210 = B_SPLINE_CURVE_WITH_KNOTS('',2,(#1211,#1212,#1213),
  .UNSPECIFIED.,.F.,.F.,(3,3),(0.,1.),.PIECEWISE_BEZIER_KNOTS.);
#1211 = CARTESIAN_POINT('',(-34.18884277343,28.07275390625,5.));
#1212 = CARTESIAN_POINT('',(-34.18884277343,27.371337890625,5.));
#1213 = CARTESIAN_POINT('',(-34.5966796875,27.0126953125,5.));
#1214 = PCURVE('',#148,#1215);
#1215 = DEFINITIONAL_REPRESENTATION('',(#1216),#1220);
#1216 = B_SPLINE_CURVE_WITH_KNOTS('',2,(#1217,#1218,#1219),
  .UNSPECIFIED.,.F.,.F.,(3,3),(0.,1.),.PIECEWISE_BEZIER_KNOTS.);
#1217 = CARTESIAN_POINT('',(11.811157226562,67.07275390625));
#1218 = CARTESIAN_POINT('',(11.811157226562,66.371337890625));
#1219 = CARTESIAN_POINT('',(11.4033203125,66.0126953125));
#1220 = ( GEOMETRIC_REPRESENTATION_CONTEXT(2) 
PARAMETRIC_REPRESENTATION_CONTEXT() REPRESENTATION_CONTEXT('2D SPACE',''
  ) );
#1221 = PCURVE('',#1222,#1229);
#1222 = SURFACE_OF_LINEAR_EXTRUSION('',#1223,#1227);
#1223 = B_SPLINE_CURVE_WITH_KNOTS('',2,(#1224,#1225,#1226),
  .UNSPECIFIED.,.F.,.F.,(3,3),(0.,1.),.PIECEWISE_BEZIER_KNOTS.);
#1224 = CARTESIAN_POINT('',(-34.18884277343,28.07275390625,5.));
#1225 = CARTESIAN_POINT('',(-34.18884277343,27.371337890625,5.));
#1226 = CARTESIAN_POINT('',(-34.5966796875,27.0126953125,5.));
#1227 = VECTOR('',#1228,1.);
#1228 = DIRECTION('',(0.,0.,1.));
#1229 = DEFINITIONAL_REPRESENTATION('',(#1230),#1234);
#1230 = LINE('',#1231,#1232);
#1231 = CARTESIAN_POINT('',(0.,0.));
#1232 = VECTOR('',#1233,1.);
#1233 = DIRECTION('',(1.,0.));
#1234 = ( GEOMETRIC_REPRESENTATION_CONTEXT(2) 
PARAMETRIC_REPRESENTATION_CONTEXT() REPRESENTATION_CONTEXT('2D SPACE',''
  ) );
#1235 = ORIENTED_EDGE('',*,*,#1236,.T.);
#1236 = EDGE_CURVE('',#1207,#1237,#1239,.T.);
#1237 = VERTEX_POINT('',#1238);
#1238 = CARTESIAN_POINT('',(-35.80114746093,26.654052734375,5.));
#1239 = SURFACE_CURVE('',#1240,(#1244,#1251),.PCURVE_S1.);
#1240 = B_SPLINE_CURVE_WITH_KNOTS('',2,(#1241,#1242,#1243),
  .UNSPECIFIED.,.F.,.F.,(3,3),(0.,1.),.PIECEWISE_BEZIER_KNOTS.);
#1241 = CARTESIAN_POINT('',(-34.5966796875,27.0126953125,5.));
#1242 = CARTESIAN_POINT('',(-35.00451660156,26.654052734375,5.));
#1243 = CARTESIAN_POINT('',(-35.80114746093,26.654052734375,5.));
#1244 = PCURVE('',#148,#1245);
#1245 = DEFINITIONAL_REPRESENTATION('',(#1246),#1250);
#1246 = B_SPLINE_CURVE_WITH_KNOTS('',2,(#1247,#1248,#1249),
  .UNSPECIFIED.,.F.,.F.,(3,3),(0.,1.),.PIECEWISE_BEZIER_KNOTS.);
#1247 = CARTESIAN_POINT('',(11.4033203125,66.0126953125));
#1248 = CARTESIAN_POINT('',(10.995483398438,65.654052734375));
#1249 = CARTESIAN_POINT('',(10.198852539062,65.654052734375));
#1250 = ( GEOMETRIC_REPRESENTATION_CONTEXT(2) 
PARAMETRIC_REPRESENTATION_CONTEXT() REPRESENTATION_CONTEXT('2D SPACE',''
  ) );
#1251 = PCURVE('',#1252,#1259);
#1252 = SURFACE_OF_LINEAR_EXTRUSION('',#1253,#1257);
#1253 = B_SPLINE_CURVE_WITH_KNOTS('',2,(#1254,#1255,#1256),
  .UNSPECIFIED.,.F.,.F.,(3,3),(0.,1.),.PIECEWISE_BEZIER_KNOTS.);
#1254 = CARTESIAN_POINT('',(-34.5966796875,27.0126953125,5.));
#1255 = CARTESIAN_POINT('',(-35.00451660156,26.654052734375,5.));
#1256 = CARTESIAN_POINT('',(-35.80114746093,26.654052734375,5.));
#1257 = VECTOR('',#1258,1.);
#1258 = DIRECTION('',(0.,0.,1.));
#1259 = DEFINITIONAL_REPRESENTATION('',(#1260),#1264);
#1260 = LINE('',#1261,#1262);
#1261 = CARTESIAN_POINT('',(0.,0.));
#1262 = VECTOR('',#1263,1.);
#1263 = DIRECTION('',(1.,0.));
#1264 = ( GEOMETRIC_REPRESENTATION_CONTEXT(2) 
PARAMETRIC_REPRESENTATION_CONTEXT() REPRESENTATION_CONTEXT('2D SPACE',''
  ) );
#1265 = ORIENTED_EDGE('',*,*,#1266,.T.);
#1266 = EDGE_CURVE('',#1237,#1267,#1269,.T.);
#1267 = VERTEX_POINT('',#1268);
#1268 = CARTESIAN_POINT('',(-36.60729980468,26.654052734375,5.));
#1269 = SURFACE_CURVE('',#1270,(#1274,#1281),.PCURVE_S1.);
#1270 = LINE('',#1271,#1272);
#1271 = CARTESIAN_POINT('',(-35.80114746093,26.654052734375,5.));
#1272 = VECTOR('',#1273,1.);
#1273 = DIRECTION('',(-1.,0.,0.));
#1274 = PCURVE('',#148,#1275);
#1275 = DEFINITIONAL_REPRESENTATION('',(#1276),#1280);
#1276 = LINE('',#1277,#1278);
#1277 = CARTESIAN_POINT('',(10.198852539062,65.654052734375));
#1278 = VECTOR('',#1279,1.);
#1279 = DIRECTION('',(-1.,0.));
#1280 = ( GEOMETRIC_REPRESENTATION_CONTEXT(2) 
PARAMETRIC_REPRESENTATION_CONTEXT() REPRESENTATION_CONTEXT('2D SPACE',''
  ) );
#1281 = PCURVE('',#1282,#1287);
#1282 = PLANE('',#1283);
#1283 = AXIS2_PLACEMENT_3D('',#1284,#1285,#1286);
#1284 = CARTESIAN_POINT('',(-35.80114746093,26.654052734375,5.));
#1285 = DIRECTION('',(0.,1.,0.));
#1286 = DIRECTION('',(-1.,0.,0.));
#1287 = DEFINITIONAL_REPRESENTATION('',(#1288),#1292);
#1288 = LINE('',#1289,#1290);
#1289 = CARTESIAN_POINT('',(0.,0.));
#1290 = VECTOR('',#1291,1.);
#1291 = DIRECTION('',(1.,0.));
#1292 = ( GEOMETRIC_REPRESENTATION_CONTEXT(2) 
PARAMETRIC_REPRESENTATION_CONTEXT() REPRESENTATION_CONTEXT('2D SPACE',''
  ) );
#1293 = ORIENTED_EDGE('',*,*,#1294,.T.);
#1294 = EDGE_CURVE('',#1267,#1061,#1295,.T.);
#1295 = SURFACE_CURVE('',#1296,(#1300,#1307),.PCURVE_S1.);
#1296 = LINE('',#1297,#1298);
#1297 = CARTESIAN_POINT('',(-36.60729980468,26.654052734375,5.));
#1298 = VECTOR('',#1299,1.);
#1299 = DIRECTION('',(0.,-1.,0.));
#1300 = PCURVE('',#148,#1301);
#1301 = DEFINITIONAL_REPRESENTATION('',(#1302),#1306);
#1302 = LINE('',#1303,#1304);
#1303 = CARTESIAN_POINT('',(9.392700195312,65.654052734375));
#1304 = VECTOR('',#1305,1.);
#1305 = DIRECTION('',(0.,-1.));
#1306 = ( GEOMETRIC_REPRESENTATION_CONTEXT(2) 
PARAMETRIC_REPRESENTATION_CONTEXT() REPRESENTATION_CONTEXT('2D SPACE',''
  ) );
#1307 = PCURVE('',#1308,#1313);
#1308 = PLANE('',#1309);
#1309 = AXIS2_PLACEMENT_3D('',#1310,#1311,#1312);
#1310 = CARTESIAN_POINT('',(-36.60729980468,26.654052734375,5.));
#1311 = DIRECTION('',(-1.,0.,0.));
#1312 = DIRECTION('',(0.,-1.,0.));
#1313 = DEFINITIONAL_REPRESENTATION('',(#1314),#1318);
#1314 = LINE('',#1315,#1316);
#1315 = CARTESIAN_POINT('',(0.,0.));
#1316 = VECTOR('',#1317,1.);
#1317 = DIRECTION('',(1.,0.));
#1318 = ( GEOMETRIC_REPRESENTATION_CONTEXT(2) 
PARAMETRIC_REPRESENTATION_CONTEXT() REPRESENTATION_CONTEXT('2D SPACE',''
  ) );
#1319 = FACE_BOUND('',#1320,.T.);
#1320 = EDGE_LOOP('',(#1321,#1351,#1379,#1407,#1435,#1463,#1491,#1519,
    #1547,#1575,#1603,#1631));
#1321 = ORIENTED_EDGE('',*,*,#1322,.T.);
#1322 = EDGE_CURVE('',#1323,#1325,#1327,.T.);
#1323 = VERTEX_POINT('',#1324);
#1324 = CARTESIAN_POINT('',(-30.27551269531,24.749755859375,5.));
#1325 = VERTEX_POINT('',#1326);
#1326 = CARTESIAN_POINT('',(-33.32873535156,24.749755859375,5.));
#1327 = SURFACE_CURVE('',#1328,(#1332,#1339),.PCURVE_S1.);
#1328 = LINE('',#1329,#1330);
#1329 = CARTESIAN_POINT('',(-30.27551269531,24.749755859375,5.));
#1330 = VECTOR('',#1331,1.);
#1331 = DIRECTION('',(-1.,0.,0.));
#1332 = PCURVE('',#148,#1333);
#1333 = DEFINITIONAL_REPRESENTATION('',(#1334),#1338);
#1334 = LINE('',#1335,#1336);
#1335 = CARTESIAN_POINT('',(15.724487304688,63.749755859375));
#1336 = VECTOR('',#1337,1.);
#1337 = DIRECTION('',(-1.,0.));
#1338 = ( GEOMETRIC_REPRESENTATION_CONTEXT(2) 
PARAMETRIC_REPRESENTATION_CONTEXT() REPRESENTATION_CONTEXT('2D SPACE',''
  ) );
#1339 = PCURVE('',#1340,#1345);
#1340 = PLANE('',#1341);
#1341 = AXIS2_PLACEMENT_3D('',#1342,#1343,#1344);
#1342 = CARTESIAN_POINT('',(-30.27551269531,24.749755859375,5.));
#1343 = DIRECTION('',(0.,1.,0.));
#1344 = DIRECTION('',(-1.,0.,0.));
#1345 = DEFINITIONAL_REPRESENTATION('',(#1346),#1350);
#1346 = LINE('',#1347,#1348);
#1347 = CARTESIAN_POINT('',(0.,0.));
#1348 = VECTOR('',#1349,1.);
#1349 = DIRECTION('',(1.,0.));
#1350 = ( GEOMETRIC_REPRESENTATION_CONTEXT(2) 
PARAMETRIC_REPRESENTATION_CONTEXT() REPRESENTATION_CONTEXT('2D SPACE',''
  ) );
#1351 = ORIENTED_EDGE('',*,*,#1352,.T.);
#1352 = EDGE_CURVE('',#1325,#1353,#1355,.T.);
#1353 = VERTEX_POINT('',#1354);
#1354 = CARTESIAN_POINT('',(-33.32873535156,29.48828125,5.));
#1355 = SURFACE_CURVE('',#1356,(#1360,#1367),.PCURVE_S1.);
#1356 = LINE('',#1357,#1358);
#1357 = CARTESIAN_POINT('',(-33.32873535156,24.749755859375,5.));
#1358 = VECTOR('',#1359,1.);
#1359 = DIRECTION('',(0.,1.,0.));
#1360 = PCURVE('',#148,#1361);
#1361 = DEFINITIONAL_REPRESENTATION('',(#1362),#1366);
#1362 = LINE('',#1363,#1364);
#1363 = CARTESIAN_POINT('',(12.671264648438,63.749755859375));
#1364 = VECTOR('',#1365,1.);
#1365 = DIRECTION('',(0.,1.));
#1366 = ( GEOMETRIC_REPRESENTATION_CONTEXT(2) 
PARAMETRIC_REPRESENTATION_CONTEXT() REPRESENTATION_CONTEXT('2D SPACE',''
  ) );
#1367 = PCURVE('',#1368,#1373);
#1368 = PLANE('',#1369);
#1369 = AXIS2_PLACEMENT_3D('',#1370,#1371,#1372);
#1370 = CARTESIAN_POINT('',(-33.32873535156,24.749755859375,5.));
#1371 = DIRECTION('',(1.,0.,0.));
#1372 = DIRECTION('',(0.,1.,0.));
#1373 = DEFINITIONAL_REPRESENTATION('',(#1374),#1378);
#1374 = LINE('',#1375,#1376);
#1375 = CARTESIAN_POINT('',(0.,0.));
#1376 = VECTOR('',#1377,1.);
#1377 = DIRECTION('',(1.,0.));
#1378 = ( GEOMETRIC_REPRESENTATION_CONTEXT(2) 
PARAMETRIC_REPRESENTATION_CONTEXT() REPRESENTATION_CONTEXT('2D SPACE',''
  ) );
#1379 = ORIENTED_EDGE('',*,*,#1380,.T.);
#1380 = EDGE_CURVE('',#1353,#1381,#1383,.T.);
#1381 = VERTEX_POINT('',#1382);
#1382 = CARTESIAN_POINT('',(-30.33264160156,29.48828125,5.));
#1383 = SURFACE_CURVE('',#1384,(#1388,#1395),.PCURVE_S1.);
#1384 = LINE('',#1385,#1386);
#1385 = CARTESIAN_POINT('',(-33.32873535156,29.48828125,5.));
#1386 = VECTOR('',#1387,1.);
#1387 = DIRECTION('',(1.,0.,0.));
#1388 = PCURVE('',#148,#1389);
#1389 = DEFINITIONAL_REPRESENTATION('',(#1390),#1394);
#1390 = LINE('',#1391,#1392);
#1391 = CARTESIAN_POINT('',(12.671264648438,68.48828125));
#1392 = VECTOR('',#1393,1.);
#1393 = DIRECTION('',(1.,0.));
#1394 = ( GEOMETRIC_REPRESENTATION_CONTEXT(2) 
PARAMETRIC_REPRESENTATION_CONTEXT() REPRESENTATION_CONTEXT('2D SPACE',''
  ) );
#1395 = PCURVE('',#1396,#1401);
#1396 = PLANE('',#1397);
#1397 = AXIS2_PLACEMENT_3D('',#1398,#1399,#1400);
#1398 = CARTESIAN_POINT('',(-33.32873535156,29.48828125,5.));
#1399 = DIRECTION('',(0.,-1.,0.));
#1400 = DIRECTION('',(1.,0.,0.));
#1401 = DEFINITIONAL_REPRESENTATION('',(#1402),#1406);
#1402 = LINE('',#1403,#1404);
#1403 = CARTESIAN_POINT('',(0.,0.));
#1404 = VECTOR('',#1405,1.);
#1405 = DIRECTION('',(1.,0.));
#1406 = ( GEOMETRIC_REPRESENTATION_CONTEXT(2) 
PARAMETRIC_REPRESENTATION_CONTEXT() REPRESENTATION_CONTEXT('2D SPACE',''
  ) );
#1407 = ORIENTED_EDGE('',*,*,#1408,.T.);
#1408 = EDGE_CURVE('',#1381,#1409,#1411,.T.);
#1409 = VERTEX_POINT('',#1410);
#1410 = CARTESIAN_POINT('',(-30.33264160156,28.94873046875,5.));
#1411 = SURFACE_CURVE('',#1412,(#1416,#1423),.PCURVE_S1.);
#1412 = LINE('',#1413,#1414);
#1413 = CARTESIAN_POINT('',(-30.33264160156,29.48828125,5.));
#1414 = VECTOR('',#1415,1.);
#1415 = DIRECTION('',(0.,-1.,0.));
#1416 = PCURVE('',#148,#1417);
#1417 = DEFINITIONAL_REPRESENTATION('',(#1418),#1422);
#1418 = LINE('',#1419,#1420);
#1419 = CARTESIAN_POINT('',(15.667358398438,68.48828125));
#1420 = VECTOR('',#1421,1.);
#1421 = DIRECTION('',(0.,-1.));
#1422 = ( GEOMETRIC_REPRESENTATION_CONTEXT(2) 
PARAMETRIC_REPRESENTATION_CONTEXT() REPRESENTATION_CONTEXT('2D SPACE',''
  ) );
#1423 = PCURVE('',#1424,#1429);
#1424 = PLANE('',#1425);
#1425 = AXIS2_PLACEMENT_3D('',#1426,#1427,#1428);
#1426 = CARTESIAN_POINT('',(-30.33264160156,29.48828125,5.));
#1427 = DIRECTION('',(-1.,0.,0.));
#1428 = DIRECTION('',(0.,-1.,0.));
#1429 = DEFINITIONAL_REPRESENTATION('',(#1430),#1434);
#1430 = LINE('',#1431,#1432);
#1431 = CARTESIAN_POINT('',(0.,0.));
#1432 = VECTOR('',#1433,1.);
#1433 = DIRECTION('',(1.,0.));
#1434 = ( GEOMETRIC_REPRESENTATION_CONTEXT(2) 
PARAMETRIC_REPRESENTATION_CONTEXT() REPRESENTATION_CONTEXT('2D SPACE',''
  ) );
#1435 = ORIENTED_EDGE('',*,*,#1436,.T.);
#1436 = EDGE_CURVE('',#1409,#1437,#1439,.T.);
#1437 = VERTEX_POINT('',#1438);
#1438 = CARTESIAN_POINT('',(-32.68762207031,28.94873046875,5.));
#1439 = SURFACE_CURVE('',#1440,(#1444,#1451),.PCURVE_S1.);
#1440 = LINE('',#1441,#1442);
#1441 = CARTESIAN_POINT('',(-30.33264160156,28.94873046875,5.));
#1442 = VECTOR('',#1443,1.);
#1443 = DIRECTION('',(-1.,0.,0.));
#1444 = PCURVE('',#148,#1445);
#1445 = DEFINITIONAL_REPRESENTATION('',(#1446),#1450);
#1446 = LINE('',#1447,#1448);
#1447 = CARTESIAN_POINT('',(15.667358398438,67.94873046875));
#1448 = VECTOR('',#1449,1.);
#1449 = DIRECTION('',(-1.,0.));
#1450 = ( GEOMETRIC_REPRESENTATION_CONTEXT(2) 
PARAMETRIC_REPRESENTATION_CONTEXT() REPRESENTATION_CONTEXT('2D SPACE',''
  ) );
#1451 = PCURVE('',#1452,#1457);
#1452 = PLANE('',#1453);
#1453 = AXIS2_PLACEMENT_3D('',#1454,#1455,#1456);
#1454 = CARTESIAN_POINT('',(-30.33264160156,28.94873046875,5.));
#1455 = DIRECTION('',(0.,1.,0.));
#1456 = DIRECTION('',(-1.,0.,0.));
#1457 = DEFINITIONAL_REPRESENTATION('',(#1458),#1462);
#1458 = LINE('',#1459,#1460);
#1459 = CARTESIAN_POINT('',(0.,0.));
#1460 = VECTOR('',#1461,1.);
#1461 = DIRECTION('',(1.,0.));
#1462 = ( GEOMETRIC_REPRESENTATION_CONTEXT(2) 
PARAMETRIC_REPRESENTATION_CONTEXT() REPRESENTATION_CONTEXT('2D SPACE',''
  ) );
#1463 = ORIENTED_EDGE('',*,*,#1464,.T.);
#1464 = EDGE_CURVE('',#1437,#1465,#1467,.T.);
#1465 = VERTEX_POINT('',#1466);
#1466 = CARTESIAN_POINT('',(-32.68762207031,27.5458984375,5.));
#1467 = SURFACE_CURVE('',#1468,(#1472,#1479),.PCURVE_S1.);
#1468 = LINE('',#1469,#1470);
#1469 = CARTESIAN_POINT('',(-32.68762207031,28.94873046875,5.));
#1470 = VECTOR('',#1471,1.);
#1471 = DIRECTION('',(0.,-1.,0.));
#1472 = PCURVE('',#148,#1473);
#1473 = DEFINITIONAL_REPRESENTATION('',(#1474),#1478);
#1474 = LINE('',#1475,#1476);
#1475 = CARTESIAN_POINT('',(13.312377929688,67.94873046875));
#1476 = VECTOR('',#1477,1.);
#1477 = DIRECTION('',(0.,-1.));
#1478 = ( GEOMETRIC_REPRESENTATION_CONTEXT(2) 
PARAMETRIC_REPRESENTATION_CONTEXT() REPRESENTATION_CONTEXT('2D SPACE',''
  ) );
#1479 = PCURVE('',#1480,#1485);
#1480 = PLANE('',#1481);
#1481 = AXIS2_PLACEMENT_3D('',#1482,#1483,#1484);
#1482 = CARTESIAN_POINT('',(-32.68762207031,28.94873046875,5.));
#1483 = DIRECTION('',(-1.,0.,0.));
#1484 = DIRECTION('',(0.,-1.,0.));
#1485 = DEFINITIONAL_REPRESENTATION('',(#1486),#1490);
#1486 = LINE('',#1487,#1488);
#1487 = CARTESIAN_POINT('',(0.,0.));
#1488 = VECTOR('',#1489,1.);
#1489 = DIRECTION('',(1.,0.));
#1490 = ( GEOMETRIC_REPRESENTATION_CONTEXT(2) 
PARAMETRIC_REPRESENTATION_CONTEXT() REPRESENTATION_CONTEXT('2D SPACE',''
  ) );
#1491 = ORIENTED_EDGE('',*,*,#1492,.T.);
#1492 = EDGE_CURVE('',#1465,#1493,#1495,.T.);
#1493 = VERTEX_POINT('',#1494);
#1494 = CARTESIAN_POINT('',(-30.43103027343,27.5458984375,5.));
#1495 = SURFACE_CURVE('',#1496,(#1500,#1507),.PCURVE_S1.);
#1496 = LINE('',#1497,#1498);
#1497 = CARTESIAN_POINT('',(-32.68762207031,27.5458984375,5.));
#1498 = VECTOR('',#1499,1.);
#1499 = DIRECTION('',(1.,0.,0.));
#1500 = PCURVE('',#148,#1501);
#1501 = DEFINITIONAL_REPRESENTATION('',(#1502),#1506);
#1502 = LINE('',#1503,#1504);
#1503 = CARTESIAN_POINT('',(13.312377929688,66.5458984375));
#1504 = VECTOR('',#1505,1.);
#1505 = DIRECTION('',(1.,0.));
#1506 = ( GEOMETRIC_REPRESENTATION_CONTEXT(2) 
PARAMETRIC_REPRESENTATION_CONTEXT() REPRESENTATION_CONTEXT('2D SPACE',''
  ) );
#1507 = PCURVE('',#1508,#1513);
#1508 = PLANE('',#1509);
#1509 = AXIS2_PLACEMENT_3D('',#1510,#1511,#1512);
#1510 = CARTESIAN_POINT('',(-32.68762207031,27.5458984375,5.));
#1511 = DIRECTION('',(0.,-1.,0.));
#1512 = DIRECTION('',(1.,0.,0.));
#1513 = DEFINITIONAL_REPRESENTATION('',(#1514),#1518);
#1514 = LINE('',#1515,#1516);
#1515 = CARTESIAN_POINT('',(0.,0.));
#1516 = VECTOR('',#1517,1.);
#1517 = DIRECTION('',(1.,0.));
#1518 = ( GEOMETRIC_REPRESENTATION_CONTEXT(2) 
PARAMETRIC_REPRESENTATION_CONTEXT() REPRESENTATION_CONTEXT('2D SPACE',''
  ) );
#1519 = ORIENTED_EDGE('',*,*,#1520,.T.);
#1520 = EDGE_CURVE('',#1493,#1521,#1523,.T.);
#1521 = VERTEX_POINT('',#1522);
#1522 = CARTESIAN_POINT('',(-30.43103027343,27.00634765625,5.));
#1523 = SURFACE_CURVE('',#1524,(#1528,#1535),.PCURVE_S1.);
#1524 = LINE('',#1525,#1526);
#1525 = CARTESIAN_POINT('',(-30.43103027343,27.5458984375,5.));
#1526 = VECTOR('',#1527,1.);
#1527 = DIRECTION('',(0.,-1.,0.));
#1528 = PCURVE('',#148,#1529);
#1529 = DEFINITIONAL_REPRESENTATION('',(#1530),#1534);
#1530 = LINE('',#1531,#1532);
#1531 = CARTESIAN_POINT('',(15.568969726562,66.5458984375));
#1532 = VECTOR('',#1533,1.);
#1533 = DIRECTION('',(0.,-1.));
#1534 = ( GEOMETRIC_REPRESENTATION_CONTEXT(2) 
PARAMETRIC_REPRESENTATION_CONTEXT() REPRESENTATION_CONTEXT('2D SPACE',''
  ) );
#1535 = PCURVE('',#1536,#1541);
#1536 = PLANE('',#1537);
#1537 = AXIS2_PLACEMENT_3D('',#1538,#1539,#1540);
#1538 = CARTESIAN_POINT('',(-30.43103027343,27.5458984375,5.));
#1539 = DIRECTION('',(-1.,0.,0.));
#1540 = DIRECTION('',(0.,-1.,0.));
#1541 = DEFINITIONAL_REPRESENTATION('',(#1542),#1546);
#1542 = LINE('',#1543,#1544);
#1543 = CARTESIAN_POINT('',(0.,0.));
#1544 = VECTOR('',#1545,1.);
#1545 = DIRECTION('',(1.,0.));
#1546 = ( GEOMETRIC_REPRESENTATION_CONTEXT(2) 
PARAMETRIC_REPRESENTATION_CONTEXT() REPRESENTATION_CONTEXT('2D SPACE',''
  ) );
#1547 = ORIENTED_EDGE('',*,*,#1548,.T.);
#1548 = EDGE_CURVE('',#1521,#1549,#1551,.T.);
#1549 = VERTEX_POINT('',#1550);
#1550 = CARTESIAN_POINT('',(-32.68762207031,27.00634765625,5.));
#1551 = SURFACE_CURVE('',#1552,(#1556,#1563),.PCURVE_S1.);
#1552 = LINE('',#1553,#1554);
#1553 = CARTESIAN_POINT('',(-30.43103027343,27.00634765625,5.));
#1554 = VECTOR('',#1555,1.);
#1555 = DIRECTION('',(-1.,0.,0.));
#1556 = PCURVE('',#148,#1557);
#1557 = DEFINITIONAL_REPRESENTATION('',(#1558),#1562);
#1558 = LINE('',#1559,#1560);
#1559 = CARTESIAN_POINT('',(15.568969726562,66.00634765625));
#1560 = VECTOR('',#1561,1.);
#1561 = DIRECTION('',(-1.,0.));
#1562 = ( GEOMETRIC_REPRESENTATION_CONTEXT(2) 
PARAMETRIC_REPRESENTATION_CONTEXT() REPRESENTATION_CONTEXT('2D SPACE',''
  ) );
#1563 = PCURVE('',#1564,#1569);
#1564 = PLANE('',#1565);
#1565 = AXIS2_PLACEMENT_3D('',#1566,#1567,#1568);
#1566 = CARTESIAN_POINT('',(-30.43103027343,27.00634765625,5.));
#1567 = DIRECTION('',(0.,1.,0.));
#1568 = DIRECTION('',(-1.,0.,0.));
#1569 = DEFINITIONAL_REPRESENTATION('',(#1570),#1574);
#1570 = LINE('',#1571,#1572);
#1571 = CARTESIAN_POINT('',(0.,0.));
#1572 = VECTOR('',#1573,1.);
#1573 = DIRECTION('',(1.,0.));
#1574 = ( GEOMETRIC_REPRESENTATION_CONTEXT(2) 
PARAMETRIC_REPRESENTATION_CONTEXT() REPRESENTATION_CONTEXT('2D SPACE',''
  ) );
#1575 = ORIENTED_EDGE('',*,*,#1576,.T.);
#1576 = EDGE_CURVE('',#1549,#1577,#1579,.T.);
#1577 = VERTEX_POINT('',#1578);
#1578 = CARTESIAN_POINT('',(-32.68762207031,25.289306640625,5.));
#1579 = SURFACE_CURVE('',#1580,(#1584,#1591),.PCURVE_S1.);
#1580 = LINE('',#1581,#1582);
#1581 = CARTESIAN_POINT('',(-32.68762207031,27.00634765625,5.));
#1582 = VECTOR('',#1583,1.);
#1583 = DIRECTION('',(0.,-1.,0.));
#1584 = PCURVE('',#148,#1585);
#1585 = DEFINITIONAL_REPRESENTATION('',(#1586),#1590);
#1586 = LINE('',#1587,#1588);
#1587 = CARTESIAN_POINT('',(13.312377929688,66.00634765625));
#1588 = VECTOR('',#1589,1.);
#1589 = DIRECTION('',(0.,-1.));
#1590 = ( GEOMETRIC_REPRESENTATION_CONTEXT(2) 
PARAMETRIC_REPRESENTATION_CONTEXT() REPRESENTATION_CONTEXT('2D SPACE',''
  ) );
#1591 = PCURVE('',#1592,#1597);
#1592 = PLANE('',#1593);
#1593 = AXIS2_PLACEMENT_3D('',#1594,#1595,#1596);
#1594 = CARTESIAN_POINT('',(-32.68762207031,27.00634765625,5.));
#1595 = DIRECTION('',(-1.,0.,0.));
#1596 = DIRECTION('',(0.,-1.,0.));
#1597 = DEFINITIONAL_REPRESENTATION('',(#1598),#1602);
#1598 = LINE('',#1599,#1600);
#1599 = CARTESIAN_POINT('',(0.,0.));
#1600 = VECTOR('',#1601,1.);
#1601 = DIRECTION('',(1.,0.));
#1602 = ( GEOMETRIC_REPRESENTATION_CONTEXT(2) 
PARAMETRIC_REPRESENTATION_CONTEXT() REPRESENTATION_CONTEXT('2D SPACE',''
  ) );
#1603 = ORIENTED_EDGE('',*,*,#1604,.T.);
#1604 = EDGE_CURVE('',#1577,#1605,#1607,.T.);
#1605 = VERTEX_POINT('',#1606);
#1606 = CARTESIAN_POINT('',(-30.27551269531,25.289306640625,5.));
#1607 = SURFACE_CURVE('',#1608,(#1612,#1619),.PCURVE_S1.);
#1608 = LINE('',#1609,#1610);
#1609 = CARTESIAN_POINT('',(-32.68762207031,25.289306640625,5.));
#1610 = VECTOR('',#1611,1.);
#1611 = DIRECTION('',(1.,0.,0.));
#1612 = PCURVE('',#148,#1613);
#1613 = DEFINITIONAL_REPRESENTATION('',(#1614),#1618);
#1614 = LINE('',#1615,#1616);
#1615 = CARTESIAN_POINT('',(13.312377929688,64.289306640625));
#1616 = VECTOR('',#1617,1.);
#1617 = DIRECTION('',(1.,0.));
#1618 = ( GEOMETRIC_REPRESENTATION_CONTEXT(2) 
PARAMETRIC_REPRESENTATION_CONTEXT() REPRESENTATION_CONTEXT('2D SPACE',''
  ) );
#1619 = PCURVE('',#1620,#1625);
#1620 = PLANE('',#1621);
#1621 = AXIS2_PLACEMENT_3D('',#1622,#1623,#1624);
#1622 = CARTESIAN_POINT('',(-32.68762207031,25.289306640625,5.));
#1623 = DIRECTION('',(0.,-1.,0.));
#1624 = DIRECTION('',(1.,0.,0.));
#1625 = DEFINITIONAL_REPRESENTATION('',(#1626),#1630);
#1626 = LINE('',#1627,#1628);
#1627 = CARTESIAN_POINT('',(0.,0.));
#1628 = VECTOR('',#1629,1.);
#1629 = DIRECTION('',(1.,0.));
#1630 = ( GEOMETRIC_REPRESENTATION_CONTEXT(2) 
PARAMETRIC_REPRESENTATION_CONTEXT() REPRESENTATION_CONTEXT('2D SPACE',''
  ) );
#1631 = ORIENTED_EDGE('',*,*,#1632,.T.);
#1632 = EDGE_CURVE('',#1605,#1323,#1633,.T.);
#1633 = SURFACE_CURVE('',#1634,(#1638,#1645),.PCURVE_S1.);
#1634 = LINE('',#1635,#1636);
#1635 = CARTESIAN_POINT('',(-30.27551269531,25.289306640625,5.));
#1636 = VECTOR('',#1637,1.);
#1637 = DIRECTION('',(0.,-1.,0.));
#1638 = PCURVE('',#148,#1639);
#1639 = DEFINITIONAL_REPRESENTATION('',(#1640),#1644);
#1640 = LINE('',#1641,#1642);
#1641 = CARTESIAN_POINT('',(15.724487304688,64.289306640625));
#1642 = VECTOR('',#1643,1.);
#1643 = DIRECTION('',(0.,-1.));
#1644 = ( GEOMETRIC_REPRESENTATION_CONTEXT(2) 
PARAMETRIC_REPRESENTATION_CONTEXT() REPRESENTATION_CONTEXT('2D SPACE',''
  ) );
#1645 = PCURVE('',#1646,#1651);
#1646 = PLANE('',#1647);
#1647 = AXIS2_PLACEMENT_3D('',#1648,#1649,#1650);
#1648 = CARTESIAN_POINT('',(-30.27551269531,25.289306640625,5.));
#1649 = DIRECTION('',(-1.,0.,0.));
#1650 = DIRECTION('',(0.,-1.,0.));
#1651 = DEFINITIONAL_REPRESENTATION('',(#1652),#1656);
#1652 = LINE('',#1653,#1654);
#1653 = CARTESIAN_POINT('',(0.,0.));
#1654 = VECTOR('',#1655,1.);
#1655 = DIRECTION('',(1.,0.));
#1656 = ( GEOMETRIC_REPRESENTATION_CONTEXT(2) 
PARAMETRIC_REPRESENTATION_CONTEXT() REPRESENTATION_CONTEXT('2D SPACE',''
  ) );
#1657 = FACE_BOUND('',#1658,.T.);
#1658 = EDGE_LOOP('',(#1659,#1689,#1717,#1745,#1773,#1801,#1829,#1857,
    #1885,#1913));
#1659 = ORIENTED_EDGE('',*,*,#1660,.T.);
#1660 = EDGE_CURVE('',#1661,#1663,#1665,.T.);
#1661 = VERTEX_POINT('',#1662);
#1662 = CARTESIAN_POINT('',(-28.59973144531,24.749755859375,5.));
#1663 = VERTEX_POINT('',#1664);
#1664 = CARTESIAN_POINT('',(-29.22180175781,24.749755859375,5.));
#1665 = SURFACE_CURVE('',#1666,(#1670,#1677),.PCURVE_S1.);
#1666 = LINE('',#1667,#1668);
#1667 = CARTESIAN_POINT('',(-28.59973144531,24.749755859375,5.));
#1668 = VECTOR('',#1669,1.);
#1669 = DIRECTION('',(-1.,0.,0.));
#1670 = PCURVE('',#148,#1671);
#1671 = DEFINITIONAL_REPRESENTATION('',(#1672),#1676);
#1672 = LINE('',#1673,#1674);
#1673 = CARTESIAN_POINT('',(17.400268554688,63.749755859375));
#1674 = VECTOR('',#1675,1.);
#1675 = DIRECTION('',(-1.,0.));
#1676 = ( GEOMETRIC_REPRESENTATION_CONTEXT(2) 
PARAMETRIC_REPRESENTATION_CONTEXT() REPRESENTATION_CONTEXT('2D SPACE',''
  ) );
#1677 = PCURVE('',#1678,#1683);
#1678 = PLANE('',#1679);
#1679 = AXIS2_PLACEMENT_3D('',#1680,#1681,#1682);
#1680 = CARTESIAN_POINT('',(-28.59973144531,24.749755859375,5.));
#1681 = DIRECTION('',(0.,1.,0.));
#1682 = DIRECTION('',(-1.,0.,0.));
#1683 = DEFINITIONAL_REPRESENTATION('',(#1684),#1688);
#1684 = LINE('',#1685,#1686);
#1685 = CARTESIAN_POINT('',(0.,0.));
#1686 = VECTOR('',#1687,1.);
#1687 = DIRECTION('',(1.,0.));
#1688 = ( GEOMETRIC_REPRESENTATION_CONTEXT(2) 
PARAMETRIC_REPRESENTATION_CONTEXT() REPRESENTATION_CONTEXT('2D SPACE',''
  ) );
#1689 = ORIENTED_EDGE('',*,*,#1690,.T.);
#1690 = EDGE_CURVE('',#1663,#1691,#1693,.T.);
#1691 = VERTEX_POINT('',#1692);
#1692 = CARTESIAN_POINT('',(-29.22180175781,29.48828125,5.));
#1693 = SURFACE_CURVE('',#1694,(#1698,#1705),.PCURVE_S1.);
#1694 = LINE('',#1695,#1696);
#1695 = CARTESIAN_POINT('',(-29.22180175781,24.749755859375,5.));
#1696 = VECTOR('',#1697,1.);
#1697 = DIRECTION('',(0.,1.,0.));
#1698 = PCURVE('',#148,#1699);
#1699 = DEFINITIONAL_REPRESENTATION('',(#1700),#1704);
#1700 = LINE('',#1701,#1702);
#1701 = CARTESIAN_POINT('',(16.778198242188,63.749755859375));
#1702 = VECTOR('',#1703,1.);
#1703 = DIRECTION('',(0.,1.));
#1704 = ( GEOMETRIC_REPRESENTATION_CONTEXT(2) 
PARAMETRIC_REPRESENTATION_CONTEXT() REPRESENTATION_CONTEXT('2D SPACE',''
  ) );
#1705 = PCURVE('',#1706,#1711);
#1706 = PLANE('',#1707);
#1707 = AXIS2_PLACEMENT_3D('',#1708,#1709,#1710);
#1708 = CARTESIAN_POINT('',(-29.22180175781,24.749755859375,5.));
#1709 = DIRECTION('',(1.,0.,0.));
#1710 = DIRECTION('',(0.,1.,0.));
#1711 = DEFINITIONAL_REPRESENTATION('',(#1712),#1716);
#1712 = LINE('',#1713,#1714);
#1713 = CARTESIAN_POINT('',(0.,0.));
#1714 = VECTOR('',#1715,1.);
#1715 = DIRECTION('',(1.,0.));
#1716 = ( GEOMETRIC_REPRESENTATION_CONTEXT(2) 
PARAMETRIC_REPRESENTATION_CONTEXT() REPRESENTATION_CONTEXT('2D SPACE',''
  ) );
#1717 = ORIENTED_EDGE('',*,*,#1718,.T.);
#1718 = EDGE_CURVE('',#1691,#1719,#1721,.T.);
#1719 = VERTEX_POINT('',#1720);
#1720 = CARTESIAN_POINT('',(-28.35852050781,29.48828125,5.));
#1721 = SURFACE_CURVE('',#1722,(#1726,#1733),.PCURVE_S1.);
#1722 = LINE('',#1723,#1724);
#1723 = CARTESIAN_POINT('',(-29.22180175781,29.48828125,5.));
#1724 = VECTOR('',#1725,1.);
#1725 = DIRECTION('',(1.,0.,0.));
#1726 = PCURVE('',#148,#1727);
#1727 = DEFINITIONAL_REPRESENTATION('',(#1728),#1732);
#1728 = LINE('',#1729,#1730);
#1729 = CARTESIAN_POINT('',(16.778198242188,68.48828125));
#1730 = VECTOR('',#1731,1.);
#1731 = DIRECTION('',(1.,0.));
#1732 = ( GEOMETRIC_REPRESENTATION_CONTEXT(2) 
PARAMETRIC_REPRESENTATION_CONTEXT() REPRESENTATION_CONTEXT('2D SPACE',''
  ) );
#1733 = PCURVE('',#1734,#1739);
#1734 = PLANE('',#1735);
#1735 = AXIS2_PLACEMENT_3D('',#1736,#1737,#1738);
#1736 = CARTESIAN_POINT('',(-29.22180175781,29.48828125,5.));
#1737 = DIRECTION('',(0.,-1.,0.));
#1738 = DIRECTION('',(1.,0.,0.));
#1739 = DEFINITIONAL_REPRESENTATION('',(#1740),#1744);
#1740 = LINE('',#1741,#1742);
#1741 = CARTESIAN_POINT('',(0.,0.));
#1742 = VECTOR('',#1743,1.);
#1743 = DIRECTION('',(1.,0.));
#1744 = ( GEOMETRIC_REPRESENTATION_CONTEXT(2) 
PARAMETRIC_REPRESENTATION_CONTEXT() REPRESENTATION_CONTEXT('2D SPACE',''
  ) );
#1745 = ORIENTED_EDGE('',*,*,#1746,.T.);
#1746 = EDGE_CURVE('',#1719,#1747,#1749,.T.);
#1747 = VERTEX_POINT('',#1748);
#1748 = CARTESIAN_POINT('',(-26.25744628906,25.524169921875,5.));
#1749 = SURFACE_CURVE('',#1750,(#1754,#1761),.PCURVE_S1.);
#1750 = LINE('',#1751,#1752);
#1751 = CARTESIAN_POINT('',(-28.35852050781,29.48828125,5.));
#1752 = VECTOR('',#1753,1.);
#1753 = DIRECTION('',(0.468310205343,-0.88356411854,0.));
#1754 = PCURVE('',#148,#1755);
#1755 = DEFINITIONAL_REPRESENTATION('',(#1756),#1760);
#1756 = LINE('',#1757,#1758);
#1757 = CARTESIAN_POINT('',(17.641479492188,68.48828125));
#1758 = VECTOR('',#1759,1.);
#1759 = DIRECTION('',(0.468310205343,-0.88356411854));
#1760 = ( GEOMETRIC_REPRESENTATION_CONTEXT(2) 
PARAMETRIC_REPRESENTATION_CONTEXT() REPRESENTATION_CONTEXT('2D SPACE',''
  ) );
#1761 = PCURVE('',#1762,#1767);
#1762 = PLANE('',#1763);
#1763 = AXIS2_PLACEMENT_3D('',#1764,#1765,#1766);
#1764 = CARTESIAN_POINT('',(-28.35852050781,29.48828125,5.));
#1765 = DIRECTION('',(-0.88356411854,-0.468310205343,0.));
#1766 = DIRECTION('',(0.468310205343,-0.88356411854,0.));
#1767 = DEFINITIONAL_REPRESENTATION('',(#1768),#1772);
#1768 = LINE('',#1769,#1770);
#1769 = CARTESIAN_POINT('',(0.,0.));
#1770 = VECTOR('',#1771,1.);
#1771 = DIRECTION('',(1.,0.));
#1772 = ( GEOMETRIC_REPRESENTATION_CONTEXT(2) 
PARAMETRIC_REPRESENTATION_CONTEXT() REPRESENTATION_CONTEXT('2D SPACE',''
  ) );
#1773 = ORIENTED_EDGE('',*,*,#1774,.T.);
#1774 = EDGE_CURVE('',#1747,#1775,#1777,.T.);
#1775 = VERTEX_POINT('',#1776);
#1776 = CARTESIAN_POINT('',(-26.25744628906,29.48828125,5.));
#1777 = SURFACE_CURVE('',#1778,(#1782,#1789),.PCURVE_S1.);
#1778 = LINE('',#1779,#1780);
#1779 = CARTESIAN_POINT('',(-26.25744628906,25.524169921875,5.));
#1780 = VECTOR('',#1781,1.);
#1781 = DIRECTION('',(0.,1.,0.));
#1782 = PCURVE('',#148,#1783);
#1783 = DEFINITIONAL_REPRESENTATION('',(#1784),#1788);
#1784 = LINE('',#1785,#1786);
#1785 = CARTESIAN_POINT('',(19.742553710938,64.524169921875));
#1786 = VECTOR('',#1787,1.);
#1787 = DIRECTION('',(0.,1.));
#1788 = ( GEOMETRIC_REPRESENTATION_CONTEXT(2) 
PARAMETRIC_REPRESENTATION_CONTEXT() REPRESENTATION_CONTEXT('2D SPACE',''
  ) );
#1789 = PCURVE('',#1790,#1795);
#1790 = PLANE('',#1791);
#1791 = AXIS2_PLACEMENT_3D('',#1792,#1793,#1794);
#1792 = CARTESIAN_POINT('',(-26.25744628906,25.524169921875,5.));
#1793 = DIRECTION('',(1.,0.,0.));
#1794 = DIRECTION('',(0.,1.,0.));
#1795 = DEFINITIONAL_REPRESENTATION('',(#1796),#1800);
#1796 = LINE('',#1797,#1798);
#1797 = CARTESIAN_POINT('',(0.,0.));
#1798 = VECTOR('',#1799,1.);
#1799 = DIRECTION('',(1.,0.));
#1800 = ( GEOMETRIC_REPRESENTATION_CONTEXT(2) 
PARAMETRIC_REPRESENTATION_CONTEXT() REPRESENTATION_CONTEXT('2D SPACE',''
  ) );
#1801 = ORIENTED_EDGE('',*,*,#1802,.T.);
#1802 = EDGE_CURVE('',#1775,#1803,#1805,.T.);
#1803 = VERTEX_POINT('',#1804);
#1804 = CARTESIAN_POINT('',(-25.63537597656,29.48828125,5.));
#1805 = SURFACE_CURVE('',#1806,(#1810,#1817),.PCURVE_S1.);
#1806 = LINE('',#1807,#1808);
#1807 = CARTESIAN_POINT('',(-26.25744628906,29.48828125,5.));
#1808 = VECTOR('',#1809,1.);
#1809 = DIRECTION('',(1.,0.,0.));
#1810 = PCURVE('',#148,#1811);
#1811 = DEFINITIONAL_REPRESENTATION('',(#1812),#1816);
#1812 = LINE('',#1813,#1814);
#1813 = CARTESIAN_POINT('',(19.742553710938,68.48828125));
#1814 = VECTOR('',#1815,1.);
#1815 = DIRECTION('',(1.,0.));
#1816 = ( GEOMETRIC_REPRESENTATION_CONTEXT(2) 
PARAMETRIC_REPRESENTATION_CONTEXT() REPRESENTATION_CONTEXT('2D SPACE',''
  ) );
#1817 = PCURVE('',#1818,#1823);
#1818 = PLANE('',#1819);
#1819 = AXIS2_PLACEMENT_3D('',#1820,#1821,#1822);
#1820 = CARTESIAN_POINT('',(-26.25744628906,29.48828125,5.));
#1821 = DIRECTION('',(0.,-1.,0.));
#1822 = DIRECTION('',(1.,0.,0.));
#1823 = DEFINITIONAL_REPRESENTATION('',(#1824),#1828);
#1824 = LINE('',#1825,#1826);
#1825 = CARTESIAN_POINT('',(0.,0.));
#1826 = VECTOR('',#1827,1.);
#1827 = DIRECTION('',(1.,0.));
#1828 = ( GEOMETRIC_REPRESENTATION_CONTEXT(2) 
PARAMETRIC_REPRESENTATION_CONTEXT() REPRESENTATION_CONTEXT('2D SPACE',''
  ) );
#1829 = ORIENTED_EDGE('',*,*,#1830,.T.);
#1830 = EDGE_CURVE('',#1803,#1831,#1833,.T.);
#1831 = VERTEX_POINT('',#1832);
#1832 = CARTESIAN_POINT('',(-25.63537597656,24.749755859375,5.));
#1833 = SURFACE_CURVE('',#1834,(#1838,#1845),.PCURVE_S1.);
#1834 = LINE('',#1835,#1836);
#1835 = CARTESIAN_POINT('',(-25.63537597656,29.48828125,5.));
#1836 = VECTOR('',#1837,1.);
#1837 = DIRECTION('',(0.,-1.,0.));
#1838 = PCURVE('',#148,#1839);
#1839 = DEFINITIONAL_REPRESENTATION('',(#1840),#1844);
#1840 = LINE('',#1841,#1842);
#1841 = CARTESIAN_POINT('',(20.364624023438,68.48828125));
#1842 = VECTOR('',#1843,1.);
#1843 = DIRECTION('',(0.,-1.));
#1844 = ( GEOMETRIC_REPRESENTATION_CONTEXT(2) 
PARAMETRIC_REPRESENTATION_CONTEXT() REPRESENTATION_CONTEXT('2D SPACE',''
  ) );
#1845 = PCURVE('',#1846,#1851);
#1846 = PLANE('',#1847);
#1847 = AXIS2_PLACEMENT_3D('',#1848,#1849,#1850);
#1848 = CARTESIAN_POINT('',(-25.63537597656,29.48828125,5.));
#1849 = DIRECTION('',(-1.,0.,0.));
#1850 = DIRECTION('',(0.,-1.,0.));
#1851 = DEFINITIONAL_REPRESENTATION('',(#1852),#1856);
#1852 = LINE('',#1853,#1854);
#1853 = CARTESIAN_POINT('',(0.,0.));
#1854 = VECTOR('',#1855,1.);
#1855 = DIRECTION('',(1.,0.));
#1856 = ( GEOMETRIC_REPRESENTATION_CONTEXT(2) 
PARAMETRIC_REPRESENTATION_CONTEXT() REPRESENTATION_CONTEXT('2D SPACE',''
  ) );
#1857 = ORIENTED_EDGE('',*,*,#1858,.T.);
#1858 = EDGE_CURVE('',#1831,#1859,#1861,.T.);
#1859 = VERTEX_POINT('',#1860);
#1860 = CARTESIAN_POINT('',(-26.49865722656,24.749755859375,5.));
#1861 = SURFACE_CURVE('',#1862,(#1866,#1873),.PCURVE_S1.);
#1862 = LINE('',#1863,#1864);
#1863 = CARTESIAN_POINT('',(-25.63537597656,24.749755859375,5.));
#1864 = VECTOR('',#1865,1.);
#1865 = DIRECTION('',(-1.,0.,0.));
#1866 = PCURVE('',#148,#1867);
#1867 = DEFINITIONAL_REPRESENTATION('',(#1868),#1872);
#1868 = LINE('',#1869,#1870);
#1869 = CARTESIAN_POINT('',(20.364624023438,63.749755859375));
#1870 = VECTOR('',#1871,1.);
#1871 = DIRECTION('',(-1.,0.));
#1872 = ( GEOMETRIC_REPRESENTATION_CONTEXT(2) 
PARAMETRIC_REPRESENTATION_CONTEXT() REPRESENTATION_CONTEXT('2D SPACE',''
  ) );
#1873 = PCURVE('',#1874,#1879);
#1874 = PLANE('',#1875);
#1875 = AXIS2_PLACEMENT_3D('',#1876,#1877,#1878);
#1876 = CARTESIAN_POINT('',(-25.63537597656,24.749755859375,5.));
#1877 = DIRECTION('',(0.,1.,0.));
#1878 = DIRECTION('',(-1.,0.,0.));
#1879 = DEFINITIONAL_REPRESENTATION('',(#1880),#1884);
#1880 = LINE('',#1881,#1882);
#1881 = CARTESIAN_POINT('',(0.,0.));
#1882 = VECTOR('',#1883,1.);
#1883 = DIRECTION('',(1.,0.));
#1884 = ( GEOMETRIC_REPRESENTATION_CONTEXT(2) 
PARAMETRIC_REPRESENTATION_CONTEXT() REPRESENTATION_CONTEXT('2D SPACE',''
  ) );
#1885 = ORIENTED_EDGE('',*,*,#1886,.T.);
#1886 = EDGE_CURVE('',#1859,#1887,#1889,.T.);
#1887 = VERTEX_POINT('',#1888);
#1888 = CARTESIAN_POINT('',(-28.59973144531,28.7138671875,5.));
#1889 = SURFACE_CURVE('',#1890,(#1894,#1901),.PCURVE_S1.);
#1890 = LINE('',#1891,#1892);
#1891 = CARTESIAN_POINT('',(-26.49865722656,24.749755859375,5.));
#1892 = VECTOR('',#1893,1.);
#1893 = DIRECTION('',(-0.468310205343,0.88356411854,0.));
#1894 = PCURVE('',#148,#1895);
#1895 = DEFINITIONAL_REPRESENTATION('',(#1896),#1900);
#1896 = LINE('',#1897,#1898);
#1897 = CARTESIAN_POINT('',(19.501342773438,63.749755859375));
#1898 = VECTOR('',#1899,1.);
#1899 = DIRECTION('',(-0.468310205343,0.88356411854));
#1900 = ( GEOMETRIC_REPRESENTATION_CONTEXT(2) 
PARAMETRIC_REPRESENTATION_CONTEXT() REPRESENTATION_CONTEXT('2D SPACE',''
  ) );
#1901 = PCURVE('',#1902,#1907);
#1902 = PLANE('',#1903);
#1903 = AXIS2_PLACEMENT_3D('',#1904,#1905,#1906);
#1904 = CARTESIAN_POINT('',(-26.49865722656,24.749755859375,5.));
#1905 = DIRECTION('',(0.88356411854,0.468310205343,0.));
#1906 = DIRECTION('',(-0.468310205343,0.88356411854,0.));
#1907 = DEFINITIONAL_REPRESENTATION('',(#1908),#1912);
#1908 = LINE('',#1909,#1910);
#1909 = CARTESIAN_POINT('',(0.,0.));
#1910 = VECTOR('',#1911,1.);
#1911 = DIRECTION('',(1.,0.));
#1912 = ( GEOMETRIC_REPRESENTATION_CONTEXT(2) 
PARAMETRIC_REPRESENTATION_CONTEXT() REPRESENTATION_CONTEXT('2D SPACE',''
  ) );
#1913 = ORIENTED_EDGE('',*,*,#1914,.T.);
#1914 = EDGE_CURVE('',#1887,#1661,#1915,.T.);
#1915 = SURFACE_CURVE('',#1916,(#1920,#1927),.PCURVE_S1.);
#1916 = LINE('',#1917,#1918);
#1917 = CARTESIAN_POINT('',(-28.59973144531,28.7138671875,5.));
#1918 = VECTOR('',#1919,1.);
#1919 = DIRECTION('',(0.,-1.,0.));
#1920 = PCURVE('',#148,#1921);
#1921 = DEFINITIONAL_REPRESENTATION('',(#1922),#1926);
#1922 = LINE('',#1923,#1924);
#1923 = CARTESIAN_POINT('',(17.400268554688,67.7138671875));
#1924 = VECTOR('',#1925,1.);
#1925 = DIRECTION('',(0.,-1.));
#1926 = ( GEOMETRIC_REPRESENTATION_CONTEXT(2) 
PARAMETRIC_REPRESENTATION_CONTEXT() REPRESENTATION_CONTEXT('2D SPACE',''
  ) );
#1927 = PCURVE('',#1928,#1933);
#1928 = PLANE('',#1929);
#1929 = AXIS2_PLACEMENT_3D('',#1930,#1931,#1932);
#1930 = CARTESIAN_POINT('',(-28.59973144531,28.7138671875,5.));
#1931 = DIRECTION('',(-1.,0.,0.));
#1932 = DIRECTION('',(0.,-1.,0.));
#1933 = DEFINITIONAL_REPRESENTATION('',(#1934),#1938);
#1934 = LINE('',#1935,#1936);
#1935 = CARTESIAN_POINT('',(0.,0.));
#1936 = VECTOR('',#1937,1.);
#1937 = DIRECTION('',(1.,0.));
#1938 = ( GEOMETRIC_REPRESENTATION_CONTEXT(2) 
PARAMETRIC_REPRESENTATION_CONTEXT() REPRESENTATION_CONTEXT('2D SPACE',''
  ) );
#1939 = ADVANCED_FACE('',(#1940),#122,.T.);
#1940 = FACE_BOUND('',#1941,.T.);
#1941 = EDGE_LOOP('',(#1942,#1965,#1966,#1967));
#1942 = ORIENTED_EDGE('',*,*,#1943,.F.);
#1943 = EDGE_CURVE('',#79,#1944,#1946,.T.);
#1944 = VERTEX_POINT('',#1945);
#1945 = CARTESIAN_POINT('',(46.,39.,0.));
#1946 = SURFACE_CURVE('',#1947,(#1951,#1958),.PCURVE_S1.);
#1947 = LINE('',#1948,#1949);
#1948 = CARTESIAN_POINT('',(-46.,39.,0.));
#1949 = VECTOR('',#1950,1.);
#1950 = DIRECTION('',(1.,0.,0.));
#1951 = PCURVE('',#122,#1952);
#1952 = DEFINITIONAL_REPRESENTATION('',(#1953),#1957);
#1953 = LINE('',#1954,#1955);
#1954 = CARTESIAN_POINT('',(0.,0.));
#1955 = VECTOR('',#1956,1.);
#1956 = DIRECTION('',(0.,1.));
#1957 = ( GEOMETRIC_REPRESENTATION_CONTEXT(2) 
PARAMETRIC_REPRESENTATION_CONTEXT() REPRESENTATION_CONTEXT('2D SPACE',''
  ) );
#1958 = PCURVE('',#94,#1959);
#1959 = DEFINITIONAL_REPRESENTATION('',(#1960),#1964);
#1960 = LINE('',#1961,#1962);
#1961 = CARTESIAN_POINT('',(0.,78.));
#1962 = VECTOR('',#1963,1.);
#1963 = DIRECTION('',(1.,0.));
#1964 = ( GEOMETRIC_REPRESENTATION_CONTEXT(2) 
PARAMETRIC_REPRESENTATION_CONTEXT() REPRESENTATION_CONTEXT('2D SPACE',''
  ) );
#1965 = ORIENTED_EDGE('',*,*,#106,.T.);
#1966 = ORIENTED_EDGE('',*,*,#264,.T.);
#1967 = ORIENTED_EDGE('',*,*,#1968,.F.);
#1968 = EDGE_CURVE('',#1944,#242,#1969,.T.);
#1969 = SURFACE_CURVE('',#1970,(#1974,#1981),.PCURVE_S1.);
#1970 = LINE('',#1971,#1972);
#1971 = CARTESIAN_POINT('',(46.,39.,0.));
#1972 = VECTOR('',#1973,1.);
#1973 = DIRECTION('',(0.,0.,1.));
#1974 = PCURVE('',#122,#1975);
#1975 = DEFINITIONAL_REPRESENTATION('',(#1976),#1980);
#1976 = LINE('',#1977,#1978);
#1977 = CARTESIAN_POINT('',(0.,92.));
#1978 = VECTOR('',#1979,1.);
#1979 = DIRECTION('',(1.,0.));
#1980 = ( GEOMETRIC_REPRESENTATION_CONTEXT(2) 
PARAMETRIC_REPRESENTATION_CONTEXT() REPRESENTATION_CONTEXT('2D SPACE',''
  ) );
#1981 = PCURVE('',#224,#1982);
#1982 = DEFINITIONAL_REPRESENTATION('',(#1983),#1987);
#1983 = LINE('',#1984,#1985);
#1984 = CARTESIAN_POINT('',(0.,-78.));
#1985 = VECTOR('',#1986,1.);
#1986 = DIRECTION('',(1.,0.));
#1987 = ( GEOMETRIC_REPRESENTATION_CONTEXT(2) 
PARAMETRIC_REPRESENTATION_CONTEXT() REPRESENTATION_CONTEXT('2D SPACE',''
  ) );
#1988 = ADVANCED_FACE('',(#1989),#94,.F.);
#1989 = FACE_BOUND('',#1990,.F.);
#1990 = EDGE_LOOP('',(#1991,#1992,#1993,#2014));
#1991 = ORIENTED_EDGE('',*,*,#78,.F.);
#1992 = ORIENTED_EDGE('',*,*,#163,.T.);
#1993 = ORIENTED_EDGE('',*,*,#1994,.T.);
#1994 = EDGE_CURVE('',#164,#1944,#1995,.T.);
#1995 = SURFACE_CURVE('',#1996,(#2000,#2007),.PCURVE_S1.);
#1996 = LINE('',#1997,#1998);
#1997 = CARTESIAN_POINT('',(46.,-39.,0.));
#1998 = VECTOR('',#1999,1.);
#1999 = DIRECTION('',(0.,1.,0.));
#2000 = PCURVE('',#94,#2001);
#2001 = DEFINITIONAL_REPRESENTATION('',(#2002),#2006);
#2002 = LINE('',#2003,#2004);
#2003 = CARTESIAN_POINT('',(92.,0.));
#2004 = VECTOR('',#2005,1.);
#2005 = DIRECTION('',(0.,1.));
#2006 = ( GEOMETRIC_REPRESENTATION_CONTEXT(2) 
PARAMETRIC_REPRESENTATION_CONTEXT() REPRESENTATION_CONTEXT('2D SPACE',''
  ) );
#2007 = PCURVE('',#224,#2008);
#2008 = DEFINITIONAL_REPRESENTATION('',(#2009),#2013);
#2009 = LINE('',#2010,#2011);
#2010 = CARTESIAN_POINT('',(0.,0.));
#2011 = VECTOR('',#2012,1.);
#2012 = DIRECTION('',(0.,-1.));
#2013 = ( GEOMETRIC_REPRESENTATION_CONTEXT(2) 
PARAMETRIC_REPRESENTATION_CONTEXT() REPRESENTATION_CONTEXT('2D SPACE',''
  ) );
#2014 = ORIENTED_EDGE('',*,*,#1943,.F.);
#2015 = ADVANCED_FACE('',(#2016),#224,.T.);
#2016 = FACE_BOUND('',#2017,.T.);
#2017 = EDGE_LOOP('',(#2018,#2019,#2020,#2021,#2022,#2023,#2044,#2071,
    #2097,#2123,#2149,#2175));
#2018 = ORIENTED_EDGE('',*,*,#287,.F.);
#2019 = ORIENTED_EDGE('',*,*,#210,.F.);
#2020 = ORIENTED_EDGE('',*,*,#1994,.T.);
#2021 = ORIENTED_EDGE('',*,*,#1968,.T.);
#2022 = ORIENTED_EDGE('',*,*,#239,.F.);
#2023 = ORIENTED_EDGE('',*,*,#2024,.F.);
#2024 = EDGE_CURVE('',#2025,#240,#2027,.T.);
#2025 = VERTEX_POINT('',#2026);
#2026 = CARTESIAN_POINT('',(46.,29.5,4.2));
#2027 = SURFACE_CURVE('',#2028,(#2032,#2038),.PCURVE_S1.);
#2028 = LINE('',#2029,#2030);
#2029 = CARTESIAN_POINT('',(46.,29.5,2.1));
#2030 = VECTOR('',#2031,1.);
#2031 = DIRECTION('',(0.,0.,1.));
#2032 = PCURVE('',#224,#2033);
#2033 = DEFINITIONAL_REPRESENTATION('',(#2034),#2037);
#2034 = B_SPLINE_CURVE_WITH_KNOTS('',1,(#2035,#2036),.UNSPECIFIED.,.F.,
  .F.,(2,2),(2.1,2.9),.PIECEWISE_BEZIER_KNOTS.);
#2035 = CARTESIAN_POINT('',(4.2,-68.5));
#2036 = CARTESIAN_POINT('',(5.,-68.5));
#2037 = ( GEOMETRIC_REPRESENTATION_CONTEXT(2) 
PARAMETRIC_REPRESENTATION_CONTEXT() REPRESENTATION_CONTEXT('2D SPACE',''
  ) );
#2038 = PCURVE('',#804,#2039);
#2039 = DEFINITIONAL_REPRESENTATION('',(#2040),#2043);
#2040 = B_SPLINE_CURVE_WITH_KNOTS('',1,(#2041,#2042),.UNSPECIFIED.,.F.,
  .F.,(2,2),(2.1,2.9),.PIECEWISE_BEZIER_KNOTS.);
#2041 = CARTESIAN_POINT('',(0.,67.));
#2042 = CARTESIAN_POINT('',(0.8,67.));
#2043 = ( GEOMETRIC_REPRESENTATION_CONTEXT(2) 
PARAMETRIC_REPRESENTATION_CONTEXT() REPRESENTATION_CONTEXT('2D SPACE',''
  ) );
#2044 = ORIENTED_EDGE('',*,*,#2045,.T.);
#2045 = EDGE_CURVE('',#2025,#2046,#2048,.T.);
#2046 = VERTEX_POINT('',#2047);
#2047 = CARTESIAN_POINT('',(46.,26.5,4.2));
#2048 = SURFACE_CURVE('',#2049,(#2053,#2059),.PCURVE_S1.);
#2049 = LINE('',#2050,#2051);
#2050 = CARTESIAN_POINT('',(46.,-34.25,4.2));
#2051 = VECTOR('',#2052,1.);
#2052 = DIRECTION('',(0.,-1.,0.));
#2053 = PCURVE('',#224,#2054);
#2054 = DEFINITIONAL_REPRESENTATION('',(#2055),#2058);
#2055 = B_SPLINE_CURVE_WITH_KNOTS('',1,(#2056,#2057),.UNSPECIFIED.,.F.,
  .F.,(2,2),(-63.75,-4.75),.PIECEWISE_BEZIER_KNOTS.);
#2056 = CARTESIAN_POINT('',(4.2,-68.5));
#2057 = CARTESIAN_POINT('',(4.2,-9.5));
#2058 = ( GEOMETRIC_REPRESENTATION_CONTEXT(2) 
PARAMETRIC_REPRESENTATION_CONTEXT() REPRESENTATION_CONTEXT('2D SPACE',''
  ) );
#2059 = PCURVE('',#2060,#2065);
#2060 = PLANE('',#2061);
#2061 = AXIS2_PLACEMENT_3D('',#2062,#2063,#2064);
#2062 = CARTESIAN_POINT('',(-21.,-29.5,4.2));
#2063 = DIRECTION('',(0.,0.,1.));
#2064 = DIRECTION('',(1.,0.,0.));
#2065 = DEFINITIONAL_REPRESENTATION('',(#2066),#2070);
#2066 = LINE('',#2067,#2068);
#2067 = CARTESIAN_POINT('',(67.,-4.75));
#2068 = VECTOR('',#2069,1.);
#2069 = DIRECTION('',(0.,-1.));
#2070 = ( GEOMETRIC_REPRESENTATION_CONTEXT(2) 
PARAMETRIC_REPRESENTATION_CONTEXT() REPRESENTATION_CONTEXT('2D SPACE',''
  ) );
#2071 = ORIENTED_EDGE('',*,*,#2072,.F.);
#2072 = EDGE_CURVE('',#2073,#2046,#2075,.T.);
#2073 = VERTEX_POINT('',#2074);
#2074 = CARTESIAN_POINT('',(46.,26.5,3.7));
#2075 = SURFACE_CURVE('',#2076,(#2080,#2086),.PCURVE_S1.);
#2076 = LINE('',#2077,#2078);
#2077 = CARTESIAN_POINT('',(46.,26.5,1.85));
#2078 = VECTOR('',#2079,1.);
#2079 = DIRECTION('',(0.,0.,1.));
#2080 = PCURVE('',#224,#2081);
#2081 = DEFINITIONAL_REPRESENTATION('',(#2082),#2085);
#2082 = B_SPLINE_CURVE_WITH_KNOTS('',1,(#2083,#2084),.UNSPECIFIED.,.F.,
  .F.,(2,2),(1.85,3.15),.PIECEWISE_BEZIER_KNOTS.);
#2083 = CARTESIAN_POINT('',(3.7,-65.5));
#2084 = CARTESIAN_POINT('',(5.,-65.5));
#2085 = ( GEOMETRIC_REPRESENTATION_CONTEXT(2) 
PARAMETRIC_REPRESENTATION_CONTEXT() REPRESENTATION_CONTEXT('2D SPACE',''
  ) );
#2086 = PCURVE('',#2087,#2092);
#2087 = PLANE('',#2088);
#2088 = AXIS2_PLACEMENT_3D('',#2089,#2090,#2091);
#2089 = CARTESIAN_POINT('',(-21.,26.5,3.7));
#2090 = DIRECTION('',(0.,1.,0.));
#2091 = DIRECTION('',(0.,0.,1.));
#2092 = DEFINITIONAL_REPRESENTATION('',(#2093),#2096);
#2093 = B_SPLINE_CURVE_WITH_KNOTS('',1,(#2094,#2095),.UNSPECIFIED.,.F.,
  .F.,(2,2),(1.85,3.15),.PIECEWISE_BEZIER_KNOTS.);
#2094 = CARTESIAN_POINT('',(0.,67.));
#2095 = CARTESIAN_POINT('',(1.3,67.));
#2096 = ( GEOMETRIC_REPRESENTATION_CONTEXT(2) 
PARAMETRIC_REPRESENTATION_CONTEXT() REPRESENTATION_CONTEXT('2D SPACE',''
  ) );
#2097 = ORIENTED_EDGE('',*,*,#2098,.T.);
#2098 = EDGE_CURVE('',#2073,#2099,#2101,.T.);
#2099 = VERTEX_POINT('',#2100);
#2100 = CARTESIAN_POINT('',(46.,-26.5,3.7));
#2101 = SURFACE_CURVE('',#2102,(#2106,#2112),.PCURVE_S1.);
#2102 = LINE('',#2103,#2104);
#2103 = CARTESIAN_POINT('',(46.,-32.75,3.7));
#2104 = VECTOR('',#2105,1.);
#2105 = DIRECTION('',(0.,-1.,0.));
#2106 = PCURVE('',#224,#2107);
#2107 = DEFINITIONAL_REPRESENTATION('',(#2108),#2111);
#2108 = B_SPLINE_CURVE_WITH_KNOTS('',1,(#2109,#2110),.UNSPECIFIED.,.F.,
  .F.,(2,2),(-59.25,-6.25),.PIECEWISE_BEZIER_KNOTS.);
#2109 = CARTESIAN_POINT('',(3.7,-65.5));
#2110 = CARTESIAN_POINT('',(3.7,-12.5));
#2111 = ( GEOMETRIC_REPRESENTATION_CONTEXT(2) 
PARAMETRIC_REPRESENTATION_CONTEXT() REPRESENTATION_CONTEXT('2D SPACE',''
  ) );
#2112 = PCURVE('',#2113,#2118);
#2113 = PLANE('',#2114);
#2114 = AXIS2_PLACEMENT_3D('',#2115,#2116,#2117);
#2115 = CARTESIAN_POINT('',(-21.,-26.5,3.7));
#2116 = DIRECTION('',(0.,0.,1.));
#2117 = DIRECTION('',(1.,0.,0.));
#2118 = DEFINITIONAL_REPRESENTATION('',(#2119),#2122);
#2119 = B_SPLINE_CURVE_WITH_KNOTS('',1,(#2120,#2121),.UNSPECIFIED.,.F.,
  .F.,(2,2),(-59.25,-6.25),.PIECEWISE_BEZIER_KNOTS.);
#2120 = CARTESIAN_POINT('',(67.,53.));
#2121 = CARTESIAN_POINT('',(67.,0.));
#2122 = ( GEOMETRIC_REPRESENTATION_CONTEXT(2) 
PARAMETRIC_REPRESENTATION_CONTEXT() REPRESENTATION_CONTEXT('2D SPACE',''
  ) );
#2123 = ORIENTED_EDGE('',*,*,#2124,.T.);
#2124 = EDGE_CURVE('',#2099,#2125,#2127,.T.);
#2125 = VERTEX_POINT('',#2126);
#2126 = CARTESIAN_POINT('',(46.,-26.5,4.2));
#2127 = SURFACE_CURVE('',#2128,(#2132,#2138),.PCURVE_S1.);
#2128 = LINE('',#2129,#2130);
#2129 = CARTESIAN_POINT('',(46.,-26.5,1.85));
#2130 = VECTOR('',#2131,1.);
#2131 = DIRECTION('',(0.,0.,1.));
#2132 = PCURVE('',#224,#2133);
#2133 = DEFINITIONAL_REPRESENTATION('',(#2134),#2137);
#2134 = B_SPLINE_CURVE_WITH_KNOTS('',1,(#2135,#2136),.UNSPECIFIED.,.F.,
  .F.,(2,2),(1.85,3.15),.PIECEWISE_BEZIER_KNOTS.);
#2135 = CARTESIAN_POINT('',(3.7,-12.5));
#2136 = CARTESIAN_POINT('',(5.,-12.5));
#2137 = ( GEOMETRIC_REPRESENTATION_CONTEXT(2) 
PARAMETRIC_REPRESENTATION_CONTEXT() REPRESENTATION_CONTEXT('2D SPACE',''
  ) );
#2138 = PCURVE('',#2139,#2144);
#2139 = PLANE('',#2140);
#2140 = AXIS2_PLACEMENT_3D('',#2141,#2142,#2143);
#2141 = CARTESIAN_POINT('',(-21.,-26.5,3.7));
#2142 = DIRECTION('',(0.,1.,0.));
#2143 = DIRECTION('',(0.,0.,1.));
#2144 = DEFINITIONAL_REPRESENTATION('',(#2145),#2148);
#2145 = B_SPLINE_CURVE_WITH_KNOTS('',1,(#2146,#2147),.UNSPECIFIED.,.F.,
  .F.,(2,2),(1.85,3.15),.PIECEWISE_BEZIER_KNOTS.);
#2146 = CARTESIAN_POINT('',(0.,67.));
#2147 = CARTESIAN_POINT('',(1.3,67.));
#2148 = ( GEOMETRIC_REPRESENTATION_CONTEXT(2) 
PARAMETRIC_REPRESENTATION_CONTEXT() REPRESENTATION_CONTEXT('2D SPACE',''
  ) );
#2149 = ORIENTED_EDGE('',*,*,#2150,.T.);
#2150 = EDGE_CURVE('',#2125,#2151,#2153,.T.);
#2151 = VERTEX_POINT('',#2152);
#2152 = CARTESIAN_POINT('',(46.,-29.5,4.2));
#2153 = SURFACE_CURVE('',#2154,(#2158,#2164),.PCURVE_S1.);
#2154 = LINE('',#2155,#2156);
#2155 = CARTESIAN_POINT('',(46.,-34.25,4.2));
#2156 = VECTOR('',#2157,1.);
#2157 = DIRECTION('',(0.,-1.,0.));
#2158 = PCURVE('',#224,#2159);
#2159 = DEFINITIONAL_REPRESENTATION('',(#2160),#2163);
#2160 = B_SPLINE_CURVE_WITH_KNOTS('',1,(#2161,#2162),.UNSPECIFIED.,.F.,
  .F.,(2,2),(-63.75,-4.75),.PIECEWISE_BEZIER_KNOTS.);
#2161 = CARTESIAN_POINT('',(4.2,-68.5));
#2162 = CARTESIAN_POINT('',(4.2,-9.5));
#2163 = ( GEOMETRIC_REPRESENTATION_CONTEXT(2) 
PARAMETRIC_REPRESENTATION_CONTEXT() REPRESENTATION_CONTEXT('2D SPACE',''
  ) );
#2164 = PCURVE('',#2165,#2170);
#2165 = PLANE('',#2166);
#2166 = AXIS2_PLACEMENT_3D('',#2167,#2168,#2169);
#2167 = CARTESIAN_POINT('',(-21.,-29.5,4.2));
#2168 = DIRECTION('',(0.,0.,1.));
#2169 = DIRECTION('',(1.,0.,0.));
#2170 = DEFINITIONAL_REPRESENTATION('',(#2171),#2174);
#2171 = B_SPLINE_CURVE_WITH_KNOTS('',1,(#2172,#2173),.UNSPECIFIED.,.F.,
  .F.,(2,2),(-63.75,-4.75),.PIECEWISE_BEZIER_KNOTS.);
#2172 = CARTESIAN_POINT('',(67.,59.));
#2173 = CARTESIAN_POINT('',(67.,0.));
#2174 = ( GEOMETRIC_REPRESENTATION_CONTEXT(2) 
PARAMETRIC_REPRESENTATION_CONTEXT() REPRESENTATION_CONTEXT('2D SPACE',''
  ) );
#2175 = ORIENTED_EDGE('',*,*,#2176,.T.);
#2176 = EDGE_CURVE('',#2151,#288,#2177,.T.);
#2177 = SURFACE_CURVE('',#2178,(#2182,#2188),.PCURVE_S1.);
#2178 = LINE('',#2179,#2180);
#2179 = CARTESIAN_POINT('',(46.,-29.5,2.1));
#2180 = VECTOR('',#2181,1.);
#2181 = DIRECTION('',(0.,0.,1.));
#2182 = PCURVE('',#224,#2183);
#2183 = DEFINITIONAL_REPRESENTATION('',(#2184),#2187);
#2184 = B_SPLINE_CURVE_WITH_KNOTS('',1,(#2185,#2186),.UNSPECIFIED.,.F.,
  .F.,(2,2),(2.1,2.9),.PIECEWISE_BEZIER_KNOTS.);
#2185 = CARTESIAN_POINT('',(4.2,-9.5));
#2186 = CARTESIAN_POINT('',(5.,-9.5));
#2187 = ( GEOMETRIC_REPRESENTATION_CONTEXT(2) 
PARAMETRIC_REPRESENTATION_CONTEXT() REPRESENTATION_CONTEXT('2D SPACE',''
  ) );
#2188 = PCURVE('',#326,#2189);
#2189 = DEFINITIONAL_REPRESENTATION('',(#2190),#2193);
#2190 = B_SPLINE_CURVE_WITH_KNOTS('',1,(#2191,#2192),.UNSPECIFIED.,.F.,
  .F.,(2,2),(2.1,2.9),.PIECEWISE_BEZIER_KNOTS.);
#2191 = CARTESIAN_POINT('',(0.,67.));
#2192 = CARTESIAN_POINT('',(0.8,67.));
#2193 = ( GEOMETRIC_REPRESENTATION_CONTEXT(2) 
PARAMETRIC_REPRESENTATION_CONTEXT() REPRESENTATION_CONTEXT('2D SPACE',''
  ) );
#2194 = ADVANCED_FACE('',(#2195),#804,.F.);
#2195 = FACE_BOUND('',#2196,.F.);
#2196 = EDGE_LOOP('',(#2197,#2220,#2239,#2240));
#2197 = ORIENTED_EDGE('',*,*,#2198,.F.);
#2198 = EDGE_CURVE('',#2199,#2025,#2201,.T.);
#2199 = VERTEX_POINT('',#2200);
#2200 = CARTESIAN_POINT('',(27.53662109375,29.5,4.2));
#2201 = SURFACE_CURVE('',#2202,(#2206,#2213),.PCURVE_S1.);
#2202 = LINE('',#2203,#2204);
#2203 = CARTESIAN_POINT('',(-21.,29.5,4.2));
#2204 = VECTOR('',#2205,1.);
#2205 = DIRECTION('',(1.,0.,0.));
#2206 = PCURVE('',#804,#2207);
#2207 = DEFINITIONAL_REPRESENTATION('',(#2208),#2212);
#2208 = LINE('',#2209,#2210);
#2209 = CARTESIAN_POINT('',(0.,0.));
#2210 = VECTOR('',#2211,1.);
#2211 = DIRECTION('',(0.,1.));
#2212 = ( GEOMETRIC_REPRESENTATION_CONTEXT(2) 
PARAMETRIC_REPRESENTATION_CONTEXT() REPRESENTATION_CONTEXT('2D SPACE',''
  ) );
#2213 = PCURVE('',#2060,#2214);
#2214 = DEFINITIONAL_REPRESENTATION('',(#2215),#2219);
#2215 = LINE('',#2216,#2217);
#2216 = CARTESIAN_POINT('',(0.,59.));
#2217 = VECTOR('',#2218,1.);
#2218 = DIRECTION('',(1.,0.));
#2219 = ( GEOMETRIC_REPRESENTATION_CONTEXT(2) 
PARAMETRIC_REPRESENTATION_CONTEXT() REPRESENTATION_CONTEXT('2D SPACE',''
  ) );
#2220 = ORIENTED_EDGE('',*,*,#2221,.T.);
#2221 = EDGE_CURVE('',#2199,#763,#2222,.T.);
#2222 = SURFACE_CURVE('',#2223,(#2227,#2233),.PCURVE_S1.);
#2223 = LINE('',#2224,#2225);
#2224 = CARTESIAN_POINT('',(27.53662109375,29.5,4.6));
#2225 = VECTOR('',#2226,1.);
#2226 = DIRECTION('',(0.,-0.,1.));
#2227 = PCURVE('',#804,#2228);
#2228 = DEFINITIONAL_REPRESENTATION('',(#2229),#2232);
#2229 = B_SPLINE_CURVE_WITH_KNOTS('',1,(#2230,#2231),.UNSPECIFIED.,.F.,
  .F.,(2,2),(-0.4,0.4),.PIECEWISE_BEZIER_KNOTS.);
#2230 = CARTESIAN_POINT('',(0.,48.53662109375));
#2231 = CARTESIAN_POINT('',(0.8,48.53662109375));
#2232 = ( GEOMETRIC_REPRESENTATION_CONTEXT(2) 
PARAMETRIC_REPRESENTATION_CONTEXT() REPRESENTATION_CONTEXT('2D SPACE',''
  ) );
#2233 = PCURVE('',#778,#2234);
#2234 = DEFINITIONAL_REPRESENTATION('',(#2235),#2238);
#2235 = B_SPLINE_CURVE_WITH_KNOTS('',1,(#2236,#2237),.UNSPECIFIED.,.F.,
  .F.,(2,2),(-0.4,0.4),.PIECEWISE_BEZIER_KNOTS.);
#2236 = CARTESIAN_POINT('',(0.1796875,-0.8));
#2237 = CARTESIAN_POINT('',(0.1796875,0.));
#2238 = ( GEOMETRIC_REPRESENTATION_CONTEXT(2) 
PARAMETRIC_REPRESENTATION_CONTEXT() REPRESENTATION_CONTEXT('2D SPACE',''
  ) );
#2239 = ORIENTED_EDGE('',*,*,#790,.T.);
#2240 = ORIENTED_EDGE('',*,*,#2024,.F.);
#2241 = ADVANCED_FACE('',(#2242),#778,.T.);
#2242 = FACE_BOUND('',#2243,.T.);
#2243 = EDGE_LOOP('',(#2244,#2245,#2268,#2289));
#2244 = ORIENTED_EDGE('',*,*,#762,.F.);
#2245 = ORIENTED_EDGE('',*,*,#2246,.T.);
#2246 = EDGE_CURVE('',#735,#2247,#2249,.T.);
#2247 = VERTEX_POINT('',#2248);
#2248 = CARTESIAN_POINT('',(27.53662109375,29.6796875,4.2));
#2249 = SURFACE_CURVE('',#2250,(#2254,#2261),.PCURVE_S1.);
#2250 = LINE('',#2251,#2252);
#2251 = CARTESIAN_POINT('',(27.53662109375,29.6796875,5.));
#2252 = VECTOR('',#2253,1.);
#2253 = DIRECTION('',(-0.,-0.,-1.));
#2254 = PCURVE('',#778,#2255);
#2255 = DEFINITIONAL_REPRESENTATION('',(#2256),#2260);
#2256 = LINE('',#2257,#2258);
#2257 = CARTESIAN_POINT('',(0.,0.));
#2258 = VECTOR('',#2259,1.);
#2259 = DIRECTION('',(0.,-1.));
#2260 = ( GEOMETRIC_REPRESENTATION_CONTEXT(2) 
PARAMETRIC_REPRESENTATION_CONTEXT() REPRESENTATION_CONTEXT('2D SPACE',''
  ) );
#2261 = PCURVE('',#750,#2262);
#2262 = DEFINITIONAL_REPRESENTATION('',(#2263),#2267);
#2263 = LINE('',#2264,#2265);
#2264 = CARTESIAN_POINT('',(4.31689453125,0.));
#2265 = VECTOR('',#2266,1.);
#2266 = DIRECTION('',(0.,-1.));
#2267 = ( GEOMETRIC_REPRESENTATION_CONTEXT(2) 
PARAMETRIC_REPRESENTATION_CONTEXT() REPRESENTATION_CONTEXT('2D SPACE',''
  ) );
#2268 = ORIENTED_EDGE('',*,*,#2269,.T.);
#2269 = EDGE_CURVE('',#2247,#2199,#2270,.T.);
#2270 = SURFACE_CURVE('',#2271,(#2275,#2282),.PCURVE_S1.);
#2271 = LINE('',#2272,#2273);
#2272 = CARTESIAN_POINT('',(27.53662109375,29.6796875,4.2));
#2273 = VECTOR('',#2274,1.);
#2274 = DIRECTION('',(0.,-1.,0.));
#2275 = PCURVE('',#778,#2276);
#2276 = DEFINITIONAL_REPRESENTATION('',(#2277),#2281);
#2277 = LINE('',#2278,#2279);
#2278 = CARTESIAN_POINT('',(0.,-0.8));
#2279 = VECTOR('',#2280,1.);
#2280 = DIRECTION('',(1.,0.));
#2281 = ( GEOMETRIC_REPRESENTATION_CONTEXT(2) 
PARAMETRIC_REPRESENTATION_CONTEXT() REPRESENTATION_CONTEXT('2D SPACE',''
  ) );
#2282 = PCURVE('',#2060,#2283);
#2283 = DEFINITIONAL_REPRESENTATION('',(#2284),#2288);
#2284 = LINE('',#2285,#2286);
#2285 = CARTESIAN_POINT('',(48.53662109375,59.1796875));
#2286 = VECTOR('',#2287,1.);
#2287 = DIRECTION('',(0.,-1.));
#2288 = ( GEOMETRIC_REPRESENTATION_CONTEXT(2) 
PARAMETRIC_REPRESENTATION_CONTEXT() REPRESENTATION_CONTEXT('2D SPACE',''
  ) );
#2289 = ORIENTED_EDGE('',*,*,#2221,.T.);
#2290 = ADVANCED_FACE('',(#2291),#750,.T.);
#2291 = FACE_BOUND('',#2292,.T.);
#2292 = EDGE_LOOP('',(#2293,#2316,#2337,#2338));
#2293 = ORIENTED_EDGE('',*,*,#2294,.T.);
#2294 = EDGE_CURVE('',#707,#2295,#2297,.T.);
#2295 = VERTEX_POINT('',#2296);
#2296 = CARTESIAN_POINT('',(23.2197265625,29.6796875,4.2));
#2297 = SURFACE_CURVE('',#2298,(#2302,#2309),.PCURVE_S1.);
#2298 = LINE('',#2299,#2300);
#2299 = CARTESIAN_POINT('',(23.2197265625,29.6796875,5.));
#2300 = VECTOR('',#2301,1.);
#2301 = DIRECTION('',(-0.,-0.,-1.));
#2302 = PCURVE('',#750,#2303);
#2303 = DEFINITIONAL_REPRESENTATION('',(#2304),#2308);
#2304 = LINE('',#2305,#2306);
#2305 = CARTESIAN_POINT('',(0.,0.));
#2306 = VECTOR('',#2307,1.);
#2307 = DIRECTION('',(0.,-1.));
#2308 = ( GEOMETRIC_REPRESENTATION_CONTEXT(2) 
PARAMETRIC_REPRESENTATION_CONTEXT() REPRESENTATION_CONTEXT('2D SPACE',''
  ) );
#2309 = PCURVE('',#722,#2310);
#2310 = DEFINITIONAL_REPRESENTATION('',(#2311),#2315);
#2311 = LINE('',#2312,#2313);
#2312 = CARTESIAN_POINT('',(0.5810546875,0.));
#2313 = VECTOR('',#2314,1.);
#2314 = DIRECTION('',(0.,-1.));
#2315 = ( GEOMETRIC_REPRESENTATION_CONTEXT(2) 
PARAMETRIC_REPRESENTATION_CONTEXT() REPRESENTATION_CONTEXT('2D SPACE',''
  ) );
#2316 = ORIENTED_EDGE('',*,*,#2317,.T.);
#2317 = EDGE_CURVE('',#2295,#2247,#2318,.T.);
#2318 = SURFACE_CURVE('',#2319,(#2323,#2330),.PCURVE_S1.);
#2319 = LINE('',#2320,#2321);
#2320 = CARTESIAN_POINT('',(23.2197265625,29.6796875,4.2));
#2321 = VECTOR('',#2322,1.);
#2322 = DIRECTION('',(1.,0.,0.));
#2323 = PCURVE('',#750,#2324);
#2324 = DEFINITIONAL_REPRESENTATION('',(#2325),#2329);
#2325 = LINE('',#2326,#2327);
#2326 = CARTESIAN_POINT('',(0.,-0.8));
#2327 = VECTOR('',#2328,1.);
#2328 = DIRECTION('',(1.,0.));
#2329 = ( GEOMETRIC_REPRESENTATION_CONTEXT(2) 
PARAMETRIC_REPRESENTATION_CONTEXT() REPRESENTATION_CONTEXT('2D SPACE',''
  ) );
#2330 = PCURVE('',#2060,#2331);
#2331 = DEFINITIONAL_REPRESENTATION('',(#2332),#2336);
#2332 = LINE('',#2333,#2334);
#2333 = CARTESIAN_POINT('',(44.2197265625,59.1796875));
#2334 = VECTOR('',#2335,1.);
#2335 = DIRECTION('',(1.,0.));
#2336 = ( GEOMETRIC_REPRESENTATION_CONTEXT(2) 
PARAMETRIC_REPRESENTATION_CONTEXT() REPRESENTATION_CONTEXT('2D SPACE',''
  ) );
#2337 = ORIENTED_EDGE('',*,*,#2246,.F.);
#2338 = ORIENTED_EDGE('',*,*,#734,.F.);
#2339 = ADVANCED_FACE('',(#2340),#722,.T.);
#2340 = FACE_BOUND('',#2341,.T.);
#2341 = EDGE_LOOP('',(#2342,#2343,#2364,#2385));
#2342 = ORIENTED_EDGE('',*,*,#706,.F.);
#2343 = ORIENTED_EDGE('',*,*,#2344,.T.);
#2344 = EDGE_CURVE('',#679,#2345,#2347,.T.);
#2345 = VERTEX_POINT('',#2346);
#2346 = CARTESIAN_POINT('',(23.2197265625,29.5,4.2));
#2347 = SURFACE_CURVE('',#2348,(#2352,#2358),.PCURVE_S1.);
#2348 = LINE('',#2349,#2350);
#2349 = CARTESIAN_POINT('',(23.2197265625,29.5,4.6));
#2350 = VECTOR('',#2351,1.);
#2351 = DIRECTION('',(0.,0.,-1.));
#2352 = PCURVE('',#722,#2353);
#2353 = DEFINITIONAL_REPRESENTATION('',(#2354),#2357);
#2354 = B_SPLINE_CURVE_WITH_KNOTS('',1,(#2355,#2356),.UNSPECIFIED.,.F.,
  .F.,(2,2),(-0.4,0.4),.PIECEWISE_BEZIER_KNOTS.);
#2355 = CARTESIAN_POINT('',(0.4013671875,0.));
#2356 = CARTESIAN_POINT('',(0.4013671875,-0.8));
#2357 = ( GEOMETRIC_REPRESENTATION_CONTEXT(2) 
PARAMETRIC_REPRESENTATION_CONTEXT() REPRESENTATION_CONTEXT('2D SPACE',''
  ) );
#2358 = PCURVE('',#694,#2359);
#2359 = DEFINITIONAL_REPRESENTATION('',(#2360),#2363);
#2360 = B_SPLINE_CURVE_WITH_KNOTS('',1,(#2361,#2362),.UNSPECIFIED.,.F.,
  .F.,(2,2),(-0.4,0.4),.PIECEWISE_BEZIER_KNOTS.);
#2361 = CARTESIAN_POINT('',(0.8,44.2197265625));
#2362 = CARTESIAN_POINT('',(0.,44.2197265625));
#2363 = ( GEOMETRIC_REPRESENTATION_CONTEXT(2) 
PARAMETRIC_REPRESENTATION_CONTEXT() REPRESENTATION_CONTEXT('2D SPACE',''
  ) );
#2364 = ORIENTED_EDGE('',*,*,#2365,.T.);
#2365 = EDGE_CURVE('',#2345,#2295,#2366,.T.);
#2366 = SURFACE_CURVE('',#2367,(#2371,#2378),.PCURVE_S1.);
#2367 = LINE('',#2368,#2369);
#2368 = CARTESIAN_POINT('',(23.2197265625,29.0986328125,4.2));
#2369 = VECTOR('',#2370,1.);
#2370 = DIRECTION('',(0.,1.,0.));
#2371 = PCURVE('',#722,#2372);
#2372 = DEFINITIONAL_REPRESENTATION('',(#2373),#2377);
#2373 = LINE('',#2374,#2375);
#2374 = CARTESIAN_POINT('',(0.,-0.8));
#2375 = VECTOR('',#2376,1.);
#2376 = DIRECTION('',(1.,0.));
#2377 = ( GEOMETRIC_REPRESENTATION_CONTEXT(2) 
PARAMETRIC_REPRESENTATION_CONTEXT() REPRESENTATION_CONTEXT('2D SPACE',''
  ) );
#2378 = PCURVE('',#2060,#2379);
#2379 = DEFINITIONAL_REPRESENTATION('',(#2380),#2384);
#2380 = LINE('',#2381,#2382);
#2381 = CARTESIAN_POINT('',(44.2197265625,58.5986328125));
#2382 = VECTOR('',#2383,1.);
#2383 = DIRECTION('',(0.,1.));
#2384 = ( GEOMETRIC_REPRESENTATION_CONTEXT(2) 
PARAMETRIC_REPRESENTATION_CONTEXT() REPRESENTATION_CONTEXT('2D SPACE',''
  ) );
#2385 = ORIENTED_EDGE('',*,*,#2294,.F.);
#2386 = ADVANCED_FACE('',(#2387),#694,.F.);
#2387 = FACE_BOUND('',#2388,.F.);
#2388 = EDGE_LOOP('',(#2389,#2412,#2431,#2432));
#2389 = ORIENTED_EDGE('',*,*,#2390,.F.);
#2390 = EDGE_CURVE('',#2391,#2345,#2393,.T.);
#2391 = VERTEX_POINT('',#2392);
#2392 = CARTESIAN_POINT('',(22.6318359375,29.5,4.2));
#2393 = SURFACE_CURVE('',#2394,(#2398,#2405),.PCURVE_S1.);
#2394 = LINE('',#2395,#2396);
#2395 = CARTESIAN_POINT('',(-21.,29.5,4.2));
#2396 = VECTOR('',#2397,1.);
#2397 = DIRECTION('',(1.,0.,0.));
#2398 = PCURVE('',#694,#2399);
#2399 = DEFINITIONAL_REPRESENTATION('',(#2400),#2404);
#2400 = LINE('',#2401,#2402);
#2401 = CARTESIAN_POINT('',(0.,0.));
#2402 = VECTOR('',#2403,1.);
#2403 = DIRECTION('',(0.,1.));
#2404 = ( GEOMETRIC_REPRESENTATION_CONTEXT(2) 
PARAMETRIC_REPRESENTATION_CONTEXT() REPRESENTATION_CONTEXT('2D SPACE',''
  ) );
#2405 = PCURVE('',#2060,#2406);
#2406 = DEFINITIONAL_REPRESENTATION('',(#2407),#2411);
#2407 = LINE('',#2408,#2409);
#2408 = CARTESIAN_POINT('',(0.,59.));
#2409 = VECTOR('',#2410,1.);
#2410 = DIRECTION('',(1.,0.));
#2411 = ( GEOMETRIC_REPRESENTATION_CONTEXT(2) 
PARAMETRIC_REPRESENTATION_CONTEXT() REPRESENTATION_CONTEXT('2D SPACE',''
  ) );
#2412 = ORIENTED_EDGE('',*,*,#2413,.T.);
#2413 = EDGE_CURVE('',#2391,#651,#2414,.T.);
#2414 = SURFACE_CURVE('',#2415,(#2419,#2425),.PCURVE_S1.);
#2415 = LINE('',#2416,#2417);
#2416 = CARTESIAN_POINT('',(22.6318359375,29.5,4.6));
#2417 = VECTOR('',#2418,1.);
#2418 = DIRECTION('',(0.,-0.,1.));
#2419 = PCURVE('',#694,#2420);
#2420 = DEFINITIONAL_REPRESENTATION('',(#2421),#2424);
#2421 = B_SPLINE_CURVE_WITH_KNOTS('',1,(#2422,#2423),.UNSPECIFIED.,.F.,
  .F.,(2,2),(-0.4,0.4),.PIECEWISE_BEZIER_KNOTS.);
#2422 = CARTESIAN_POINT('',(0.,43.6318359375));
#2423 = CARTESIAN_POINT('',(0.8,43.6318359375));
#2424 = ( GEOMETRIC_REPRESENTATION_CONTEXT(2) 
PARAMETRIC_REPRESENTATION_CONTEXT() REPRESENTATION_CONTEXT('2D SPACE',''
  ) );
#2425 = PCURVE('',#666,#2426);
#2426 = DEFINITIONAL_REPRESENTATION('',(#2427),#2430);
#2427 = B_SPLINE_CURVE_WITH_KNOTS('',1,(#2428,#2429),.UNSPECIFIED.,.F.,
  .F.,(2,2),(-0.4,0.4),.PIECEWISE_BEZIER_KNOTS.);
#2428 = CARTESIAN_POINT('',(0.1796875,-0.8));
#2429 = CARTESIAN_POINT('',(0.1796875,0.));
#2430 = ( GEOMETRIC_REPRESENTATION_CONTEXT(2) 
PARAMETRIC_REPRESENTATION_CONTEXT() REPRESENTATION_CONTEXT('2D SPACE',''
  ) );
#2431 = ORIENTED_EDGE('',*,*,#678,.T.);
#2432 = ORIENTED_EDGE('',*,*,#2344,.T.);
#2433 = ADVANCED_FACE('',(#2434),#666,.T.);
#2434 = FACE_BOUND('',#2435,.T.);
#2435 = EDGE_LOOP('',(#2436,#2437,#2460,#2481));
#2436 = ORIENTED_EDGE('',*,*,#650,.F.);
#2437 = ORIENTED_EDGE('',*,*,#2438,.T.);
#2438 = EDGE_CURVE('',#623,#2439,#2441,.T.);
#2439 = VERTEX_POINT('',#2440);
#2440 = CARTESIAN_POINT('',(22.6318359375,29.6796875,4.2));
#2441 = SURFACE_CURVE('',#2442,(#2446,#2453),.PCURVE_S1.);
#2442 = LINE('',#2443,#2444);
#2443 = CARTESIAN_POINT('',(22.6318359375,29.6796875,5.));
#2444 = VECTOR('',#2445,1.);
#2445 = DIRECTION('',(-0.,-0.,-1.));
#2446 = PCURVE('',#666,#2447);
#2447 = DEFINITIONAL_REPRESENTATION('',(#2448),#2452);
#2448 = LINE('',#2449,#2450);
#2449 = CARTESIAN_POINT('',(0.,0.));
#2450 = VECTOR('',#2451,1.);
#2451 = DIRECTION('',(0.,-1.));
#2452 = ( GEOMETRIC_REPRESENTATION_CONTEXT(2) 
PARAMETRIC_REPRESENTATION_CONTEXT() REPRESENTATION_CONTEXT('2D SPACE',''
  ) );
#2453 = PCURVE('',#638,#2454);
#2454 = DEFINITIONAL_REPRESENTATION('',(#2455),#2459);
#2455 = LINE('',#2456,#2457);
#2456 = CARTESIAN_POINT('',(0.69384765625,0.));
#2457 = VECTOR('',#2458,1.);
#2458 = DIRECTION('',(0.,-1.));
#2459 = ( GEOMETRIC_REPRESENTATION_CONTEXT(2) 
PARAMETRIC_REPRESENTATION_CONTEXT() REPRESENTATION_CONTEXT('2D SPACE',''
  ) );
#2460 = ORIENTED_EDGE('',*,*,#2461,.T.);
#2461 = EDGE_CURVE('',#2439,#2391,#2462,.T.);
#2462 = SURFACE_CURVE('',#2463,(#2467,#2474),.PCURVE_S1.);
#2463 = LINE('',#2464,#2465);
#2464 = CARTESIAN_POINT('',(22.6318359375,29.6796875,4.2));
#2465 = VECTOR('',#2466,1.);
#2466 = DIRECTION('',(0.,-1.,0.));
#2467 = PCURVE('',#666,#2468);
#2468 = DEFINITIONAL_REPRESENTATION('',(#2469),#2473);
#2469 = LINE('',#2470,#2471);
#2470 = CARTESIAN_POINT('',(0.,-0.8));
#2471 = VECTOR('',#2472,1.);
#2472 = DIRECTION('',(1.,0.));
#2473 = ( GEOMETRIC_REPRESENTATION_CONTEXT(2) 
PARAMETRIC_REPRESENTATION_CONTEXT() REPRESENTATION_CONTEXT('2D SPACE',''
  ) );
#2474 = PCURVE('',#2060,#2475);
#2475 = DEFINITIONAL_REPRESENTATION('',(#2476),#2480);
#2476 = LINE('',#2477,#2478);
#2477 = CARTESIAN_POINT('',(43.6318359375,59.1796875));
#2478 = VECTOR('',#2479,1.);
#2479 = DIRECTION('',(0.,-1.));
#2480 = ( GEOMETRIC_REPRESENTATION_CONTEXT(2) 
PARAMETRIC_REPRESENTATION_CONTEXT() REPRESENTATION_CONTEXT('2D SPACE',''
  ) );
#2481 = ORIENTED_EDGE('',*,*,#2413,.T.);
#2482 = ADVANCED_FACE('',(#2483),#638,.T.);
#2483 = FACE_BOUND('',#2484,.T.);
#2484 = EDGE_LOOP('',(#2485,#2508,#2529,#2530));
#2485 = ORIENTED_EDGE('',*,*,#2486,.T.);
#2486 = EDGE_CURVE('',#595,#2487,#2489,.T.);
#2487 = VERTEX_POINT('',#2488);
#2488 = CARTESIAN_POINT('',(21.93798828125,29.6796875,4.2));
#2489 = SURFACE_CURVE('',#2490,(#2494,#2501),.PCURVE_S1.);
#2490 = LINE('',#2491,#2492);
#2491 = CARTESIAN_POINT('',(21.93798828125,29.6796875,5.));
#2492 = VECTOR('',#2493,1.);
#2493 = DIRECTION('',(-0.,-0.,-1.));
#2494 = PCURVE('',#638,#2495);
#2495 = DEFINITIONAL_REPRESENTATION('',(#2496),#2500);
#2496 = LINE('',#2497,#2498);
#2497 = CARTESIAN_POINT('',(0.,0.));
#2498 = VECTOR('',#2499,1.);
#2499 = DIRECTION('',(0.,-1.));
#2500 = ( GEOMETRIC_REPRESENTATION_CONTEXT(2) 
PARAMETRIC_REPRESENTATION_CONTEXT() REPRESENTATION_CONTEXT('2D SPACE',''
  ) );
#2501 = PCURVE('',#610,#2502);
#2502 = DEFINITIONAL_REPRESENTATION('',(#2503),#2507);
#2503 = LINE('',#2504,#2505);
#2504 = CARTESIAN_POINT('',(3.10009765625,0.));
#2505 = VECTOR('',#2506,1.);
#2506 = DIRECTION('',(0.,-1.));
#2507 = ( GEOMETRIC_REPRESENTATION_CONTEXT(2) 
PARAMETRIC_REPRESENTATION_CONTEXT() REPRESENTATION_CONTEXT('2D SPACE',''
  ) );
#2508 = ORIENTED_EDGE('',*,*,#2509,.T.);
#2509 = EDGE_CURVE('',#2487,#2439,#2510,.T.);
#2510 = SURFACE_CURVE('',#2511,(#2515,#2522),.PCURVE_S1.);
#2511 = LINE('',#2512,#2513);
#2512 = CARTESIAN_POINT('',(21.93798828125,29.6796875,4.2));
#2513 = VECTOR('',#2514,1.);
#2514 = DIRECTION('',(1.,0.,0.));
#2515 = PCURVE('',#638,#2516);
#2516 = DEFINITIONAL_REPRESENTATION('',(#2517),#2521);
#2517 = LINE('',#2518,#2519);
#2518 = CARTESIAN_POINT('',(0.,-0.8));
#2519 = VECTOR('',#2520,1.);
#2520 = DIRECTION('',(1.,0.));
#2521 = ( GEOMETRIC_REPRESENTATION_CONTEXT(2) 
PARAMETRIC_REPRESENTATION_CONTEXT() REPRESENTATION_CONTEXT('2D SPACE',''
  ) );
#2522 = PCURVE('',#2060,#2523);
#2523 = DEFINITIONAL_REPRESENTATION('',(#2524),#2528);
#2524 = LINE('',#2525,#2526);
#2525 = CARTESIAN_POINT('',(42.93798828125,59.1796875));
#2526 = VECTOR('',#2527,1.);
#2527 = DIRECTION('',(1.,0.));
#2528 = ( GEOMETRIC_REPRESENTATION_CONTEXT(2) 
PARAMETRIC_REPRESENTATION_CONTEXT() REPRESENTATION_CONTEXT('2D SPACE',''
  ) );
#2529 = ORIENTED_EDGE('',*,*,#2438,.F.);
#2530 = ORIENTED_EDGE('',*,*,#622,.F.);
#2531 = ADVANCED_FACE('',(#2532),#610,.T.);
#2532 = FACE_BOUND('',#2533,.T.);
#2533 = EDGE_LOOP('',(#2534,#2535,#2556,#2577));
#2534 = ORIENTED_EDGE('',*,*,#594,.F.);
#2535 = ORIENTED_EDGE('',*,*,#2536,.T.);
#2536 = EDGE_CURVE('',#567,#2537,#2539,.T.);
#2537 = VERTEX_POINT('',#2538);
#2538 = CARTESIAN_POINT('',(21.93798828125,29.5,4.2));
#2539 = SURFACE_CURVE('',#2540,(#2544,#2550),.PCURVE_S1.);
#2540 = LINE('',#2541,#2542);
#2541 = CARTESIAN_POINT('',(21.93798828125,29.5,4.6));
#2542 = VECTOR('',#2543,1.);
#2543 = DIRECTION('',(0.,0.,-1.));
#2544 = PCURVE('',#610,#2545);
#2545 = DEFINITIONAL_REPRESENTATION('',(#2546),#2549);
#2546 = B_SPLINE_CURVE_WITH_KNOTS('',1,(#2547,#2548),.UNSPECIFIED.,.F.,
  .F.,(2,2),(-0.4,0.4),.PIECEWISE_BEZIER_KNOTS.);
#2547 = CARTESIAN_POINT('',(2.92041015625,0.));
#2548 = CARTESIAN_POINT('',(2.92041015625,-0.8));
#2549 = ( GEOMETRIC_REPRESENTATION_CONTEXT(2) 
PARAMETRIC_REPRESENTATION_CONTEXT() REPRESENTATION_CONTEXT('2D SPACE',''
  ) );
#2550 = PCURVE('',#582,#2551);
#2551 = DEFINITIONAL_REPRESENTATION('',(#2552),#2555);
#2552 = B_SPLINE_CURVE_WITH_KNOTS('',1,(#2553,#2554),.UNSPECIFIED.,.F.,
  .F.,(2,2),(-0.4,0.4),.PIECEWISE_BEZIER_KNOTS.);
#2553 = CARTESIAN_POINT('',(0.8,42.93798828125));
#2554 = CARTESIAN_POINT('',(0.,42.93798828125));
#2555 = ( GEOMETRIC_REPRESENTATION_CONTEXT(2) 
PARAMETRIC_REPRESENTATION_CONTEXT() REPRESENTATION_CONTEXT('2D SPACE',''
  ) );
#2556 = ORIENTED_EDGE('',*,*,#2557,.T.);
#2557 = EDGE_CURVE('',#2537,#2487,#2558,.T.);
#2558 = SURFACE_CURVE('',#2559,(#2563,#2570),.PCURVE_S1.);
#2559 = LINE('',#2560,#2561);
#2560 = CARTESIAN_POINT('',(21.93798828125,26.57958984375,4.2));
#2561 = VECTOR('',#2562,1.);
#2562 = DIRECTION('',(0.,1.,0.));
#2563 = PCURVE('',#610,#2564);
#2564 = DEFINITIONAL_REPRESENTATION('',(#2565),#2569);
#2565 = LINE('',#2566,#2567);
#2566 = CARTESIAN_POINT('',(0.,-0.8));
#2567 = VECTOR('',#2568,1.);
#2568 = DIRECTION('',(1.,0.));
#2569 = ( GEOMETRIC_REPRESENTATION_CONTEXT(2) 
PARAMETRIC_REPRESENTATION_CONTEXT() REPRESENTATION_CONTEXT('2D SPACE',''
  ) );
#2570 = PCURVE('',#2060,#2571);
#2571 = DEFINITIONAL_REPRESENTATION('',(#2572),#2576);
#2572 = LINE('',#2573,#2574);
#2573 = CARTESIAN_POINT('',(42.93798828125,56.07958984375));
#2574 = VECTOR('',#2575,1.);
#2575 = DIRECTION('',(0.,1.));
#2576 = ( GEOMETRIC_REPRESENTATION_CONTEXT(2) 
PARAMETRIC_REPRESENTATION_CONTEXT() REPRESENTATION_CONTEXT('2D SPACE',''
  ) );
#2577 = ORIENTED_EDGE('',*,*,#2486,.F.);
#2578 = ADVANCED_FACE('',(#2579),#582,.F.);
#2579 = FACE_BOUND('',#2580,.F.);
#2580 = EDGE_LOOP('',(#2581,#2604,#2623,#2624));
#2581 = ORIENTED_EDGE('',*,*,#2582,.F.);
#2582 = EDGE_CURVE('',#2583,#2537,#2585,.T.);
#2583 = VERTEX_POINT('',#2584);
#2584 = CARTESIAN_POINT('',(19.4189453125,29.5,4.2));
#2585 = SURFACE_CURVE('',#2586,(#2590,#2597),.PCURVE_S1.);
#2586 = LINE('',#2587,#2588);
#2587 = CARTESIAN_POINT('',(-21.,29.5,4.2));
#2588 = VECTOR('',#2589,1.);
#2589 = DIRECTION('',(1.,0.,0.));
#2590 = PCURVE('',#582,#2591);
#2591 = DEFINITIONAL_REPRESENTATION('',(#2592),#2596);
#2592 = LINE('',#2593,#2594);
#2593 = CARTESIAN_POINT('',(0.,0.));
#2594 = VECTOR('',#2595,1.);
#2595 = DIRECTION('',(0.,1.));
#2596 = ( GEOMETRIC_REPRESENTATION_CONTEXT(2) 
PARAMETRIC_REPRESENTATION_CONTEXT() REPRESENTATION_CONTEXT('2D SPACE',''
  ) );
#2597 = PCURVE('',#2060,#2598);
#2598 = DEFINITIONAL_REPRESENTATION('',(#2599),#2603);
#2599 = LINE('',#2600,#2601);
#2600 = CARTESIAN_POINT('',(0.,59.));
#2601 = VECTOR('',#2602,1.);
#2602 = DIRECTION('',(1.,0.));
#2603 = ( GEOMETRIC_REPRESENTATION_CONTEXT(2) 
PARAMETRIC_REPRESENTATION_CONTEXT() REPRESENTATION_CONTEXT('2D SPACE',''
  ) );
#2604 = ORIENTED_EDGE('',*,*,#2605,.T.);
#2605 = EDGE_CURVE('',#2583,#539,#2606,.T.);
#2606 = SURFACE_CURVE('',#2607,(#2611,#2617),.PCURVE_S1.);
#2607 = LINE('',#2608,#2609);
#2608 = CARTESIAN_POINT('',(19.4189453125,29.5,4.6));
#2609 = VECTOR('',#2610,1.);
#2610 = DIRECTION('',(0.,-0.,1.));
#2611 = PCURVE('',#582,#2612);
#2612 = DEFINITIONAL_REPRESENTATION('',(#2613),#2616);
#2613 = B_SPLINE_CURVE_WITH_KNOTS('',1,(#2614,#2615),.UNSPECIFIED.,.F.,
  .F.,(2,2),(-0.4,0.4),.PIECEWISE_BEZIER_KNOTS.);
#2614 = CARTESIAN_POINT('',(0.,40.4189453125));
#2615 = CARTESIAN_POINT('',(0.8,40.4189453125));
#2616 = ( GEOMETRIC_REPRESENTATION_CONTEXT(2) 
PARAMETRIC_REPRESENTATION_CONTEXT() REPRESENTATION_CONTEXT('2D SPACE',''
  ) );
#2617 = PCURVE('',#554,#2618);
#2618 = DEFINITIONAL_REPRESENTATION('',(#2619),#2622);
#2619 = B_SPLINE_CURVE_WITH_KNOTS('',1,(#2620,#2621),.UNSPECIFIED.,.F.,
  .F.,(2,2),(-0.4,0.4),.PIECEWISE_BEZIER_KNOTS.);
#2620 = CARTESIAN_POINT('',(0.1796875,-0.8));
#2621 = CARTESIAN_POINT('',(0.1796875,0.));
#2622 = ( GEOMETRIC_REPRESENTATION_CONTEXT(2) 
PARAMETRIC_REPRESENTATION_CONTEXT() REPRESENTATION_CONTEXT('2D SPACE',''
  ) );
#2623 = ORIENTED_EDGE('',*,*,#566,.T.);
#2624 = ORIENTED_EDGE('',*,*,#2536,.T.);
#2625 = ADVANCED_FACE('',(#2626),#554,.T.);
#2626 = FACE_BOUND('',#2627,.T.);
#2627 = EDGE_LOOP('',(#2628,#2629,#2652,#2673));
#2628 = ORIENTED_EDGE('',*,*,#538,.F.);
#2629 = ORIENTED_EDGE('',*,*,#2630,.T.);
#2630 = EDGE_CURVE('',#511,#2631,#2633,.T.);
#2631 = VERTEX_POINT('',#2632);
#2632 = CARTESIAN_POINT('',(19.4189453125,29.6796875,4.2));
#2633 = SURFACE_CURVE('',#2634,(#2638,#2645),.PCURVE_S1.);
#2634 = LINE('',#2635,#2636);
#2635 = CARTESIAN_POINT('',(19.4189453125,29.6796875,5.));
#2636 = VECTOR('',#2637,1.);
#2637 = DIRECTION('',(-0.,-0.,-1.));
#2638 = PCURVE('',#554,#2639);
#2639 = DEFINITIONAL_REPRESENTATION('',(#2640),#2644);
#2640 = LINE('',#2641,#2642);
#2641 = CARTESIAN_POINT('',(0.,0.));
#2642 = VECTOR('',#2643,1.);
#2643 = DIRECTION('',(0.,-1.));
#2644 = ( GEOMETRIC_REPRESENTATION_CONTEXT(2) 
PARAMETRIC_REPRESENTATION_CONTEXT() REPRESENTATION_CONTEXT('2D SPACE',''
  ) );
#2645 = PCURVE('',#526,#2646);
#2646 = DEFINITIONAL_REPRESENTATION('',(#2647),#2651);
#2647 = LINE('',#2648,#2649);
#2648 = CARTESIAN_POINT('',(0.69384765625,0.));
#2649 = VECTOR('',#2650,1.);
#2650 = DIRECTION('',(0.,-1.));
#2651 = ( GEOMETRIC_REPRESENTATION_CONTEXT(2) 
PARAMETRIC_REPRESENTATION_CONTEXT() REPRESENTATION_CONTEXT('2D SPACE',''
  ) );
#2652 = ORIENTED_EDGE('',*,*,#2653,.T.);
#2653 = EDGE_CURVE('',#2631,#2583,#2654,.T.);
#2654 = SURFACE_CURVE('',#2655,(#2659,#2666),.PCURVE_S1.);
#2655 = LINE('',#2656,#2657);
#2656 = CARTESIAN_POINT('',(19.4189453125,29.6796875,4.2));
#2657 = VECTOR('',#2658,1.);
#2658 = DIRECTION('',(0.,-1.,0.));
#2659 = PCURVE('',#554,#2660);
#2660 = DEFINITIONAL_REPRESENTATION('',(#2661),#2665);
#2661 = LINE('',#2662,#2663);
#2662 = CARTESIAN_POINT('',(0.,-0.8));
#2663 = VECTOR('',#2664,1.);
#2664 = DIRECTION('',(1.,0.));
#2665 = ( GEOMETRIC_REPRESENTATION_CONTEXT(2) 
PARAMETRIC_REPRESENTATION_CONTEXT() REPRESENTATION_CONTEXT('2D SPACE',''
  ) );
#2666 = PCURVE('',#2060,#2667);
#2667 = DEFINITIONAL_REPRESENTATION('',(#2668),#2672);
#2668 = LINE('',#2669,#2670);
#2669 = CARTESIAN_POINT('',(40.4189453125,59.1796875));
#2670 = VECTOR('',#2671,1.);
#2671 = DIRECTION('',(0.,-1.));
#2672 = ( GEOMETRIC_REPRESENTATION_CONTEXT(2) 
PARAMETRIC_REPRESENTATION_CONTEXT() REPRESENTATION_CONTEXT('2D SPACE',''
  ) );
#2673 = ORIENTED_EDGE('',*,*,#2605,.T.);
#2674 = ADVANCED_FACE('',(#2675),#526,.T.);
#2675 = FACE_BOUND('',#2676,.T.);
#2676 = EDGE_LOOP('',(#2677,#2700,#2721,#2722));
#2677 = ORIENTED_EDGE('',*,*,#2678,.T.);
#2678 = EDGE_CURVE('',#483,#2679,#2681,.T.);
#2679 = VERTEX_POINT('',#2680);
#2680 = CARTESIAN_POINT('',(18.72509765625,29.6796875,4.2));
#2681 = SURFACE_CURVE('',#2682,(#2686,#2693),.PCURVE_S1.);
#2682 = LINE('',#2683,#2684);
#2683 = CARTESIAN_POINT('',(18.72509765625,29.6796875,5.));
#2684 = VECTOR('',#2685,1.);
#2685 = DIRECTION('',(-0.,-0.,-1.));
#2686 = PCURVE('',#526,#2687);
#2687 = DEFINITIONAL_REPRESENTATION('',(#2688),#2692);
#2688 = LINE('',#2689,#2690);
#2689 = CARTESIAN_POINT('',(0.,0.));
#2690 = VECTOR('',#2691,1.);
#2691 = DIRECTION('',(0.,-1.));
#2692 = ( GEOMETRIC_REPRESENTATION_CONTEXT(2) 
PARAMETRIC_REPRESENTATION_CONTEXT() REPRESENTATION_CONTEXT('2D SPACE',''
  ) );
#2693 = PCURVE('',#498,#2694);
#2694 = DEFINITIONAL_REPRESENTATION('',(#2695),#2699);
#2695 = LINE('',#2696,#2697);
#2696 = CARTESIAN_POINT('',(3.185546875,0.));
#2697 = VECTOR('',#2698,1.);
#2698 = DIRECTION('',(0.,-1.));
#2699 = ( GEOMETRIC_REPRESENTATION_CONTEXT(2) 
PARAMETRIC_REPRESENTATION_CONTEXT() REPRESENTATION_CONTEXT('2D SPACE',''
  ) );
#2700 = ORIENTED_EDGE('',*,*,#2701,.T.);
#2701 = EDGE_CURVE('',#2679,#2631,#2702,.T.);
#2702 = SURFACE_CURVE('',#2703,(#2707,#2714),.PCURVE_S1.);
#2703 = LINE('',#2704,#2705);
#2704 = CARTESIAN_POINT('',(18.72509765625,29.6796875,4.2));
#2705 = VECTOR('',#2706,1.);
#2706 = DIRECTION('',(1.,0.,0.));
#2707 = PCURVE('',#526,#2708);
#2708 = DEFINITIONAL_REPRESENTATION('',(#2709),#2713);
#2709 = LINE('',#2710,#2711);
#2710 = CARTESIAN_POINT('',(0.,-0.8));
#2711 = VECTOR('',#2712,1.);
#2712 = DIRECTION('',(1.,0.));
#2713 = ( GEOMETRIC_REPRESENTATION_CONTEXT(2) 
PARAMETRIC_REPRESENTATION_CONTEXT() REPRESENTATION_CONTEXT('2D SPACE',''
  ) );
#2714 = PCURVE('',#2060,#2715);
#2715 = DEFINITIONAL_REPRESENTATION('',(#2716),#2720);
#2716 = LINE('',#2717,#2718);
#2717 = CARTESIAN_POINT('',(39.72509765625,59.1796875));
#2718 = VECTOR('',#2719,1.);
#2719 = DIRECTION('',(1.,0.));
#2720 = ( GEOMETRIC_REPRESENTATION_CONTEXT(2) 
PARAMETRIC_REPRESENTATION_CONTEXT() REPRESENTATION_CONTEXT('2D SPACE',''
  ) );
#2721 = ORIENTED_EDGE('',*,*,#2630,.F.);
#2722 = ORIENTED_EDGE('',*,*,#510,.F.);
#2723 = ADVANCED_FACE('',(#2724),#498,.T.);
#2724 = FACE_BOUND('',#2725,.T.);
#2725 = EDGE_LOOP('',(#2726,#2727,#2748,#2769));
#2726 = ORIENTED_EDGE('',*,*,#482,.F.);
#2727 = ORIENTED_EDGE('',*,*,#2728,.T.);
#2728 = EDGE_CURVE('',#455,#2729,#2731,.T.);
#2729 = VERTEX_POINT('',#2730);
#2730 = CARTESIAN_POINT('',(18.72509765625,29.5,4.2));
#2731 = SURFACE_CURVE('',#2732,(#2736,#2742),.PCURVE_S1.);
#2732 = LINE('',#2733,#2734);
#2733 = CARTESIAN_POINT('',(18.72509765625,29.5,4.6));
#2734 = VECTOR('',#2735,1.);
#2735 = DIRECTION('',(0.,0.,-1.));
#2736 = PCURVE('',#498,#2737);
#2737 = DEFINITIONAL_REPRESENTATION('',(#2738),#2741);
#2738 = B_SPLINE_CURVE_WITH_KNOTS('',1,(#2739,#2740),.UNSPECIFIED.,.F.,
  .F.,(2,2),(-0.4,0.4),.PIECEWISE_BEZIER_KNOTS.);
#2739 = CARTESIAN_POINT('',(3.005859375,0.));
#2740 = CARTESIAN_POINT('',(3.005859375,-0.8));
#2741 = ( GEOMETRIC_REPRESENTATION_CONTEXT(2) 
PARAMETRIC_REPRESENTATION_CONTEXT() REPRESENTATION_CONTEXT('2D SPACE',''
  ) );
#2742 = PCURVE('',#470,#2743);
#2743 = DEFINITIONAL_REPRESENTATION('',(#2744),#2747);
#2744 = B_SPLINE_CURVE_WITH_KNOTS('',1,(#2745,#2746),.UNSPECIFIED.,.F.,
  .F.,(2,2),(-0.4,0.4),.PIECEWISE_BEZIER_KNOTS.);
#2745 = CARTESIAN_POINT('',(0.8,39.72509765625));
#2746 = CARTESIAN_POINT('',(0.,39.72509765625));
#2747 = ( GEOMETRIC_REPRESENTATION_CONTEXT(2) 
PARAMETRIC_REPRESENTATION_CONTEXT() REPRESENTATION_CONTEXT('2D SPACE',''
  ) );
#2748 = ORIENTED_EDGE('',*,*,#2749,.T.);
#2749 = EDGE_CURVE('',#2729,#2679,#2750,.T.);
#2750 = SURFACE_CURVE('',#2751,(#2755,#2762),.PCURVE_S1.);
#2751 = LINE('',#2752,#2753);
#2752 = CARTESIAN_POINT('',(18.72509765625,26.494140625,4.2));
#2753 = VECTOR('',#2754,1.);
#2754 = DIRECTION('',(0.,1.,0.));
#2755 = PCURVE('',#498,#2756);
#2756 = DEFINITIONAL_REPRESENTATION('',(#2757),#2761);
#2757 = LINE('',#2758,#2759);
#2758 = CARTESIAN_POINT('',(0.,-0.8));
#2759 = VECTOR('',#2760,1.);
#2760 = DIRECTION('',(1.,0.));
#2761 = ( GEOMETRIC_REPRESENTATION_CONTEXT(2) 
PARAMETRIC_REPRESENTATION_CONTEXT() REPRESENTATION_CONTEXT('2D SPACE',''
  ) );
#2762 = PCURVE('',#2060,#2763);
#2763 = DEFINITIONAL_REPRESENTATION('',(#2764),#2768);
#2764 = LINE('',#2765,#2766);
#2765 = CARTESIAN_POINT('',(39.72509765625,55.994140625));
#2766 = VECTOR('',#2767,1.);
#2767 = DIRECTION('',(0.,1.));
#2768 = ( GEOMETRIC_REPRESENTATION_CONTEXT(2) 
PARAMETRIC_REPRESENTATION_CONTEXT() REPRESENTATION_CONTEXT('2D SPACE',''
  ) );
#2769 = ORIENTED_EDGE('',*,*,#2678,.F.);
#2770 = ADVANCED_FACE('',(#2771),#470,.F.);
#2771 = FACE_BOUND('',#2772,.F.);
#2772 = EDGE_LOOP('',(#2773,#2796,#2832,#2833));
#2773 = ORIENTED_EDGE('',*,*,#2774,.F.);
#2774 = EDGE_CURVE('',#2775,#2729,#2777,.T.);
#2775 = VERTEX_POINT('',#2776);
#2776 = CARTESIAN_POINT('',(16.522153712804,29.5,4.2));
#2777 = SURFACE_CURVE('',#2778,(#2782,#2789),.PCURVE_S1.);
#2778 = LINE('',#2779,#2780);
#2779 = CARTESIAN_POINT('',(-21.,29.5,4.2));
#2780 = VECTOR('',#2781,1.);
#2781 = DIRECTION('',(1.,0.,0.));
#2782 = PCURVE('',#470,#2783);
#2783 = DEFINITIONAL_REPRESENTATION('',(#2784),#2788);
#2784 = LINE('',#2785,#2786);
#2785 = CARTESIAN_POINT('',(0.,0.));
#2786 = VECTOR('',#2787,1.);
#2787 = DIRECTION('',(0.,1.));
#2788 = ( GEOMETRIC_REPRESENTATION_CONTEXT(2) 
PARAMETRIC_REPRESENTATION_CONTEXT() REPRESENTATION_CONTEXT('2D SPACE',''
  ) );
#2789 = PCURVE('',#2060,#2790);
#2790 = DEFINITIONAL_REPRESENTATION('',(#2791),#2795);
#2791 = LINE('',#2792,#2793);
#2792 = CARTESIAN_POINT('',(0.,59.));
#2793 = VECTOR('',#2794,1.);
#2794 = DIRECTION('',(1.,0.));
#2795 = ( GEOMETRIC_REPRESENTATION_CONTEXT(2) 
PARAMETRIC_REPRESENTATION_CONTEXT() REPRESENTATION_CONTEXT('2D SPACE',''
  ) );
#2796 = ORIENTED_EDGE('',*,*,#2797,.T.);
#2797 = EDGE_CURVE('',#2775,#425,#2798,.T.);
#2798 = SURFACE_CURVE('',#2799,(#2808,#2820),.PCURVE_S1.);
#2799 = B_SPLINE_CURVE_WITH_KNOTS('',4,(#2800,#2801,#2802,#2803,#2804,
    #2805,#2806,#2807),.UNSPECIFIED.,.F.,.F.,(5,3,5),(0.,0.588000132009,
    1.),.UNSPECIFIED.);
#2800 = CARTESIAN_POINT('',(16.522153712804,29.5,4.2));
#2801 = CARTESIAN_POINT('',(16.522153712804,29.5,4.31760002639));
#2802 = CARTESIAN_POINT('',(16.522153712804,29.5,4.43520005287));
#2803 = CARTESIAN_POINT('',(16.522153712804,29.5,4.55280007921));
#2804 = CARTESIAN_POINT('',(16.522153712804,29.5,4.75280007919));
#2805 = CARTESIAN_POINT('',(16.522153712804,29.5,4.83520005273));
#2806 = CARTESIAN_POINT('',(16.522153712804,29.5,4.91760002641));
#2807 = CARTESIAN_POINT('',(16.522153712804,29.5,5.));
#2808 = PCURVE('',#470,#2809);
#2809 = DEFINITIONAL_REPRESENTATION('',(#2810),#2819);
#2810 = B_SPLINE_CURVE_WITH_KNOTS('',4,(#2811,#2812,#2813,#2814,#2815,
    #2816,#2817,#2818),.UNSPECIFIED.,.F.,.F.,(5,3,5),(0.,0.588000132009,
    1.),.UNSPECIFIED.);
#2811 = CARTESIAN_POINT('',(0.,37.522153712804));
#2812 = CARTESIAN_POINT('',(0.11760002639,37.522153712804));
#2813 = CARTESIAN_POINT('',(0.23520005287,37.522153712804));
#2814 = CARTESIAN_POINT('',(0.35280007921,37.522153712804));
#2815 = CARTESIAN_POINT('',(0.55280007919,37.522153712804));
#2816 = CARTESIAN_POINT('',(0.63520005273,37.522153712804));
#2817 = CARTESIAN_POINT('',(0.71760002641,37.522153712804));
#2818 = CARTESIAN_POINT('',(0.8,37.522153712804));
#2819 = ( GEOMETRIC_REPRESENTATION_CONTEXT(2) 
PARAMETRIC_REPRESENTATION_CONTEXT() REPRESENTATION_CONTEXT('2D SPACE',''
  ) );
#2820 = PCURVE('',#440,#2821);
#2821 = DEFINITIONAL_REPRESENTATION('',(#2822),#2831);
#2822 = B_SPLINE_CURVE_WITH_KNOTS('',4,(#2823,#2824,#2825,#2826,#2827,
    #2828,#2829,#2830),.UNSPECIFIED.,.F.,.F.,(5,3,5),(0.,0.588000132009,
    1.),.UNSPECIFIED.);
#2823 = CARTESIAN_POINT('',(0.614826428479,-0.79999999992));
#2824 = CARTESIAN_POINT('',(0.614826428479,-0.68239997353));
#2825 = CARTESIAN_POINT('',(0.614826428479,-0.56479994723));
#2826 = CARTESIAN_POINT('',(0.614826428479,-0.44719992079));
#2827 = CARTESIAN_POINT('',(0.614826428479,-0.24719992081));
#2828 = CARTESIAN_POINT('',(0.614826428479,-0.16479994717));
#2829 = CARTESIAN_POINT('',(0.614826428479,-8.239997366994E-02));
#2830 = CARTESIAN_POINT('',(0.614826428479,-7.993983253129E-11));
#2831 = ( GEOMETRIC_REPRESENTATION_CONTEXT(2) 
PARAMETRIC_REPRESENTATION_CONTEXT() REPRESENTATION_CONTEXT('2D SPACE',''
  ) );
#2832 = ORIENTED_EDGE('',*,*,#454,.T.);
#2833 = ORIENTED_EDGE('',*,*,#2728,.T.);
#2834 = ADVANCED_FACE('',(#2835),#440,.T.);
#2835 = FACE_BOUND('',#2836,.T.);
#2836 = EDGE_LOOP('',(#2837,#2838,#2861,#2882));
#2837 = ORIENTED_EDGE('',*,*,#424,.F.);
#2838 = ORIENTED_EDGE('',*,*,#2839,.T.);
#2839 = EDGE_CURVE('',#395,#2840,#2842,.T.);
#2840 = VERTEX_POINT('',#2841);
#2841 = CARTESIAN_POINT('',(15.365234375,29.77197265625,4.2));
#2842 = SURFACE_CURVE('',#2843,(#2847,#2854),.PCURVE_S1.);
#2843 = LINE('',#2844,#2845);
#2844 = CARTESIAN_POINT('',(15.365234375,29.77197265625,5.));
#2845 = VECTOR('',#2846,1.);
#2846 = DIRECTION('',(-0.,-0.,-1.));
#2847 = PCURVE('',#440,#2848);
#2848 = DEFINITIONAL_REPRESENTATION('',(#2849),#2853);
#2849 = LINE('',#2850,#2851);
#2850 = CARTESIAN_POINT('',(0.,0.));
#2851 = VECTOR('',#2852,1.);
#2852 = DIRECTION('',(0.,-1.));
#2853 = ( GEOMETRIC_REPRESENTATION_CONTEXT(2) 
PARAMETRIC_REPRESENTATION_CONTEXT() REPRESENTATION_CONTEXT('2D SPACE',''
  ) );
#2854 = PCURVE('',#410,#2855);
#2855 = DEFINITIONAL_REPRESENTATION('',(#2856),#2860);
#2856 = LINE('',#2857,#2858);
#2857 = CARTESIAN_POINT('',(1.,0.));
#2858 = VECTOR('',#2859,1.);
#2859 = DIRECTION('',(0.,-1.));
#2860 = ( GEOMETRIC_REPRESENTATION_CONTEXT(2) 
PARAMETRIC_REPRESENTATION_CONTEXT() REPRESENTATION_CONTEXT('2D SPACE',''
  ) );
#2861 = ORIENTED_EDGE('',*,*,#2862,.T.);
#2862 = EDGE_CURVE('',#2840,#2775,#2863,.T.);
#2863 = SURFACE_CURVE('',#2864,(#2868,#2875),.PCURVE_S1.);
#2864 = B_SPLINE_CURVE_WITH_KNOTS('',2,(#2865,#2866,#2867),
  .UNSPECIFIED.,.F.,.F.,(3,3),(0.,1.),.PIECEWISE_BEZIER_KNOTS.);
#2865 = CARTESIAN_POINT('',(15.365234375,29.77197265625,4.2));
#2866 = CARTESIAN_POINT('',(16.4384765625,29.77197265625,4.2));
#2867 = CARTESIAN_POINT('',(17.0810546875,29.052490234375,4.2));
#2868 = PCURVE('',#440,#2869);
#2869 = DEFINITIONAL_REPRESENTATION('',(#2870),#2874);
#2870 = LINE('',#2871,#2872);
#2871 = CARTESIAN_POINT('',(0.,-0.8));
#2872 = VECTOR('',#2873,1.);
#2873 = DIRECTION('',(1.,0.));
#2874 = ( GEOMETRIC_REPRESENTATION_CONTEXT(2) 
PARAMETRIC_REPRESENTATION_CONTEXT() REPRESENTATION_CONTEXT('2D SPACE',''
  ) );
#2875 = PCURVE('',#2060,#2876);
#2876 = DEFINITIONAL_REPRESENTATION('',(#2877),#2881);
#2877 = B_SPLINE_CURVE_WITH_KNOTS('',2,(#2878,#2879,#2880),
  .UNSPECIFIED.,.F.,.F.,(3,3),(0.,1.),.PIECEWISE_BEZIER_KNOTS.);
#2878 = CARTESIAN_POINT('',(36.365234375,59.27197265625));
#2879 = CARTESIAN_POINT('',(37.4384765625,59.27197265625));
#2880 = CARTESIAN_POINT('',(38.0810546875,58.552490234375));
#2881 = ( GEOMETRIC_REPRESENTATION_CONTEXT(2) 
PARAMETRIC_REPRESENTATION_CONTEXT() REPRESENTATION_CONTEXT('2D SPACE',''
  ) );
#2882 = ORIENTED_EDGE('',*,*,#2797,.T.);
#2883 = ADVANCED_FACE('',(#2884),#410,.T.);
#2884 = FACE_BOUND('',#2885,.T.);
#2885 = EDGE_LOOP('',(#2886,#2887,#2925,#2946));
#2886 = ORIENTED_EDGE('',*,*,#394,.F.);
#2887 = ORIENTED_EDGE('',*,*,#2888,.F.);
#2888 = EDGE_CURVE('',#2889,#367,#2891,.T.);
#2889 = VERTEX_POINT('',#2890);
#2890 = CARTESIAN_POINT('',(14.204758137968,29.5,4.2));
#2891 = SURFACE_CURVE('',#2892,(#2901,#2913),.PCURVE_S1.);
#2892 = B_SPLINE_CURVE_WITH_KNOTS('',4,(#2893,#2894,#2895,#2896,#2897,
    #2898,#2899,#2900),.UNSPECIFIED.,.F.,.F.,(5,3,5),(0.,0.588000132009,
    1.),.UNSPECIFIED.);
#2893 = CARTESIAN_POINT('',(14.204758137968,29.5,4.2));
#2894 = CARTESIAN_POINT('',(14.204758137968,29.5,4.31760002639));
#2895 = CARTESIAN_POINT('',(14.204758137968,29.5,4.43520005287));
#2896 = CARTESIAN_POINT('',(14.204758137968,29.5,4.55280007921));
#2897 = CARTESIAN_POINT('',(14.204758137968,29.5,4.75280007919));
#2898 = CARTESIAN_POINT('',(14.204758137968,29.5,4.83520005273));
#2899 = CARTESIAN_POINT('',(14.204758137968,29.5,4.91760002641));
#2900 = CARTESIAN_POINT('',(14.204758137968,29.5,5.));
#2901 = PCURVE('',#410,#2902);
#2902 = DEFINITIONAL_REPRESENTATION('',(#2903),#2912);
#2903 = B_SPLINE_CURVE_WITH_KNOTS('',4,(#2904,#2905,#2906,#2907,#2908,
    #2909,#2910,#2911),.UNSPECIFIED.,.F.,.F.,(5,3,5),(0.,0.588000132009,
    1.),.UNSPECIFIED.);
#2904 = CARTESIAN_POINT('',(0.385173571521,-0.79999999992));
#2905 = CARTESIAN_POINT('',(0.385173571521,-0.68239997353));
#2906 = CARTESIAN_POINT('',(0.385173571521,-0.56479994723));
#2907 = CARTESIAN_POINT('',(0.385173571521,-0.44719992079));
#2908 = CARTESIAN_POINT('',(0.385173571521,-0.24719992081));
#2909 = CARTESIAN_POINT('',(0.385173571521,-0.16479994717));
#2910 = CARTESIAN_POINT('',(0.385173571521,-8.239997366994E-02));
#2911 = CARTESIAN_POINT('',(0.385173571521,-7.993983253129E-11));
#2912 = ( GEOMETRIC_REPRESENTATION_CONTEXT(2) 
PARAMETRIC_REPRESENTATION_CONTEXT() REPRESENTATION_CONTEXT('2D SPACE',''
  ) );
#2913 = PCURVE('',#382,#2914);
#2914 = DEFINITIONAL_REPRESENTATION('',(#2915),#2924);
#2915 = B_SPLINE_CURVE_WITH_KNOTS('',4,(#2916,#2917,#2918,#2919,#2920,
    #2921,#2922,#2923),.UNSPECIFIED.,.F.,.F.,(5,3,5),(0.,0.588000132009,
    1.),.UNSPECIFIED.);
#2916 = CARTESIAN_POINT('',(0.,35.204758137968));
#2917 = CARTESIAN_POINT('',(0.11760002639,35.204758137968));
#2918 = CARTESIAN_POINT('',(0.23520005287,35.204758137968));
#2919 = CARTESIAN_POINT('',(0.35280007921,35.204758137968));
#2920 = CARTESIAN_POINT('',(0.55280007919,35.204758137968));
#2921 = CARTESIAN_POINT('',(0.63520005273,35.204758137968));
#2922 = CARTESIAN_POINT('',(0.71760002641,35.204758137968));
#2923 = CARTESIAN_POINT('',(0.8,35.204758137968));
#2924 = ( GEOMETRIC_REPRESENTATION_CONTEXT(2) 
PARAMETRIC_REPRESENTATION_CONTEXT() REPRESENTATION_CONTEXT('2D SPACE',''
  ) );
#2925 = ORIENTED_EDGE('',*,*,#2926,.T.);
#2926 = EDGE_CURVE('',#2889,#2840,#2927,.T.);
#2927 = SURFACE_CURVE('',#2928,(#2932,#2939),.PCURVE_S1.);
#2928 = B_SPLINE_CURVE_WITH_KNOTS('',2,(#2929,#2930,#2931),
  .UNSPECIFIED.,.F.,.F.,(3,3),(0.,1.),.PIECEWISE_BEZIER_KNOTS.);
#2929 = CARTESIAN_POINT('',(13.644287109375,29.052490234375,4.2));
#2930 = CARTESIAN_POINT('',(14.28857421875,29.77197265625,4.2));
#2931 = CARTESIAN_POINT('',(15.365234375,29.77197265625,4.2));
#2932 = PCURVE('',#410,#2933);
#2933 = DEFINITIONAL_REPRESENTATION('',(#2934),#2938);
#2934 = LINE('',#2935,#2936);
#2935 = CARTESIAN_POINT('',(0.,-0.8));
#2936 = VECTOR('',#2937,1.);
#2937 = DIRECTION('',(1.,0.));
#2938 = ( GEOMETRIC_REPRESENTATION_CONTEXT(2) 
PARAMETRIC_REPRESENTATION_CONTEXT() REPRESENTATION_CONTEXT('2D SPACE',''
  ) );
#2939 = PCURVE('',#2060,#2940);
#2940 = DEFINITIONAL_REPRESENTATION('',(#2941),#2945);
#2941 = B_SPLINE_CURVE_WITH_KNOTS('',2,(#2942,#2943,#2944),
  .UNSPECIFIED.,.F.,.F.,(3,3),(0.,1.),.PIECEWISE_BEZIER_KNOTS.);
#2942 = CARTESIAN_POINT('',(34.644287109375,58.552490234375));
#2943 = CARTESIAN_POINT('',(35.28857421875,59.27197265625));
#2944 = CARTESIAN_POINT('',(36.365234375,59.27197265625));
#2945 = ( GEOMETRIC_REPRESENTATION_CONTEXT(2) 
PARAMETRIC_REPRESENTATION_CONTEXT() REPRESENTATION_CONTEXT('2D SPACE',''
  ) );
#2946 = ORIENTED_EDGE('',*,*,#2839,.F.);
#2947 = ADVANCED_FACE('',(#2948),#382,.F.);
#2948 = FACE_BOUND('',#2949,.F.);
#2949 = EDGE_LOOP('',(#2950,#2973,#2994,#2995));
#2950 = ORIENTED_EDGE('',*,*,#2951,.F.);
#2951 = EDGE_CURVE('',#2952,#2889,#2954,.T.);
#2952 = VERTEX_POINT('',#2953);
#2953 = CARTESIAN_POINT('',(-21.,29.5,4.2));
#2954 = SURFACE_CURVE('',#2955,(#2959,#2966),.PCURVE_S1.);
#2955 = LINE('',#2956,#2957);
#2956 = CARTESIAN_POINT('',(-21.,29.5,4.2));
#2957 = VECTOR('',#2958,1.);
#2958 = DIRECTION('',(1.,0.,0.));
#2959 = PCURVE('',#382,#2960);
#2960 = DEFINITIONAL_REPRESENTATION('',(#2961),#2965);
#2961 = LINE('',#2962,#2963);
#2962 = CARTESIAN_POINT('',(0.,0.));
#2963 = VECTOR('',#2964,1.);
#2964 = DIRECTION('',(0.,1.));
#2965 = ( GEOMETRIC_REPRESENTATION_CONTEXT(2) 
PARAMETRIC_REPRESENTATION_CONTEXT() REPRESENTATION_CONTEXT('2D SPACE',''
  ) );
#2966 = PCURVE('',#2060,#2967);
#2967 = DEFINITIONAL_REPRESENTATION('',(#2968),#2972);
#2968 = LINE('',#2969,#2970);
#2969 = CARTESIAN_POINT('',(0.,59.));
#2970 = VECTOR('',#2971,1.);
#2971 = DIRECTION('',(1.,0.));
#2972 = ( GEOMETRIC_REPRESENTATION_CONTEXT(2) 
PARAMETRIC_REPRESENTATION_CONTEXT() REPRESENTATION_CONTEXT('2D SPACE',''
  ) );
#2973 = ORIENTED_EDGE('',*,*,#2974,.T.);
#2974 = EDGE_CURVE('',#2952,#339,#2975,.T.);
#2975 = SURFACE_CURVE('',#2976,(#2980,#2987),.PCURVE_S1.);
#2976 = LINE('',#2977,#2978);
#2977 = CARTESIAN_POINT('',(-21.,29.5,4.2));
#2978 = VECTOR('',#2979,1.);
#2979 = DIRECTION('',(0.,0.,1.));
#2980 = PCURVE('',#382,#2981);
#2981 = DEFINITIONAL_REPRESENTATION('',(#2982),#2986);
#2982 = LINE('',#2983,#2984);
#2983 = CARTESIAN_POINT('',(0.,0.));
#2984 = VECTOR('',#2985,1.);
#2985 = DIRECTION('',(1.,0.));
#2986 = ( GEOMETRIC_REPRESENTATION_CONTEXT(2) 
PARAMETRIC_REPRESENTATION_CONTEXT() REPRESENTATION_CONTEXT('2D SPACE',''
  ) );
#2987 = PCURVE('',#354,#2988);
#2988 = DEFINITIONAL_REPRESENTATION('',(#2989),#2993);
#2989 = LINE('',#2990,#2991);
#2990 = CARTESIAN_POINT('',(0.,-59.));
#2991 = VECTOR('',#2992,1.);
#2992 = DIRECTION('',(1.,0.));
#2993 = ( GEOMETRIC_REPRESENTATION_CONTEXT(2) 
PARAMETRIC_REPRESENTATION_CONTEXT() REPRESENTATION_CONTEXT('2D SPACE',''
  ) );
#2994 = ORIENTED_EDGE('',*,*,#366,.T.);
#2995 = ORIENTED_EDGE('',*,*,#2888,.F.);
#2996 = ADVANCED_FACE('',(#2997),#354,.T.);
#2997 = FACE_BOUND('',#2998,.T.);
#2998 = EDGE_LOOP('',(#2999,#3000,#3023,#3046,#3069,#3092,#3115,#3136));
#2999 = ORIENTED_EDGE('',*,*,#338,.F.);
#3000 = ORIENTED_EDGE('',*,*,#3001,.F.);
#3001 = EDGE_CURVE('',#3002,#311,#3004,.T.);
#3002 = VERTEX_POINT('',#3003);
#3003 = CARTESIAN_POINT('',(-21.,-29.5,4.2));
#3004 = SURFACE_CURVE('',#3005,(#3009,#3016),.PCURVE_S1.);
#3005 = LINE('',#3006,#3007);
#3006 = CARTESIAN_POINT('',(-21.,-29.5,4.2));
#3007 = VECTOR('',#3008,1.);
#3008 = DIRECTION('',(0.,0.,1.));
#3009 = PCURVE('',#354,#3010);
#3010 = DEFINITIONAL_REPRESENTATION('',(#3011),#3015);
#3011 = LINE('',#3012,#3013);
#3012 = CARTESIAN_POINT('',(0.,0.));
#3013 = VECTOR('',#3014,1.);
#3014 = DIRECTION('',(1.,0.));
#3015 = ( GEOMETRIC_REPRESENTATION_CONTEXT(2) 
PARAMETRIC_REPRESENTATION_CONTEXT() REPRESENTATION_CONTEXT('2D SPACE',''
  ) );
#3016 = PCURVE('',#326,#3017);
#3017 = DEFINITIONAL_REPRESENTATION('',(#3018),#3022);
#3018 = LINE('',#3019,#3020);
#3019 = CARTESIAN_POINT('',(0.,0.));
#3020 = VECTOR('',#3021,1.);
#3021 = DIRECTION('',(1.,0.));
#3022 = ( GEOMETRIC_REPRESENTATION_CONTEXT(2) 
PARAMETRIC_REPRESENTATION_CONTEXT() REPRESENTATION_CONTEXT('2D SPACE',''
  ) );
#3023 = ORIENTED_EDGE('',*,*,#3024,.T.);
#3024 = EDGE_CURVE('',#3002,#3025,#3027,.T.);
#3025 = VERTEX_POINT('',#3026);
#3026 = CARTESIAN_POINT('',(-21.,-26.5,4.2));
#3027 = SURFACE_CURVE('',#3028,(#3032,#3039),.PCURVE_S1.);
#3028 = LINE('',#3029,#3030);
#3029 = CARTESIAN_POINT('',(-21.,-29.5,4.2));
#3030 = VECTOR('',#3031,1.);
#3031 = DIRECTION('',(0.,1.,0.));
#3032 = PCURVE('',#354,#3033);
#3033 = DEFINITIONAL_REPRESENTATION('',(#3034),#3038);
#3034 = LINE('',#3035,#3036);
#3035 = CARTESIAN_POINT('',(0.,0.));
#3036 = VECTOR('',#3037,1.);
#3037 = DIRECTION('',(0.,-1.));
#3038 = ( GEOMETRIC_REPRESENTATION_CONTEXT(2) 
PARAMETRIC_REPRESENTATION_CONTEXT() REPRESENTATION_CONTEXT('2D SPACE',''
  ) );
#3039 = PCURVE('',#2165,#3040);
#3040 = DEFINITIONAL_REPRESENTATION('',(#3041),#3045);
#3041 = LINE('',#3042,#3043);
#3042 = CARTESIAN_POINT('',(0.,0.));
#3043 = VECTOR('',#3044,1.);
#3044 = DIRECTION('',(0.,1.));
#3045 = ( GEOMETRIC_REPRESENTATION_CONTEXT(2) 
PARAMETRIC_REPRESENTATION_CONTEXT() REPRESENTATION_CONTEXT('2D SPACE',''
  ) );
#3046 = ORIENTED_EDGE('',*,*,#3047,.F.);
#3047 = EDGE_CURVE('',#3048,#3025,#3050,.T.);
#3048 = VERTEX_POINT('',#3049);
#3049 = CARTESIAN_POINT('',(-21.,-26.5,3.7));
#3050 = SURFACE_CURVE('',#3051,(#3055,#3062),.PCURVE_S1.);
#3051 = LINE('',#3052,#3053);
#3052 = CARTESIAN_POINT('',(-21.,-26.5,3.7));
#3053 = VECTOR('',#3054,1.);
#3054 = DIRECTION('',(0.,0.,1.));
#3055 = PCURVE('',#354,#3056);
#3056 = DEFINITIONAL_REPRESENTATION('',(#3057),#3061);
#3057 = LINE('',#3058,#3059);
#3058 = CARTESIAN_POINT('',(-0.5,-3.));
#3059 = VECTOR('',#3060,1.);
#3060 = DIRECTION('',(1.,0.));
#3061 = ( GEOMETRIC_REPRESENTATION_CONTEXT(2) 
PARAMETRIC_REPRESENTATION_CONTEXT() REPRESENTATION_CONTEXT('2D SPACE',''
  ) );
#3062 = PCURVE('',#2139,#3063);
#3063 = DEFINITIONAL_REPRESENTATION('',(#3064),#3068);
#3064 = LINE('',#3065,#3066);
#3065 = CARTESIAN_POINT('',(0.,0.));
#3066 = VECTOR('',#3067,1.);
#3067 = DIRECTION('',(1.,0.));
#3068 = ( GEOMETRIC_REPRESENTATION_CONTEXT(2) 
PARAMETRIC_REPRESENTATION_CONTEXT() REPRESENTATION_CONTEXT('2D SPACE',''
  ) );
#3069 = ORIENTED_EDGE('',*,*,#3070,.T.);
#3070 = EDGE_CURVE('',#3048,#3071,#3073,.T.);
#3071 = VERTEX_POINT('',#3072);
#3072 = CARTESIAN_POINT('',(-21.,26.5,3.7));
#3073 = SURFACE_CURVE('',#3074,(#3078,#3085),.PCURVE_S1.);
#3074 = LINE('',#3075,#3076);
#3075 = CARTESIAN_POINT('',(-21.,-26.5,3.7));
#3076 = VECTOR('',#3077,1.);
#3077 = DIRECTION('',(0.,1.,0.));
#3078 = PCURVE('',#354,#3079);
#3079 = DEFINITIONAL_REPRESENTATION('',(#3080),#3084);
#3080 = LINE('',#3081,#3082);
#3081 = CARTESIAN_POINT('',(-0.5,-3.));
#3082 = VECTOR('',#3083,1.);
#3083 = DIRECTION('',(0.,-1.));
#3084 = ( GEOMETRIC_REPRESENTATION_CONTEXT(2) 
PARAMETRIC_REPRESENTATION_CONTEXT() REPRESENTATION_CONTEXT('2D SPACE',''
  ) );
#3085 = PCURVE('',#2113,#3086);
#3086 = DEFINITIONAL_REPRESENTATION('',(#3087),#3091);
#3087 = LINE('',#3088,#3089);
#3088 = CARTESIAN_POINT('',(0.,0.));
#3089 = VECTOR('',#3090,1.);
#3090 = DIRECTION('',(0.,1.));
#3091 = ( GEOMETRIC_REPRESENTATION_CONTEXT(2) 
PARAMETRIC_REPRESENTATION_CONTEXT() REPRESENTATION_CONTEXT('2D SPACE',''
  ) );
#3092 = ORIENTED_EDGE('',*,*,#3093,.T.);
#3093 = EDGE_CURVE('',#3071,#3094,#3096,.T.);
#3094 = VERTEX_POINT('',#3095);
#3095 = CARTESIAN_POINT('',(-21.,26.5,4.2));
#3096 = SURFACE_CURVE('',#3097,(#3101,#3108),.PCURVE_S1.);
#3097 = LINE('',#3098,#3099);
#3098 = CARTESIAN_POINT('',(-21.,26.5,3.7));
#3099 = VECTOR('',#3100,1.);
#3100 = DIRECTION('',(0.,0.,1.));
#3101 = PCURVE('',#354,#3102);
#3102 = DEFINITIONAL_REPRESENTATION('',(#3103),#3107);
#3103 = LINE('',#3104,#3105);
#3104 = CARTESIAN_POINT('',(-0.5,-56.));
#3105 = VECTOR('',#3106,1.);
#3106 = DIRECTION('',(1.,0.));
#3107 = ( GEOMETRIC_REPRESENTATION_CONTEXT(2) 
PARAMETRIC_REPRESENTATION_CONTEXT() REPRESENTATION_CONTEXT('2D SPACE',''
  ) );
#3108 = PCURVE('',#2087,#3109);
#3109 = DEFINITIONAL_REPRESENTATION('',(#3110),#3114);
#3110 = LINE('',#3111,#3112);
#3111 = CARTESIAN_POINT('',(0.,0.));
#3112 = VECTOR('',#3113,1.);
#3113 = DIRECTION('',(1.,0.));
#3114 = ( GEOMETRIC_REPRESENTATION_CONTEXT(2) 
PARAMETRIC_REPRESENTATION_CONTEXT() REPRESENTATION_CONTEXT('2D SPACE',''
  ) );
#3115 = ORIENTED_EDGE('',*,*,#3116,.T.);
#3116 = EDGE_CURVE('',#3094,#2952,#3117,.T.);
#3117 = SURFACE_CURVE('',#3118,(#3122,#3129),.PCURVE_S1.);
#3118 = LINE('',#3119,#3120);
#3119 = CARTESIAN_POINT('',(-21.,-29.5,4.2));
#3120 = VECTOR('',#3121,1.);
#3121 = DIRECTION('',(0.,1.,0.));
#3122 = PCURVE('',#354,#3123);
#3123 = DEFINITIONAL_REPRESENTATION('',(#3124),#3128);
#3124 = LINE('',#3125,#3126);
#3125 = CARTESIAN_POINT('',(0.,0.));
#3126 = VECTOR('',#3127,1.);
#3127 = DIRECTION('',(0.,-1.));
#3128 = ( GEOMETRIC_REPRESENTATION_CONTEXT(2) 
PARAMETRIC_REPRESENTATION_CONTEXT() REPRESENTATION_CONTEXT('2D SPACE',''
  ) );
#3129 = PCURVE('',#2060,#3130);
#3130 = DEFINITIONAL_REPRESENTATION('',(#3131),#3135);
#3131 = LINE('',#3132,#3133);
#3132 = CARTESIAN_POINT('',(0.,0.));
#3133 = VECTOR('',#3134,1.);
#3134 = DIRECTION('',(0.,1.));
#3135 = ( GEOMETRIC_REPRESENTATION_CONTEXT(2) 
PARAMETRIC_REPRESENTATION_CONTEXT() REPRESENTATION_CONTEXT('2D SPACE',''
  ) );
#3136 = ORIENTED_EDGE('',*,*,#2974,.T.);
#3137 = ADVANCED_FACE('',(#3138),#326,.T.);
#3138 = FACE_BOUND('',#3139,.T.);
#3139 = EDGE_LOOP('',(#3140,#3161,#3162,#3163));
#3140 = ORIENTED_EDGE('',*,*,#3141,.F.);
#3141 = EDGE_CURVE('',#3002,#2151,#3142,.T.);
#3142 = SURFACE_CURVE('',#3143,(#3147,#3154),.PCURVE_S1.);
#3143 = LINE('',#3144,#3145);
#3144 = CARTESIAN_POINT('',(-21.,-29.5,4.2));
#3145 = VECTOR('',#3146,1.);
#3146 = DIRECTION('',(1.,0.,0.));
#3147 = PCURVE('',#326,#3148);
#3148 = DEFINITIONAL_REPRESENTATION('',(#3149),#3153);
#3149 = LINE('',#3150,#3151);
#3150 = CARTESIAN_POINT('',(0.,0.));
#3151 = VECTOR('',#3152,1.);
#3152 = DIRECTION('',(0.,1.));
#3153 = ( GEOMETRIC_REPRESENTATION_CONTEXT(2) 
PARAMETRIC_REPRESENTATION_CONTEXT() REPRESENTATION_CONTEXT('2D SPACE',''
  ) );
#3154 = PCURVE('',#2165,#3155);
#3155 = DEFINITIONAL_REPRESENTATION('',(#3156),#3160);
#3156 = LINE('',#3157,#3158);
#3157 = CARTESIAN_POINT('',(0.,0.));
#3158 = VECTOR('',#3159,1.);
#3159 = DIRECTION('',(1.,0.));
#3160 = ( GEOMETRIC_REPRESENTATION_CONTEXT(2) 
PARAMETRIC_REPRESENTATION_CONTEXT() REPRESENTATION_CONTEXT('2D SPACE',''
  ) );
#3161 = ORIENTED_EDGE('',*,*,#3001,.T.);
#3162 = ORIENTED_EDGE('',*,*,#310,.T.);
#3163 = ORIENTED_EDGE('',*,*,#2176,.F.);
#3164 = ADVANCED_FACE('',(#3165),#836,.T.);
#3165 = FACE_BOUND('',#3166,.T.);
#3166 = EDGE_LOOP('',(#3167,#3190,#3218,#3239));
#3167 = ORIENTED_EDGE('',*,*,#3168,.T.);
#3168 = EDGE_CURVE('',#819,#3169,#3171,.T.);
#3169 = VERTEX_POINT('',#3170);
#3170 = CARTESIAN_POINT('',(-42.03930664062,28.905883789062,4.2));
#3171 = SURFACE_CURVE('',#3172,(#3176,#3183),.PCURVE_S1.);
#3172 = LINE('',#3173,#3174);
#3173 = CARTESIAN_POINT('',(-42.03930664062,28.905883789062,5.));
#3174 = VECTOR('',#3175,1.);
#3175 = DIRECTION('',(-0.,-0.,-1.));
#3176 = PCURVE('',#836,#3177);
#3177 = DEFINITIONAL_REPRESENTATION('',(#3178),#3182);
#3178 = LINE('',#3179,#3180);
#3179 = CARTESIAN_POINT('',(0.,0.));
#3180 = VECTOR('',#3181,1.);
#3181 = DIRECTION('',(0.,-1.));
#3182 = ( GEOMETRIC_REPRESENTATION_CONTEXT(2) 
PARAMETRIC_REPRESENTATION_CONTEXT() REPRESENTATION_CONTEXT('2D SPACE',''
  ) );
#3183 = PCURVE('',#1044,#3184);
#3184 = DEFINITIONAL_REPRESENTATION('',(#3185),#3189);
#3185 = LINE('',#3186,#3187);
#3186 = CARTESIAN_POINT('',(1.,0.));
#3187 = VECTOR('',#3188,1.);
#3188 = DIRECTION('',(0.,-1.));
#3189 = ( GEOMETRIC_REPRESENTATION_CONTEXT(2) 
PARAMETRIC_REPRESENTATION_CONTEXT() REPRESENTATION_CONTEXT('2D SPACE',''
  ) );
#3190 = ORIENTED_EDGE('',*,*,#3191,.T.);
#3191 = EDGE_CURVE('',#3169,#3192,#3194,.T.);
#3192 = VERTEX_POINT('',#3193);
#3193 = CARTESIAN_POINT('',(-40.44128417968,29.573974609375,4.2));
#3194 = SURFACE_CURVE('',#3195,(#3199,#3206),.PCURVE_S1.);
#3195 = B_SPLINE_CURVE_WITH_KNOTS('',2,(#3196,#3197,#3198),
  .UNSPECIFIED.,.F.,.F.,(3,3),(0.,1.),.PIECEWISE_BEZIER_KNOTS.);
#3196 = CARTESIAN_POINT('',(-42.03930664062,28.905883789062,4.2));
#3197 = CARTESIAN_POINT('',(-41.44104003906,29.573974609375,4.2));
#3198 = CARTESIAN_POINT('',(-40.44128417968,29.573974609375,4.2));
#3199 = PCURVE('',#836,#3200);
#3200 = DEFINITIONAL_REPRESENTATION('',(#3201),#3205);
#3201 = LINE('',#3202,#3203);
#3202 = CARTESIAN_POINT('',(0.,-0.8));
#3203 = VECTOR('',#3204,1.);
#3204 = DIRECTION('',(1.,0.));
#3205 = ( GEOMETRIC_REPRESENTATION_CONTEXT(2) 
PARAMETRIC_REPRESENTATION_CONTEXT() REPRESENTATION_CONTEXT('2D SPACE',''
  ) );
#3206 = PCURVE('',#3207,#3212);
#3207 = PLANE('',#3208);
#3208 = AXIS2_PLACEMENT_3D('',#3209,#3210,#3211);
#3209 = CARTESIAN_POINT('',(-43.00256347656,24.749755859375,4.2));
#3210 = DIRECTION('',(0.,0.,1.));
#3211 = DIRECTION('',(1.,0.,0.));
#3212 = DEFINITIONAL_REPRESENTATION('',(#3213),#3217);
#3213 = B_SPLINE_CURVE_WITH_KNOTS('',2,(#3214,#3215,#3216),
  .UNSPECIFIED.,.F.,.F.,(3,3),(0.,1.),.PIECEWISE_BEZIER_KNOTS.);
#3214 = CARTESIAN_POINT('',(0.963256835938,4.156127929688));
#3215 = CARTESIAN_POINT('',(1.5615234375,4.82421875));
#3216 = CARTESIAN_POINT('',(2.561279296875,4.82421875));
#3217 = ( GEOMETRIC_REPRESENTATION_CONTEXT(2) 
PARAMETRIC_REPRESENTATION_CONTEXT() REPRESENTATION_CONTEXT('2D SPACE',''
  ) );
#3218 = ORIENTED_EDGE('',*,*,#3219,.F.);
#3219 = EDGE_CURVE('',#821,#3192,#3220,.T.);
#3220 = SURFACE_CURVE('',#3221,(#3225,#3232),.PCURVE_S1.);
#3221 = LINE('',#3222,#3223);
#3222 = CARTESIAN_POINT('',(-40.44128417968,29.573974609375,5.));
#3223 = VECTOR('',#3224,1.);
#3224 = DIRECTION('',(-0.,-0.,-1.));
#3225 = PCURVE('',#836,#3226);
#3226 = DEFINITIONAL_REPRESENTATION('',(#3227),#3231);
#3227 = LINE('',#3228,#3229);
#3228 = CARTESIAN_POINT('',(1.,0.));
#3229 = VECTOR('',#3230,1.);
#3230 = DIRECTION('',(0.,-1.));
#3231 = ( GEOMETRIC_REPRESENTATION_CONTEXT(2) 
PARAMETRIC_REPRESENTATION_CONTEXT() REPRESENTATION_CONTEXT('2D SPACE',''
  ) );
#3232 = PCURVE('',#866,#3233);
#3233 = DEFINITIONAL_REPRESENTATION('',(#3234),#3238);
#3234 = LINE('',#3235,#3236);
#3235 = CARTESIAN_POINT('',(0.,0.));
#3236 = VECTOR('',#3237,1.);
#3237 = DIRECTION('',(0.,-1.));
#3238 = ( GEOMETRIC_REPRESENTATION_CONTEXT(2) 
PARAMETRIC_REPRESENTATION_CONTEXT() REPRESENTATION_CONTEXT('2D SPACE',''
  ) );
#3239 = ORIENTED_EDGE('',*,*,#818,.F.);
#3240 = ADVANCED_FACE('',(#3241),#1044,.T.);
#3241 = FACE_BOUND('',#3242,.T.);
#3242 = EDGE_LOOP('',(#3243,#3266,#3287,#3288));
#3243 = ORIENTED_EDGE('',*,*,#3244,.T.);
#3244 = EDGE_CURVE('',#1001,#3245,#3247,.T.);
#3245 = VERTEX_POINT('',#3246);
#3246 = CARTESIAN_POINT('',(-42.63757324218,27.1142578125,4.2));
#3247 = SURFACE_CURVE('',#3248,(#3252,#3259),.PCURVE_S1.);
#3248 = LINE('',#3249,#3250);
#3249 = CARTESIAN_POINT('',(-42.63757324218,27.1142578125,5.));
#3250 = VECTOR('',#3251,1.);
#3251 = DIRECTION('',(-0.,-0.,-1.));
#3252 = PCURVE('',#1044,#3253);
#3253 = DEFINITIONAL_REPRESENTATION('',(#3254),#3258);
#3254 = LINE('',#3255,#3256);
#3255 = CARTESIAN_POINT('',(0.,0.));
#3256 = VECTOR('',#3257,1.);
#3257 = DIRECTION('',(0.,-1.));
#3258 = ( GEOMETRIC_REPRESENTATION_CONTEXT(2) 
PARAMETRIC_REPRESENTATION_CONTEXT() REPRESENTATION_CONTEXT('2D SPACE',''
  ) );
#3259 = PCURVE('',#1016,#3260);
#3260 = DEFINITIONAL_REPRESENTATION('',(#3261),#3265);
#3261 = LINE('',#3262,#3263);
#3262 = CARTESIAN_POINT('',(1.,0.));
#3263 = VECTOR('',#3264,1.);
#3264 = DIRECTION('',(0.,-1.));
#3265 = ( GEOMETRIC_REPRESENTATION_CONTEXT(2) 
PARAMETRIC_REPRESENTATION_CONTEXT() REPRESENTATION_CONTEXT('2D SPACE',''
  ) );
#3266 = ORIENTED_EDGE('',*,*,#3267,.T.);
#3267 = EDGE_CURVE('',#3245,#3169,#3268,.T.);
#3268 = SURFACE_CURVE('',#3269,(#3273,#3280),.PCURVE_S1.);
#3269 = B_SPLINE_CURVE_WITH_KNOTS('',2,(#3270,#3271,#3272),
  .UNSPECIFIED.,.F.,.F.,(3,3),(0.,1.),.PIECEWISE_BEZIER_KNOTS.);
#3270 = CARTESIAN_POINT('',(-42.63757324218,27.1142578125,4.2));
#3271 = CARTESIAN_POINT('',(-42.63757324218,28.23779296875,4.2));
#3272 = CARTESIAN_POINT('',(-42.03930664062,28.905883789062,4.2));
#3273 = PCURVE('',#1044,#3274);
#3274 = DEFINITIONAL_REPRESENTATION('',(#3275),#3279);
#3275 = LINE('',#3276,#3277);
#3276 = CARTESIAN_POINT('',(0.,-0.8));
#3277 = VECTOR('',#3278,1.);
#3278 = DIRECTION('',(1.,0.));
#3279 = ( GEOMETRIC_REPRESENTATION_CONTEXT(2) 
PARAMETRIC_REPRESENTATION_CONTEXT() REPRESENTATION_CONTEXT('2D SPACE',''
  ) );
#3280 = PCURVE('',#3207,#3281);
#3281 = DEFINITIONAL_REPRESENTATION('',(#3282),#3286);
#3282 = B_SPLINE_CURVE_WITH_KNOTS('',2,(#3283,#3284,#3285),
  .UNSPECIFIED.,.F.,.F.,(3,3),(0.,1.),.PIECEWISE_BEZIER_KNOTS.);
#3283 = CARTESIAN_POINT('',(0.364990234375,2.364501953125));
#3284 = CARTESIAN_POINT('',(0.364990234375,3.488037109375));
#3285 = CARTESIAN_POINT('',(0.963256835938,4.156127929688));
#3286 = ( GEOMETRIC_REPRESENTATION_CONTEXT(2) 
PARAMETRIC_REPRESENTATION_CONTEXT() REPRESENTATION_CONTEXT('2D SPACE',''
  ) );
#3287 = ORIENTED_EDGE('',*,*,#3168,.F.);
#3288 = ORIENTED_EDGE('',*,*,#1030,.F.);
#3289 = ADVANCED_FACE('',(#3290),#866,.T.);
#3290 = FACE_BOUND('',#3291,.T.);
#3291 = EDGE_LOOP('',(#3292,#3293,#3316,#3337));
#3292 = ORIENTED_EDGE('',*,*,#3219,.T.);
#3293 = ORIENTED_EDGE('',*,*,#3294,.T.);
#3294 = EDGE_CURVE('',#3192,#3295,#3297,.T.);
#3295 = VERTEX_POINT('',#3296);
#3296 = CARTESIAN_POINT('',(-38.84802246093,28.905883789062,4.2));
#3297 = SURFACE_CURVE('',#3298,(#3302,#3309),.PCURVE_S1.);
#3298 = B_SPLINE_CURVE_WITH_KNOTS('',2,(#3299,#3300,#3301),
  .UNSPECIFIED.,.F.,.F.,(3,3),(0.,1.),.PIECEWISE_BEZIER_KNOTS.);
#3299 = CARTESIAN_POINT('',(-40.44128417968,29.573974609375,4.2));
#3300 = CARTESIAN_POINT('',(-39.44470214843,29.573974609375,4.2));
#3301 = CARTESIAN_POINT('',(-38.84802246093,28.905883789062,4.2));
#3302 = PCURVE('',#866,#3303);
#3303 = DEFINITIONAL_REPRESENTATION('',(#3304),#3308);
#3304 = LINE('',#3305,#3306);
#3305 = CARTESIAN_POINT('',(0.,-0.8));
#3306 = VECTOR('',#3307,1.);
#3307 = DIRECTION('',(1.,0.));
#3308 = ( GEOMETRIC_REPRESENTATION_CONTEXT(2) 
PARAMETRIC_REPRESENTATION_CONTEXT() REPRESENTATION_CONTEXT('2D SPACE',''
  ) );
#3309 = PCURVE('',#3207,#3310);
#3310 = DEFINITIONAL_REPRESENTATION('',(#3311),#3315);
#3311 = B_SPLINE_CURVE_WITH_KNOTS('',2,(#3312,#3313,#3314),
  .UNSPECIFIED.,.F.,.F.,(3,3),(0.,1.),.PIECEWISE_BEZIER_KNOTS.);
#3312 = CARTESIAN_POINT('',(2.561279296875,4.82421875));
#3313 = CARTESIAN_POINT('',(3.557861328125,4.82421875));
#3314 = CARTESIAN_POINT('',(4.154541015625,4.156127929688));
#3315 = ( GEOMETRIC_REPRESENTATION_CONTEXT(2) 
PARAMETRIC_REPRESENTATION_CONTEXT() REPRESENTATION_CONTEXT('2D SPACE',''
  ) );
#3316 = ORIENTED_EDGE('',*,*,#3317,.F.);
#3317 = EDGE_CURVE('',#851,#3295,#3318,.T.);
#3318 = SURFACE_CURVE('',#3319,(#3323,#3330),.PCURVE_S1.);
#3319 = LINE('',#3320,#3321);
#3320 = CARTESIAN_POINT('',(-38.84802246093,28.905883789062,5.));
#3321 = VECTOR('',#3322,1.);
#3322 = DIRECTION('',(-0.,-0.,-1.));
#3323 = PCURVE('',#866,#3324);
#3324 = DEFINITIONAL_REPRESENTATION('',(#3325),#3329);
#3325 = LINE('',#3326,#3327);
#3326 = CARTESIAN_POINT('',(1.,0.));
#3327 = VECTOR('',#3328,1.);
#3328 = DIRECTION('',(0.,-1.));
#3329 = ( GEOMETRIC_REPRESENTATION_CONTEXT(2) 
PARAMETRIC_REPRESENTATION_CONTEXT() REPRESENTATION_CONTEXT('2D SPACE',''
  ) );
#3330 = PCURVE('',#896,#3331);
#3331 = DEFINITIONAL_REPRESENTATION('',(#3332),#3336);
#3332 = LINE('',#3333,#3334);
#3333 = CARTESIAN_POINT('',(0.,0.));
#3334 = VECTOR('',#3335,1.);
#3335 = DIRECTION('',(0.,-1.));
#3336 = ( GEOMETRIC_REPRESENTATION_CONTEXT(2) 
PARAMETRIC_REPRESENTATION_CONTEXT() REPRESENTATION_CONTEXT('2D SPACE',''
  ) );
#3337 = ORIENTED_EDGE('',*,*,#850,.F.);
#3338 = ADVANCED_FACE('',(#3339),#1016,.T.);
#3339 = FACE_BOUND('',#3340,.T.);
#3340 = EDGE_LOOP('',(#3341,#3364,#3385,#3386));
#3341 = ORIENTED_EDGE('',*,*,#3342,.T.);
#3342 = EDGE_CURVE('',#971,#3343,#3345,.T.);
#3343 = VERTEX_POINT('',#3344);
#3344 = CARTESIAN_POINT('',(-42.03930664062,25.32421875,4.2));
#3345 = SURFACE_CURVE('',#3346,(#3350,#3357),.PCURVE_S1.);
#3346 = LINE('',#3347,#3348);
#3347 = CARTESIAN_POINT('',(-42.03930664062,25.32421875,5.));
#3348 = VECTOR('',#3349,1.);
#3349 = DIRECTION('',(-0.,-0.,-1.));
#3350 = PCURVE('',#1016,#3351);
#3351 = DEFINITIONAL_REPRESENTATION('',(#3352),#3356);
#3352 = LINE('',#3353,#3354);
#3353 = CARTESIAN_POINT('',(0.,0.));
#3354 = VECTOR('',#3355,1.);
#3355 = DIRECTION('',(0.,-1.));
#3356 = ( GEOMETRIC_REPRESENTATION_CONTEXT(2) 
PARAMETRIC_REPRESENTATION_CONTEXT() REPRESENTATION_CONTEXT('2D SPACE',''
  ) );
#3357 = PCURVE('',#986,#3358);
#3358 = DEFINITIONAL_REPRESENTATION('',(#3359),#3363);
#3359 = LINE('',#3360,#3361);
#3360 = CARTESIAN_POINT('',(1.,0.));
#3361 = VECTOR('',#3362,1.);
#3362 = DIRECTION('',(0.,-1.));
#3363 = ( GEOMETRIC_REPRESENTATION_CONTEXT(2) 
PARAMETRIC_REPRESENTATION_CONTEXT() REPRESENTATION_CONTEXT('2D SPACE',''
  ) );
#3364 = ORIENTED_EDGE('',*,*,#3365,.T.);
#3365 = EDGE_CURVE('',#3343,#3245,#3366,.T.);
#3366 = SURFACE_CURVE('',#3367,(#3371,#3378),.PCURVE_S1.);
#3367 = B_SPLINE_CURVE_WITH_KNOTS('',2,(#3368,#3369,#3370),
  .UNSPECIFIED.,.F.,.F.,(3,3),(0.,1.),.PIECEWISE_BEZIER_KNOTS.);
#3368 = CARTESIAN_POINT('',(-42.03930664062,25.32421875,4.2));
#3369 = CARTESIAN_POINT('',(-42.63757324218,25.99072265625,4.2));
#3370 = CARTESIAN_POINT('',(-42.63757324218,27.1142578125,4.2));
#3371 = PCURVE('',#1016,#3372);
#3372 = DEFINITIONAL_REPRESENTATION('',(#3373),#3377);
#3373 = LINE('',#3374,#3375);
#3374 = CARTESIAN_POINT('',(0.,-0.8));
#3375 = VECTOR('',#3376,1.);
#3376 = DIRECTION('',(1.,0.));
#3377 = ( GEOMETRIC_REPRESENTATION_CONTEXT(2) 
PARAMETRIC_REPRESENTATION_CONTEXT() REPRESENTATION_CONTEXT('2D SPACE',''
  ) );
#3378 = PCURVE('',#3207,#3379);
#3379 = DEFINITIONAL_REPRESENTATION('',(#3380),#3384);
#3380 = B_SPLINE_CURVE_WITH_KNOTS('',2,(#3381,#3382,#3383),
  .UNSPECIFIED.,.F.,.F.,(3,3),(0.,1.),.PIECEWISE_BEZIER_KNOTS.);
#3381 = CARTESIAN_POINT('',(0.963256835938,0.574462890625));
#3382 = CARTESIAN_POINT('',(0.364990234375,1.240966796875));
#3383 = CARTESIAN_POINT('',(0.364990234375,2.364501953125));
#3384 = ( GEOMETRIC_REPRESENTATION_CONTEXT(2) 
PARAMETRIC_REPRESENTATION_CONTEXT() REPRESENTATION_CONTEXT('2D SPACE',''
  ) );
#3385 = ORIENTED_EDGE('',*,*,#3244,.F.);
#3386 = ORIENTED_EDGE('',*,*,#1000,.F.);
#3387 = ADVANCED_FACE('',(#3388),#896,.T.);
#3388 = FACE_BOUND('',#3389,.T.);
#3389 = EDGE_LOOP('',(#3390,#3391,#3414,#3435));
#3390 = ORIENTED_EDGE('',*,*,#3317,.T.);
#3391 = ORIENTED_EDGE('',*,*,#3392,.T.);
#3392 = EDGE_CURVE('',#3295,#3393,#3395,.T.);
#3393 = VERTEX_POINT('',#3394);
#3394 = CARTESIAN_POINT('',(-38.25134277343,27.1142578125,4.2));
#3395 = SURFACE_CURVE('',#3396,(#3400,#3407),.PCURVE_S1.);
#3396 = B_SPLINE_CURVE_WITH_KNOTS('',2,(#3397,#3398,#3399),
  .UNSPECIFIED.,.F.,.F.,(3,3),(0.,1.),.PIECEWISE_BEZIER_KNOTS.);
#3397 = CARTESIAN_POINT('',(-38.84802246093,28.905883789062,4.2));
#3398 = CARTESIAN_POINT('',(-38.25134277343,28.23779296875,4.2));
#3399 = CARTESIAN_POINT('',(-38.25134277343,27.1142578125,4.2));
#3400 = PCURVE('',#896,#3401);
#3401 = DEFINITIONAL_REPRESENTATION('',(#3402),#3406);
#3402 = LINE('',#3403,#3404);
#3403 = CARTESIAN_POINT('',(0.,-0.8));
#3404 = VECTOR('',#3405,1.);
#3405 = DIRECTION('',(1.,0.));
#3406 = ( GEOMETRIC_REPRESENTATION_CONTEXT(2) 
PARAMETRIC_REPRESENTATION_CONTEXT() REPRESENTATION_CONTEXT('2D SPACE',''
  ) );
#3407 = PCURVE('',#3207,#3408);
#3408 = DEFINITIONAL_REPRESENTATION('',(#3409),#3413);
#3409 = B_SPLINE_CURVE_WITH_KNOTS('',2,(#3410,#3411,#3412),
  .UNSPECIFIED.,.F.,.F.,(3,3),(0.,1.),.PIECEWISE_BEZIER_KNOTS.);
#3410 = CARTESIAN_POINT('',(4.154541015625,4.156127929688));
#3411 = CARTESIAN_POINT('',(4.751220703125,3.488037109375));
#3412 = CARTESIAN_POINT('',(4.751220703125,2.364501953125));
#3413 = ( GEOMETRIC_REPRESENTATION_CONTEXT(2) 
PARAMETRIC_REPRESENTATION_CONTEXT() REPRESENTATION_CONTEXT('2D SPACE',''
  ) );
#3414 = ORIENTED_EDGE('',*,*,#3415,.F.);
#3415 = EDGE_CURVE('',#881,#3393,#3416,.T.);
#3416 = SURFACE_CURVE('',#3417,(#3421,#3428),.PCURVE_S1.);
#3417 = LINE('',#3418,#3419);
#3418 = CARTESIAN_POINT('',(-38.25134277343,27.1142578125,5.));
#3419 = VECTOR('',#3420,1.);
#3420 = DIRECTION('',(-0.,-0.,-1.));
#3421 = PCURVE('',#896,#3422);
#3422 = DEFINITIONAL_REPRESENTATION('',(#3423),#3427);
#3423 = LINE('',#3424,#3425);
#3424 = CARTESIAN_POINT('',(1.,0.));
#3425 = VECTOR('',#3426,1.);
#3426 = DIRECTION('',(0.,-1.));
#3427 = ( GEOMETRIC_REPRESENTATION_CONTEXT(2) 
PARAMETRIC_REPRESENTATION_CONTEXT() REPRESENTATION_CONTEXT('2D SPACE',''
  ) );
#3428 = PCURVE('',#926,#3429);
#3429 = DEFINITIONAL_REPRESENTATION('',(#3430),#3434);
#3430 = LINE('',#3431,#3432);
#3431 = CARTESIAN_POINT('',(0.,0.));
#3432 = VECTOR('',#3433,1.);
#3433 = DIRECTION('',(0.,-1.));
#3434 = ( GEOMETRIC_REPRESENTATION_CONTEXT(2) 
PARAMETRIC_REPRESENTATION_CONTEXT() REPRESENTATION_CONTEXT('2D SPACE',''
  ) );
#3435 = ORIENTED_EDGE('',*,*,#880,.F.);
#3436 = ADVANCED_FACE('',(#3437),#986,.T.);
#3437 = FACE_BOUND('',#3438,.T.);
#3438 = EDGE_LOOP('',(#3439,#3462,#3483,#3484));
#3439 = ORIENTED_EDGE('',*,*,#3440,.T.);
#3440 = EDGE_CURVE('',#941,#3441,#3443,.T.);
#3441 = VERTEX_POINT('',#3442);
#3442 = CARTESIAN_POINT('',(-40.44128417968,24.65771484375,4.2));
#3443 = SURFACE_CURVE('',#3444,(#3448,#3455),.PCURVE_S1.);
#3444 = LINE('',#3445,#3446);
#3445 = CARTESIAN_POINT('',(-40.44128417968,24.65771484375,5.));
#3446 = VECTOR('',#3447,1.);
#3447 = DIRECTION('',(-0.,-0.,-1.));
#3448 = PCURVE('',#986,#3449);
#3449 = DEFINITIONAL_REPRESENTATION('',(#3450),#3454);
#3450 = LINE('',#3451,#3452);
#3451 = CARTESIAN_POINT('',(0.,0.));
#3452 = VECTOR('',#3453,1.);
#3453 = DIRECTION('',(0.,-1.));
#3454 = ( GEOMETRIC_REPRESENTATION_CONTEXT(2) 
PARAMETRIC_REPRESENTATION_CONTEXT() REPRESENTATION_CONTEXT('2D SPACE',''
  ) );
#3455 = PCURVE('',#956,#3456);
#3456 = DEFINITIONAL_REPRESENTATION('',(#3457),#3461);
#3457 = LINE('',#3458,#3459);
#3458 = CARTESIAN_POINT('',(1.,0.));
#3459 = VECTOR('',#3460,1.);
#3460 = DIRECTION('',(0.,-1.));
#3461 = ( GEOMETRIC_REPRESENTATION_CONTEXT(2) 
PARAMETRIC_REPRESENTATION_CONTEXT() REPRESENTATION_CONTEXT('2D SPACE',''
  ) );
#3462 = ORIENTED_EDGE('',*,*,#3463,.T.);
#3463 = EDGE_CURVE('',#3441,#3343,#3464,.T.);
#3464 = SURFACE_CURVE('',#3465,(#3469,#3476),.PCURVE_S1.);
#3465 = B_SPLINE_CURVE_WITH_KNOTS('',2,(#3466,#3467,#3468),
  .UNSPECIFIED.,.F.,.F.,(3,3),(0.,1.),.PIECEWISE_BEZIER_KNOTS.);
#3466 = CARTESIAN_POINT('',(-40.44128417968,24.65771484375,4.2));
#3467 = CARTESIAN_POINT('',(-41.44104003906,24.65771484375,4.2));
#3468 = CARTESIAN_POINT('',(-42.03930664062,25.32421875,4.2));
#3469 = PCURVE('',#986,#3470);
#3470 = DEFINITIONAL_REPRESENTATION('',(#3471),#3475);
#3471 = LINE('',#3472,#3473);
#3472 = CARTESIAN_POINT('',(0.,-0.8));
#3473 = VECTOR('',#3474,1.);
#3474 = DIRECTION('',(1.,0.));
#3475 = ( GEOMETRIC_REPRESENTATION_CONTEXT(2) 
PARAMETRIC_REPRESENTATION_CONTEXT() REPRESENTATION_CONTEXT('2D SPACE',''
  ) );
#3476 = PCURVE('',#3207,#3477);
#3477 = DEFINITIONAL_REPRESENTATION('',(#3478),#3482);
#3478 = B_SPLINE_CURVE_WITH_KNOTS('',2,(#3479,#3480,#3481),
  .UNSPECIFIED.,.F.,.F.,(3,3),(0.,1.),.PIECEWISE_BEZIER_KNOTS.);
#3479 = CARTESIAN_POINT('',(2.561279296875,-9.2041015625E-02));
#3480 = CARTESIAN_POINT('',(1.5615234375,-9.2041015625E-02));
#3481 = CARTESIAN_POINT('',(0.963256835938,0.574462890625));
#3482 = ( GEOMETRIC_REPRESENTATION_CONTEXT(2) 
PARAMETRIC_REPRESENTATION_CONTEXT() REPRESENTATION_CONTEXT('2D SPACE',''
  ) );
#3483 = ORIENTED_EDGE('',*,*,#3342,.F.);
#3484 = ORIENTED_EDGE('',*,*,#970,.F.);
#3485 = ADVANCED_FACE('',(#3486),#926,.T.);
#3486 = FACE_BOUND('',#3487,.T.);
#3487 = EDGE_LOOP('',(#3488,#3489,#3512,#3533));
#3488 = ORIENTED_EDGE('',*,*,#3415,.T.);
#3489 = ORIENTED_EDGE('',*,*,#3490,.T.);
#3490 = EDGE_CURVE('',#3393,#3491,#3493,.T.);
#3491 = VERTEX_POINT('',#3492);
#3492 = CARTESIAN_POINT('',(-38.84802246093,25.325805664062,4.2));
#3493 = SURFACE_CURVE('',#3494,(#3498,#3505),.PCURVE_S1.);
#3494 = B_SPLINE_CURVE_WITH_KNOTS('',2,(#3495,#3496,#3497),
  .UNSPECIFIED.,.F.,.F.,(3,3),(0.,1.),.PIECEWISE_BEZIER_KNOTS.);
#3495 = CARTESIAN_POINT('',(-38.25134277343,27.1142578125,4.2));
#3496 = CARTESIAN_POINT('',(-38.25134277343,25.993896484375,4.2));
#3497 = CARTESIAN_POINT('',(-38.84802246093,25.325805664062,4.2));
#3498 = PCURVE('',#926,#3499);
#3499 = DEFINITIONAL_REPRESENTATION('',(#3500),#3504);
#3500 = LINE('',#3501,#3502);
#3501 = CARTESIAN_POINT('',(0.,-0.8));
#3502 = VECTOR('',#3503,1.);
#3503 = DIRECTION('',(1.,0.));
#3504 = ( GEOMETRIC_REPRESENTATION_CONTEXT(2) 
PARAMETRIC_REPRESENTATION_CONTEXT() REPRESENTATION_CONTEXT('2D SPACE',''
  ) );
#3505 = PCURVE('',#3207,#3506);
#3506 = DEFINITIONAL_REPRESENTATION('',(#3507),#3511);
#3507 = B_SPLINE_CURVE_WITH_KNOTS('',2,(#3508,#3509,#3510),
  .UNSPECIFIED.,.F.,.F.,(3,3),(0.,1.),.PIECEWISE_BEZIER_KNOTS.);
#3508 = CARTESIAN_POINT('',(4.751220703125,2.364501953125));
#3509 = CARTESIAN_POINT('',(4.751220703125,1.244140625));
#3510 = CARTESIAN_POINT('',(4.154541015625,0.576049804688));
#3511 = ( GEOMETRIC_REPRESENTATION_CONTEXT(2) 
PARAMETRIC_REPRESENTATION_CONTEXT() REPRESENTATION_CONTEXT('2D SPACE',''
  ) );
#3512 = ORIENTED_EDGE('',*,*,#3513,.F.);
#3513 = EDGE_CURVE('',#911,#3491,#3514,.T.);
#3514 = SURFACE_CURVE('',#3515,(#3519,#3526),.PCURVE_S1.);
#3515 = LINE('',#3516,#3517);
#3516 = CARTESIAN_POINT('',(-38.84802246093,25.325805664062,5.));
#3517 = VECTOR('',#3518,1.);
#3518 = DIRECTION('',(-0.,-0.,-1.));
#3519 = PCURVE('',#926,#3520);
#3520 = DEFINITIONAL_REPRESENTATION('',(#3521),#3525);
#3521 = LINE('',#3522,#3523);
#3522 = CARTESIAN_POINT('',(1.,0.));
#3523 = VECTOR('',#3524,1.);
#3524 = DIRECTION('',(0.,-1.));
#3525 = ( GEOMETRIC_REPRESENTATION_CONTEXT(2) 
PARAMETRIC_REPRESENTATION_CONTEXT() REPRESENTATION_CONTEXT('2D SPACE',''
  ) );
#3526 = PCURVE('',#956,#3527);
#3527 = DEFINITIONAL_REPRESENTATION('',(#3528),#3532);
#3528 = LINE('',#3529,#3530);
#3529 = CARTESIAN_POINT('',(0.,0.));
#3530 = VECTOR('',#3531,1.);
#3531 = DIRECTION('',(0.,-1.));
#3532 = ( GEOMETRIC_REPRESENTATION_CONTEXT(2) 
PARAMETRIC_REPRESENTATION_CONTEXT() REPRESENTATION_CONTEXT('2D SPACE',''
  ) );
#3533 = ORIENTED_EDGE('',*,*,#910,.F.);
#3534 = ADVANCED_FACE('',(#3535),#956,.T.);
#3535 = FACE_BOUND('',#3536,.T.);
#3536 = EDGE_LOOP('',(#3537,#3538,#3559,#3560));
#3537 = ORIENTED_EDGE('',*,*,#3513,.T.);
#3538 = ORIENTED_EDGE('',*,*,#3539,.T.);
#3539 = EDGE_CURVE('',#3491,#3441,#3540,.T.);
#3540 = SURFACE_CURVE('',#3541,(#3545,#3552),.PCURVE_S1.);
#3541 = B_SPLINE_CURVE_WITH_KNOTS('',2,(#3542,#3543,#3544),
  .UNSPECIFIED.,.F.,.F.,(3,3),(0.,1.),.PIECEWISE_BEZIER_KNOTS.);
#3542 = CARTESIAN_POINT('',(-38.84802246093,25.325805664062,4.2));
#3543 = CARTESIAN_POINT('',(-39.44470214843,24.65771484375,4.2));
#3544 = CARTESIAN_POINT('',(-40.44128417968,24.65771484375,4.2));
#3545 = PCURVE('',#956,#3546);
#3546 = DEFINITIONAL_REPRESENTATION('',(#3547),#3551);
#3547 = LINE('',#3548,#3549);
#3548 = CARTESIAN_POINT('',(0.,-0.8));
#3549 = VECTOR('',#3550,1.);
#3550 = DIRECTION('',(1.,0.));
#3551 = ( GEOMETRIC_REPRESENTATION_CONTEXT(2) 
PARAMETRIC_REPRESENTATION_CONTEXT() REPRESENTATION_CONTEXT('2D SPACE',''
  ) );
#3552 = PCURVE('',#3207,#3553);
#3553 = DEFINITIONAL_REPRESENTATION('',(#3554),#3558);
#3554 = B_SPLINE_CURVE_WITH_KNOTS('',2,(#3555,#3556,#3557),
  .UNSPECIFIED.,.F.,.F.,(3,3),(0.,1.),.PIECEWISE_BEZIER_KNOTS.);
#3555 = CARTESIAN_POINT('',(4.154541015625,0.576049804688));
#3556 = CARTESIAN_POINT('',(3.557861328125,-9.2041015625E-02));
#3557 = CARTESIAN_POINT('',(2.561279296875,-9.2041015625E-02));
#3558 = ( GEOMETRIC_REPRESENTATION_CONTEXT(2) 
PARAMETRIC_REPRESENTATION_CONTEXT() REPRESENTATION_CONTEXT('2D SPACE',''
  ) );
#3559 = ORIENTED_EDGE('',*,*,#3440,.F.);
#3560 = ORIENTED_EDGE('',*,*,#940,.F.);
#3561 = ADVANCED_FACE('',(#3562),#1078,.T.);
#3562 = FACE_BOUND('',#3563,.T.);
#3563 = EDGE_LOOP('',(#3564,#3587,#3615,#3636));
#3564 = ORIENTED_EDGE('',*,*,#3565,.T.);
#3565 = EDGE_CURVE('',#1061,#3566,#3568,.T.);
#3566 = VERTEX_POINT('',#3567);
#3567 = CARTESIAN_POINT('',(-36.60729980468,24.749755859375,4.2));
#3568 = SURFACE_CURVE('',#3569,(#3573,#3580),.PCURVE_S1.);
#3569 = LINE('',#3570,#3571);
#3570 = CARTESIAN_POINT('',(-36.60729980468,24.749755859375,5.));
#3571 = VECTOR('',#3572,1.);
#3572 = DIRECTION('',(-0.,-0.,-1.));
#3573 = PCURVE('',#1078,#3574);
#3574 = DEFINITIONAL_REPRESENTATION('',(#3575),#3579);
#3575 = LINE('',#3576,#3577);
#3576 = CARTESIAN_POINT('',(0.,0.));
#3577 = VECTOR('',#3578,1.);
#3578 = DIRECTION('',(0.,-1.));
#3579 = ( GEOMETRIC_REPRESENTATION_CONTEXT(2) 
PARAMETRIC_REPRESENTATION_CONTEXT() REPRESENTATION_CONTEXT('2D SPACE',''
  ) );
#3580 = PCURVE('',#1308,#3581);
#3581 = DEFINITIONAL_REPRESENTATION('',(#3582),#3586);
#3582 = LINE('',#3583,#3584);
#3583 = CARTESIAN_POINT('',(1.904296875,0.));
#3584 = VECTOR('',#3585,1.);
#3585 = DIRECTION('',(0.,-1.));
#3586 = ( GEOMETRIC_REPRESENTATION_CONTEXT(2) 
PARAMETRIC_REPRESENTATION_CONTEXT() REPRESENTATION_CONTEXT('2D SPACE',''
  ) );
#3587 = ORIENTED_EDGE('',*,*,#3588,.T.);
#3588 = EDGE_CURVE('',#3566,#3589,#3591,.T.);
#3589 = VERTEX_POINT('',#3590);
#3590 = CARTESIAN_POINT('',(-37.24841308593,24.749755859375,4.2));
#3591 = SURFACE_CURVE('',#3592,(#3596,#3603),.PCURVE_S1.);
#3592 = LINE('',#3593,#3594);
#3593 = CARTESIAN_POINT('',(-36.60729980468,24.749755859375,4.2));
#3594 = VECTOR('',#3595,1.);
#3595 = DIRECTION('',(-1.,0.,0.));
#3596 = PCURVE('',#1078,#3597);
#3597 = DEFINITIONAL_REPRESENTATION('',(#3598),#3602);
#3598 = LINE('',#3599,#3600);
#3599 = CARTESIAN_POINT('',(0.,-0.8));
#3600 = VECTOR('',#3601,1.);
#3601 = DIRECTION('',(1.,0.));
#3602 = ( GEOMETRIC_REPRESENTATION_CONTEXT(2) 
PARAMETRIC_REPRESENTATION_CONTEXT() REPRESENTATION_CONTEXT('2D SPACE',''
  ) );
#3603 = PCURVE('',#3604,#3609);
#3604 = PLANE('',#3605);
#3605 = AXIS2_PLACEMENT_3D('',#3606,#3607,#3608);
#3606 = CARTESIAN_POINT('',(-37.88635253906,24.749755859375,4.2));
#3607 = DIRECTION('',(0.,0.,1.));
#3608 = DIRECTION('',(1.,0.,0.));
#3609 = DEFINITIONAL_REPRESENTATION('',(#3610),#3614);
#3610 = LINE('',#3611,#3612);
#3611 = CARTESIAN_POINT('',(1.279052734375,0.));
#3612 = VECTOR('',#3613,1.);
#3613 = DIRECTION('',(-1.,0.));
#3614 = ( GEOMETRIC_REPRESENTATION_CONTEXT(2) 
PARAMETRIC_REPRESENTATION_CONTEXT() REPRESENTATION_CONTEXT('2D SPACE',''
  ) );
#3615 = ORIENTED_EDGE('',*,*,#3616,.F.);
#3616 = EDGE_CURVE('',#1063,#3589,#3617,.T.);
#3617 = SURFACE_CURVE('',#3618,(#3622,#3629),.PCURVE_S1.);
#3618 = LINE('',#3619,#3620);
#3619 = CARTESIAN_POINT('',(-37.24841308593,24.749755859375,5.));
#3620 = VECTOR('',#3621,1.);
#3621 = DIRECTION('',(-0.,-0.,-1.));
#3622 = PCURVE('',#1078,#3623);
#3623 = DEFINITIONAL_REPRESENTATION('',(#3624),#3628);
#3624 = LINE('',#3625,#3626);
#3625 = CARTESIAN_POINT('',(0.64111328125,0.));
#3626 = VECTOR('',#3627,1.);
#3627 = DIRECTION('',(0.,-1.));
#3628 = ( GEOMETRIC_REPRESENTATION_CONTEXT(2) 
PARAMETRIC_REPRESENTATION_CONTEXT() REPRESENTATION_CONTEXT('2D SPACE',''
  ) );
#3629 = PCURVE('',#1106,#3630);
#3630 = DEFINITIONAL_REPRESENTATION('',(#3631),#3635);
#3631 = LINE('',#3632,#3633);
#3632 = CARTESIAN_POINT('',(0.,0.));
#3633 = VECTOR('',#3634,1.);
#3634 = DIRECTION('',(0.,-1.));
#3635 = ( GEOMETRIC_REPRESENTATION_CONTEXT(2) 
PARAMETRIC_REPRESENTATION_CONTEXT() REPRESENTATION_CONTEXT('2D SPACE',''
  ) );
#3636 = ORIENTED_EDGE('',*,*,#1060,.F.);
#3637 = ADVANCED_FACE('',(#3638),#1308,.T.);
#3638 = FACE_BOUND('',#3639,.T.);
#3639 = EDGE_LOOP('',(#3640,#3663,#3684,#3685));
#3640 = ORIENTED_EDGE('',*,*,#3641,.T.);
#3641 = EDGE_CURVE('',#1267,#3642,#3644,.T.);
#3642 = VERTEX_POINT('',#3643);
#3643 = CARTESIAN_POINT('',(-36.60729980468,26.654052734375,4.2));
#3644 = SURFACE_CURVE('',#3645,(#3649,#3656),.PCURVE_S1.);
#3645 = LINE('',#3646,#3647);
#3646 = CARTESIAN_POINT('',(-36.60729980468,26.654052734375,5.));
#3647 = VECTOR('',#3648,1.);
#3648 = DIRECTION('',(-0.,-0.,-1.));
#3649 = PCURVE('',#1308,#3650);
#3650 = DEFINITIONAL_REPRESENTATION('',(#3651),#3655);
#3651 = LINE('',#3652,#3653);
#3652 = CARTESIAN_POINT('',(0.,0.));
#3653 = VECTOR('',#3654,1.);
#3654 = DIRECTION('',(0.,-1.));
#3655 = ( GEOMETRIC_REPRESENTATION_CONTEXT(2) 
PARAMETRIC_REPRESENTATION_CONTEXT() REPRESENTATION_CONTEXT('2D SPACE',''
  ) );
#3656 = PCURVE('',#1282,#3657);
#3657 = DEFINITIONAL_REPRESENTATION('',(#3658),#3662);
#3658 = LINE('',#3659,#3660);
#3659 = CARTESIAN_POINT('',(0.80615234375,0.));
#3660 = VECTOR('',#3661,1.);
#3661 = DIRECTION('',(0.,-1.));
#3662 = ( GEOMETRIC_REPRESENTATION_CONTEXT(2) 
PARAMETRIC_REPRESENTATION_CONTEXT() REPRESENTATION_CONTEXT('2D SPACE',''
  ) );
#3663 = ORIENTED_EDGE('',*,*,#3664,.T.);
#3664 = EDGE_CURVE('',#3642,#3566,#3665,.T.);
#3665 = SURFACE_CURVE('',#3666,(#3670,#3677),.PCURVE_S1.);
#3666 = LINE('',#3667,#3668);
#3667 = CARTESIAN_POINT('',(-36.60729980468,26.654052734375,4.2));
#3668 = VECTOR('',#3669,1.);
#3669 = DIRECTION('',(0.,-1.,0.));
#3670 = PCURVE('',#1308,#3671);
#3671 = DEFINITIONAL_REPRESENTATION('',(#3672),#3676);
#3672 = LINE('',#3673,#3674);
#3673 = CARTESIAN_POINT('',(0.,-0.8));
#3674 = VECTOR('',#3675,1.);
#3675 = DIRECTION('',(1.,0.));
#3676 = ( GEOMETRIC_REPRESENTATION_CONTEXT(2) 
PARAMETRIC_REPRESENTATION_CONTEXT() REPRESENTATION_CONTEXT('2D SPACE',''
  ) );
#3677 = PCURVE('',#3604,#3678);
#3678 = DEFINITIONAL_REPRESENTATION('',(#3679),#3683);
#3679 = LINE('',#3680,#3681);
#3680 = CARTESIAN_POINT('',(1.279052734375,1.904296875));
#3681 = VECTOR('',#3682,1.);
#3682 = DIRECTION('',(0.,-1.));
#3683 = ( GEOMETRIC_REPRESENTATION_CONTEXT(2) 
PARAMETRIC_REPRESENTATION_CONTEXT() REPRESENTATION_CONTEXT('2D SPACE',''
  ) );
#3684 = ORIENTED_EDGE('',*,*,#3565,.F.);
#3685 = ORIENTED_EDGE('',*,*,#1294,.F.);
#3686 = ADVANCED_FACE('',(#3687),#1106,.T.);
#3687 = FACE_BOUND('',#3688,.T.);
#3688 = EDGE_LOOP('',(#3689,#3690,#3713,#3734));
#3689 = ORIENTED_EDGE('',*,*,#3616,.T.);
#3690 = ORIENTED_EDGE('',*,*,#3691,.T.);
#3691 = EDGE_CURVE('',#3589,#3692,#3694,.T.);
#3692 = VERTEX_POINT('',#3693);
#3693 = CARTESIAN_POINT('',(-37.24841308593,29.48828125,4.2));
#3694 = SURFACE_CURVE('',#3695,(#3699,#3706),.PCURVE_S1.);
#3695 = LINE('',#3696,#3697);
#3696 = CARTESIAN_POINT('',(-37.24841308593,24.749755859375,4.2));
#3697 = VECTOR('',#3698,1.);
#3698 = DIRECTION('',(0.,1.,0.));
#3699 = PCURVE('',#1106,#3700);
#3700 = DEFINITIONAL_REPRESENTATION('',(#3701),#3705);
#3701 = LINE('',#3702,#3703);
#3702 = CARTESIAN_POINT('',(0.,-0.8));
#3703 = VECTOR('',#3704,1.);
#3704 = DIRECTION('',(1.,0.));
#3705 = ( GEOMETRIC_REPRESENTATION_CONTEXT(2) 
PARAMETRIC_REPRESENTATION_CONTEXT() REPRESENTATION_CONTEXT('2D SPACE',''
  ) );
#3706 = PCURVE('',#3604,#3707);
#3707 = DEFINITIONAL_REPRESENTATION('',(#3708),#3712);
#3708 = LINE('',#3709,#3710);
#3709 = CARTESIAN_POINT('',(0.637939453125,0.));
#3710 = VECTOR('',#3711,1.);
#3711 = DIRECTION('',(0.,1.));
#3712 = ( GEOMETRIC_REPRESENTATION_CONTEXT(2) 
PARAMETRIC_REPRESENTATION_CONTEXT() REPRESENTATION_CONTEXT('2D SPACE',''
  ) );
#3713 = ORIENTED_EDGE('',*,*,#3714,.F.);
#3714 = EDGE_CURVE('',#1091,#3692,#3715,.T.);
#3715 = SURFACE_CURVE('',#3716,(#3720,#3727),.PCURVE_S1.);
#3716 = LINE('',#3717,#3718);
#3717 = CARTESIAN_POINT('',(-37.24841308593,29.48828125,5.));
#3718 = VECTOR('',#3719,1.);
#3719 = DIRECTION('',(-0.,-0.,-1.));
#3720 = PCURVE('',#1106,#3721);
#3721 = DEFINITIONAL_REPRESENTATION('',(#3722),#3726);
#3722 = LINE('',#3723,#3724);
#3723 = CARTESIAN_POINT('',(4.738525390625,0.));
#3724 = VECTOR('',#3725,1.);
#3725 = DIRECTION('',(0.,-1.));
#3726 = ( GEOMETRIC_REPRESENTATION_CONTEXT(2) 
PARAMETRIC_REPRESENTATION_CONTEXT() REPRESENTATION_CONTEXT('2D SPACE',''
  ) );
#3727 = PCURVE('',#1134,#3728);
#3728 = DEFINITIONAL_REPRESENTATION('',(#3729),#3733);
#3729 = LINE('',#3730,#3731);
#3730 = CARTESIAN_POINT('',(0.,0.));
#3731 = VECTOR('',#3732,1.);
#3732 = DIRECTION('',(0.,-1.));
#3733 = ( GEOMETRIC_REPRESENTATION_CONTEXT(2) 
PARAMETRIC_REPRESENTATION_CONTEXT() REPRESENTATION_CONTEXT('2D SPACE',''
  ) );
#3734 = ORIENTED_EDGE('',*,*,#1090,.F.);
#3735 = ADVANCED_FACE('',(#3736),#1282,.T.);
#3736 = FACE_BOUND('',#3737,.T.);
#3737 = EDGE_LOOP('',(#3738,#3761,#3782,#3783));
#3738 = ORIENTED_EDGE('',*,*,#3739,.T.);
#3739 = EDGE_CURVE('',#1237,#3740,#3742,.T.);
#3740 = VERTEX_POINT('',#3741);
#3741 = CARTESIAN_POINT('',(-35.80114746093,26.654052734375,4.2));
#3742 = SURFACE_CURVE('',#3743,(#3747,#3754),.PCURVE_S1.);
#3743 = LINE('',#3744,#3745);
#3744 = CARTESIAN_POINT('',(-35.80114746093,26.654052734375,5.));
#3745 = VECTOR('',#3746,1.);
#3746 = DIRECTION('',(-0.,-0.,-1.));
#3747 = PCURVE('',#1282,#3748);
#3748 = DEFINITIONAL_REPRESENTATION('',(#3749),#3753);
#3749 = LINE('',#3750,#3751);
#3750 = CARTESIAN_POINT('',(0.,0.));
#3751 = VECTOR('',#3752,1.);
#3752 = DIRECTION('',(0.,-1.));
#3753 = ( GEOMETRIC_REPRESENTATION_CONTEXT(2) 
PARAMETRIC_REPRESENTATION_CONTEXT() REPRESENTATION_CONTEXT('2D SPACE',''
  ) );
#3754 = PCURVE('',#1252,#3755);
#3755 = DEFINITIONAL_REPRESENTATION('',(#3756),#3760);
#3756 = LINE('',#3757,#3758);
#3757 = CARTESIAN_POINT('',(1.,0.));
#3758 = VECTOR('',#3759,1.);
#3759 = DIRECTION('',(0.,-1.));
#3760 = ( GEOMETRIC_REPRESENTATION_CONTEXT(2) 
PARAMETRIC_REPRESENTATION_CONTEXT() REPRESENTATION_CONTEXT('2D SPACE',''
  ) );
#3761 = ORIENTED_EDGE('',*,*,#3762,.T.);
#3762 = EDGE_CURVE('',#3740,#3642,#3763,.T.);
#3763 = SURFACE_CURVE('',#3764,(#3768,#3775),.PCURVE_S1.);
#3764 = LINE('',#3765,#3766);
#3765 = CARTESIAN_POINT('',(-35.80114746093,26.654052734375,4.2));
#3766 = VECTOR('',#3767,1.);
#3767 = DIRECTION('',(-1.,0.,0.));
#3768 = PCURVE('',#1282,#3769);
#3769 = DEFINITIONAL_REPRESENTATION('',(#3770),#3774);
#3770 = LINE('',#3771,#3772);
#3771 = CARTESIAN_POINT('',(0.,-0.8));
#3772 = VECTOR('',#3773,1.);
#3773 = DIRECTION('',(1.,0.));
#3774 = ( GEOMETRIC_REPRESENTATION_CONTEXT(2) 
PARAMETRIC_REPRESENTATION_CONTEXT() REPRESENTATION_CONTEXT('2D SPACE',''
  ) );
#3775 = PCURVE('',#3604,#3776);
#3776 = DEFINITIONAL_REPRESENTATION('',(#3777),#3781);
#3777 = LINE('',#3778,#3779);
#3778 = CARTESIAN_POINT('',(2.085205078125,1.904296875));
#3779 = VECTOR('',#3780,1.);
#3780 = DIRECTION('',(-1.,0.));
#3781 = ( GEOMETRIC_REPRESENTATION_CONTEXT(2) 
PARAMETRIC_REPRESENTATION_CONTEXT() REPRESENTATION_CONTEXT('2D SPACE',''
  ) );
#3782 = ORIENTED_EDGE('',*,*,#3641,.F.);
#3783 = ORIENTED_EDGE('',*,*,#1266,.F.);
#3784 = ADVANCED_FACE('',(#3785),#1134,.T.);
#3785 = FACE_BOUND('',#3786,.T.);
#3786 = EDGE_LOOP('',(#3787,#3788,#3811,#3832));
#3787 = ORIENTED_EDGE('',*,*,#3714,.T.);
#3788 = ORIENTED_EDGE('',*,*,#3789,.T.);
#3789 = EDGE_CURVE('',#3692,#3790,#3792,.T.);
#3790 = VERTEX_POINT('',#3791);
#3791 = CARTESIAN_POINT('',(-35.80114746093,29.48828125,4.2));
#3792 = SURFACE_CURVE('',#3793,(#3797,#3804),.PCURVE_S1.);
#3793 = LINE('',#3794,#3795);
#3794 = CARTESIAN_POINT('',(-37.24841308593,29.48828125,4.2));
#3795 = VECTOR('',#3796,1.);
#3796 = DIRECTION('',(1.,0.,0.));
#3797 = PCURVE('',#1134,#3798);
#3798 = DEFINITIONAL_REPRESENTATION('',(#3799),#3803);
#3799 = LINE('',#3800,#3801);
#3800 = CARTESIAN_POINT('',(0.,-0.8));
#3801 = VECTOR('',#3802,1.);
#3802 = DIRECTION('',(1.,0.));
#3803 = ( GEOMETRIC_REPRESENTATION_CONTEXT(2) 
PARAMETRIC_REPRESENTATION_CONTEXT() REPRESENTATION_CONTEXT('2D SPACE',''
  ) );
#3804 = PCURVE('',#3604,#3805);
#3805 = DEFINITIONAL_REPRESENTATION('',(#3806),#3810);
#3806 = LINE('',#3807,#3808);
#3807 = CARTESIAN_POINT('',(0.637939453125,4.738525390625));
#3808 = VECTOR('',#3809,1.);
#3809 = DIRECTION('',(1.,0.));
#3810 = ( GEOMETRIC_REPRESENTATION_CONTEXT(2) 
PARAMETRIC_REPRESENTATION_CONTEXT() REPRESENTATION_CONTEXT('2D SPACE',''
  ) );
#3811 = ORIENTED_EDGE('',*,*,#3812,.F.);
#3812 = EDGE_CURVE('',#1119,#3790,#3813,.T.);
#3813 = SURFACE_CURVE('',#3814,(#3818,#3825),.PCURVE_S1.);
#3814 = LINE('',#3815,#3816);
#3815 = CARTESIAN_POINT('',(-35.80114746093,29.48828125,5.));
#3816 = VECTOR('',#3817,1.);
#3817 = DIRECTION('',(-0.,-0.,-1.));
#3818 = PCURVE('',#1134,#3819);
#3819 = DEFINITIONAL_REPRESENTATION('',(#3820),#3824);
#3820 = LINE('',#3821,#3822);
#3821 = CARTESIAN_POINT('',(1.447265625,0.));
#3822 = VECTOR('',#3823,1.);
#3823 = DIRECTION('',(0.,-1.));
#3824 = ( GEOMETRIC_REPRESENTATION_CONTEXT(2) 
PARAMETRIC_REPRESENTATION_CONTEXT() REPRESENTATION_CONTEXT('2D SPACE',''
  ) );
#3825 = PCURVE('',#1162,#3826);
#3826 = DEFINITIONAL_REPRESENTATION('',(#3827),#3831);
#3827 = LINE('',#3828,#3829);
#3828 = CARTESIAN_POINT('',(0.,0.));
#3829 = VECTOR('',#3830,1.);
#3830 = DIRECTION('',(0.,-1.));
#3831 = ( GEOMETRIC_REPRESENTATION_CONTEXT(2) 
PARAMETRIC_REPRESENTATION_CONTEXT() REPRESENTATION_CONTEXT('2D SPACE',''
  ) );
#3832 = ORIENTED_EDGE('',*,*,#1118,.F.);
#3833 = ADVANCED_FACE('',(#3834),#1252,.T.);
#3834 = FACE_BOUND('',#3835,.T.);
#3835 = EDGE_LOOP('',(#3836,#3859,#3880,#3881));
#3836 = ORIENTED_EDGE('',*,*,#3837,.T.);
#3837 = EDGE_CURVE('',#1207,#3838,#3840,.T.);
#3838 = VERTEX_POINT('',#3839);
#3839 = CARTESIAN_POINT('',(-34.5966796875,27.0126953125,4.2));
#3840 = SURFACE_CURVE('',#3841,(#3845,#3852),.PCURVE_S1.);
#3841 = LINE('',#3842,#3843);
#3842 = CARTESIAN_POINT('',(-34.5966796875,27.0126953125,5.));
#3843 = VECTOR('',#3844,1.);
#3844 = DIRECTION('',(-0.,-0.,-1.));
#3845 = PCURVE('',#1252,#3846);
#3846 = DEFINITIONAL_REPRESENTATION('',(#3847),#3851);
#3847 = LINE('',#3848,#3849);
#3848 = CARTESIAN_POINT('',(0.,0.));
#3849 = VECTOR('',#3850,1.);
#3850 = DIRECTION('',(0.,-1.));
#3851 = ( GEOMETRIC_REPRESENTATION_CONTEXT(2) 
PARAMETRIC_REPRESENTATION_CONTEXT() REPRESENTATION_CONTEXT('2D SPACE',''
  ) );
#3852 = PCURVE('',#1222,#3853);
#3853 = DEFINITIONAL_REPRESENTATION('',(#3854),#3858);
#3854 = LINE('',#3855,#3856);
#3855 = CARTESIAN_POINT('',(1.,0.));
#3856 = VECTOR('',#3857,1.);
#3857 = DIRECTION('',(0.,-1.));
#3858 = ( GEOMETRIC_REPRESENTATION_CONTEXT(2) 
PARAMETRIC_REPRESENTATION_CONTEXT() REPRESENTATION_CONTEXT('2D SPACE',''
  ) );
#3859 = ORIENTED_EDGE('',*,*,#3860,.T.);
#3860 = EDGE_CURVE('',#3838,#3740,#3861,.T.);
#3861 = SURFACE_CURVE('',#3862,(#3866,#3873),.PCURVE_S1.);
#3862 = B_SPLINE_CURVE_WITH_KNOTS('',2,(#3863,#3864,#3865),
  .UNSPECIFIED.,.F.,.F.,(3,3),(0.,1.),.PIECEWISE_BEZIER_KNOTS.);
#3863 = CARTESIAN_POINT('',(-34.5966796875,27.0126953125,4.2));
#3864 = CARTESIAN_POINT('',(-35.00451660156,26.654052734375,4.2));
#3865 = CARTESIAN_POINT('',(-35.80114746093,26.654052734375,4.2));
#3866 = PCURVE('',#1252,#3867);
#3867 = DEFINITIONAL_REPRESENTATION('',(#3868),#3872);
#3868 = LINE('',#3869,#3870);
#3869 = CARTESIAN_POINT('',(0.,-0.8));
#3870 = VECTOR('',#3871,1.);
#3871 = DIRECTION('',(1.,0.));
#3872 = ( GEOMETRIC_REPRESENTATION_CONTEXT(2) 
PARAMETRIC_REPRESENTATION_CONTEXT() REPRESENTATION_CONTEXT('2D SPACE',''
  ) );
#3873 = PCURVE('',#3604,#3874);
#3874 = DEFINITIONAL_REPRESENTATION('',(#3875),#3879);
#3875 = B_SPLINE_CURVE_WITH_KNOTS('',2,(#3876,#3877,#3878),
  .UNSPECIFIED.,.F.,.F.,(3,3),(0.,1.),.PIECEWISE_BEZIER_KNOTS.);
#3876 = CARTESIAN_POINT('',(3.289672851562,2.262939453125));
#3877 = CARTESIAN_POINT('',(2.8818359375,1.904296875));
#3878 = CARTESIAN_POINT('',(2.085205078125,1.904296875));
#3879 = ( GEOMETRIC_REPRESENTATION_CONTEXT(2) 
PARAMETRIC_REPRESENTATION_CONTEXT() REPRESENTATION_CONTEXT('2D SPACE',''
  ) );
#3880 = ORIENTED_EDGE('',*,*,#3739,.F.);
#3881 = ORIENTED_EDGE('',*,*,#1236,.F.);
#3882 = ADVANCED_FACE('',(#3883),#1162,.T.);
#3883 = FACE_BOUND('',#3884,.T.);
#3884 = EDGE_LOOP('',(#3885,#3886,#3909,#3930));
#3885 = ORIENTED_EDGE('',*,*,#3812,.T.);
#3886 = ORIENTED_EDGE('',*,*,#3887,.T.);
#3887 = EDGE_CURVE('',#3790,#3888,#3890,.T.);
#3888 = VERTEX_POINT('',#3889);
#3889 = CARTESIAN_POINT('',(-34.5966796875,29.128051757812,4.2));
#3890 = SURFACE_CURVE('',#3891,(#3895,#3902),.PCURVE_S1.);
#3891 = B_SPLINE_CURVE_WITH_KNOTS('',2,(#3892,#3893,#3894),
  .UNSPECIFIED.,.F.,.F.,(3,3),(0.,1.),.PIECEWISE_BEZIER_KNOTS.);
#3892 = CARTESIAN_POINT('',(-35.80114746093,29.48828125,4.2));
#3893 = CARTESIAN_POINT('',(-35.00451660156,29.48828125,4.2));
#3894 = CARTESIAN_POINT('',(-34.5966796875,29.128051757812,4.2));
#3895 = PCURVE('',#1162,#3896);
#3896 = DEFINITIONAL_REPRESENTATION('',(#3897),#3901);
#3897 = LINE('',#3898,#3899);
#3898 = CARTESIAN_POINT('',(0.,-0.8));
#3899 = VECTOR('',#3900,1.);
#3900 = DIRECTION('',(1.,0.));
#3901 = ( GEOMETRIC_REPRESENTATION_CONTEXT(2) 
PARAMETRIC_REPRESENTATION_CONTEXT() REPRESENTATION_CONTEXT('2D SPACE',''
  ) );
#3902 = PCURVE('',#3604,#3903);
#3903 = DEFINITIONAL_REPRESENTATION('',(#3904),#3908);
#3904 = B_SPLINE_CURVE_WITH_KNOTS('',2,(#3905,#3906,#3907),
  .UNSPECIFIED.,.F.,.F.,(3,3),(0.,1.),.PIECEWISE_BEZIER_KNOTS.);
#3905 = CARTESIAN_POINT('',(2.085205078125,4.738525390625));
#3906 = CARTESIAN_POINT('',(2.8818359375,4.738525390625));
#3907 = CARTESIAN_POINT('',(3.289672851562,4.378295898438));
#3908 = ( GEOMETRIC_REPRESENTATION_CONTEXT(2) 
PARAMETRIC_REPRESENTATION_CONTEXT() REPRESENTATION_CONTEXT('2D SPACE',''
  ) );
#3909 = ORIENTED_EDGE('',*,*,#3910,.F.);
#3910 = EDGE_CURVE('',#1147,#3888,#3911,.T.);
#3911 = SURFACE_CURVE('',#3912,(#3916,#3923),.PCURVE_S1.);
#3912 = LINE('',#3913,#3914);
#3913 = CARTESIAN_POINT('',(-34.5966796875,29.128051757812,5.));
#3914 = VECTOR('',#3915,1.);
#3915 = DIRECTION('',(-0.,-0.,-1.));
#3916 = PCURVE('',#1162,#3917);
#3917 = DEFINITIONAL_REPRESENTATION('',(#3918),#3922);
#3918 = LINE('',#3919,#3920);
#3919 = CARTESIAN_POINT('',(1.,0.));
#3920 = VECTOR('',#3921,1.);
#3921 = DIRECTION('',(0.,-1.));
#3922 = ( GEOMETRIC_REPRESENTATION_CONTEXT(2) 
PARAMETRIC_REPRESENTATION_CONTEXT() REPRESENTATION_CONTEXT('2D SPACE',''
  ) );
#3923 = PCURVE('',#1192,#3924);
#3924 = DEFINITIONAL_REPRESENTATION('',(#3925),#3929);
#3925 = LINE('',#3926,#3927);
#3926 = CARTESIAN_POINT('',(0.,0.));
#3927 = VECTOR('',#3928,1.);
#3928 = DIRECTION('',(0.,-1.));
#3929 = ( GEOMETRIC_REPRESENTATION_CONTEXT(2) 
PARAMETRIC_REPRESENTATION_CONTEXT() REPRESENTATION_CONTEXT('2D SPACE',''
  ) );
#3930 = ORIENTED_EDGE('',*,*,#1146,.F.);
#3931 = ADVANCED_FACE('',(#3932),#1222,.T.);
#3932 = FACE_BOUND('',#3933,.T.);
#3933 = EDGE_LOOP('',(#3934,#3957,#3978,#3979));
#3934 = ORIENTED_EDGE('',*,*,#3935,.T.);
#3935 = EDGE_CURVE('',#1177,#3936,#3938,.T.);
#3936 = VERTEX_POINT('',#3937);
#3937 = CARTESIAN_POINT('',(-34.18884277343,28.07275390625,4.2));
#3938 = SURFACE_CURVE('',#3939,(#3943,#3950),.PCURVE_S1.);
#3939 = LINE('',#3940,#3941);
#3940 = CARTESIAN_POINT('',(-34.18884277343,28.07275390625,5.));
#3941 = VECTOR('',#3942,1.);
#3942 = DIRECTION('',(-0.,-0.,-1.));
#3943 = PCURVE('',#1222,#3944);
#3944 = DEFINITIONAL_REPRESENTATION('',(#3945),#3949);
#3945 = LINE('',#3946,#3947);
#3946 = CARTESIAN_POINT('',(0.,0.));
#3947 = VECTOR('',#3948,1.);
#3948 = DIRECTION('',(0.,-1.));
#3949 = ( GEOMETRIC_REPRESENTATION_CONTEXT(2) 
PARAMETRIC_REPRESENTATION_CONTEXT() REPRESENTATION_CONTEXT('2D SPACE',''
  ) );
#3950 = PCURVE('',#1192,#3951);
#3951 = DEFINITIONAL_REPRESENTATION('',(#3952),#3956);
#3952 = LINE('',#3953,#3954);
#3953 = CARTESIAN_POINT('',(1.,0.));
#3954 = VECTOR('',#3955,1.);
#3955 = DIRECTION('',(0.,-1.));
#3956 = ( GEOMETRIC_REPRESENTATION_CONTEXT(2) 
PARAMETRIC_REPRESENTATION_CONTEXT() REPRESENTATION_CONTEXT('2D SPACE',''
  ) );
#3957 = ORIENTED_EDGE('',*,*,#3958,.T.);
#3958 = EDGE_CURVE('',#3936,#3838,#3959,.T.);
#3959 = SURFACE_CURVE('',#3960,(#3964,#3971),.PCURVE_S1.);
#3960 = B_SPLINE_CURVE_WITH_KNOTS('',2,(#3961,#3962,#3963),
  .UNSPECIFIED.,.F.,.F.,(3,3),(0.,1.),.PIECEWISE_BEZIER_KNOTS.);
#3961 = CARTESIAN_POINT('',(-34.18884277343,28.07275390625,4.2));
#3962 = CARTESIAN_POINT('',(-34.18884277343,27.371337890625,4.2));
#3963 = CARTESIAN_POINT('',(-34.5966796875,27.0126953125,4.2));
#3964 = PCURVE('',#1222,#3965);
#3965 = DEFINITIONAL_REPRESENTATION('',(#3966),#3970);
#3966 = LINE('',#3967,#3968);
#3967 = CARTESIAN_POINT('',(0.,-0.8));
#3968 = VECTOR('',#3969,1.);
#3969 = DIRECTION('',(1.,0.));
#3970 = ( GEOMETRIC_REPRESENTATION_CONTEXT(2) 
PARAMETRIC_REPRESENTATION_CONTEXT() REPRESENTATION_CONTEXT('2D SPACE',''
  ) );
#3971 = PCURVE('',#3604,#3972);
#3972 = DEFINITIONAL_REPRESENTATION('',(#3973),#3977);
#3973 = B_SPLINE_CURVE_WITH_KNOTS('',2,(#3974,#3975,#3976),
  .UNSPECIFIED.,.F.,.F.,(3,3),(0.,1.),.PIECEWISE_BEZIER_KNOTS.);
#3974 = CARTESIAN_POINT('',(3.697509765625,3.322998046875));
#3975 = CARTESIAN_POINT('',(3.697509765625,2.62158203125));
#3976 = CARTESIAN_POINT('',(3.289672851562,2.262939453125));
#3977 = ( GEOMETRIC_REPRESENTATION_CONTEXT(2) 
PARAMETRIC_REPRESENTATION_CONTEXT() REPRESENTATION_CONTEXT('2D SPACE',''
  ) );
#3978 = ORIENTED_EDGE('',*,*,#3837,.F.);
#3979 = ORIENTED_EDGE('',*,*,#1206,.F.);
#3980 = ADVANCED_FACE('',(#3981),#1192,.T.);
#3981 = FACE_BOUND('',#3982,.T.);
#3982 = EDGE_LOOP('',(#3983,#3984,#4005,#4006));
#3983 = ORIENTED_EDGE('',*,*,#3910,.T.);
#3984 = ORIENTED_EDGE('',*,*,#3985,.T.);
#3985 = EDGE_CURVE('',#3888,#3936,#3986,.T.);
#3986 = SURFACE_CURVE('',#3987,(#3991,#3998),.PCURVE_S1.);
#3987 = B_SPLINE_CURVE_WITH_KNOTS('',2,(#3988,#3989,#3990),
  .UNSPECIFIED.,.F.,.F.,(3,3),(0.,1.),.PIECEWISE_BEZIER_KNOTS.);
#3988 = CARTESIAN_POINT('',(-34.5966796875,29.128051757812,4.2));
#3989 = CARTESIAN_POINT('',(-34.18884277343,28.767822265625,4.2));
#3990 = CARTESIAN_POINT('',(-34.18884277343,28.07275390625,4.2));
#3991 = PCURVE('',#1192,#3992);
#3992 = DEFINITIONAL_REPRESENTATION('',(#3993),#3997);
#3993 = LINE('',#3994,#3995);
#3994 = CARTESIAN_POINT('',(0.,-0.8));
#3995 = VECTOR('',#3996,1.);
#3996 = DIRECTION('',(1.,0.));
#3997 = ( GEOMETRIC_REPRESENTATION_CONTEXT(2) 
PARAMETRIC_REPRESENTATION_CONTEXT() REPRESENTATION_CONTEXT('2D SPACE',''
  ) );
#3998 = PCURVE('',#3604,#3999);
#3999 = DEFINITIONAL_REPRESENTATION('',(#4000),#4004);
#4000 = B_SPLINE_CURVE_WITH_KNOTS('',2,(#4001,#4002,#4003),
  .UNSPECIFIED.,.F.,.F.,(3,3),(0.,1.),.PIECEWISE_BEZIER_KNOTS.);
#4001 = CARTESIAN_POINT('',(3.289672851562,4.378295898438));
#4002 = CARTESIAN_POINT('',(3.697509765625,4.01806640625));
#4003 = CARTESIAN_POINT('',(3.697509765625,3.322998046875));
#4004 = ( GEOMETRIC_REPRESENTATION_CONTEXT(2) 
PARAMETRIC_REPRESENTATION_CONTEXT() REPRESENTATION_CONTEXT('2D SPACE',''
  ) );
#4005 = ORIENTED_EDGE('',*,*,#3935,.F.);
#4006 = ORIENTED_EDGE('',*,*,#1176,.F.);
#4007 = ADVANCED_FACE('',(#4008),#1340,.T.);
#4008 = FACE_BOUND('',#4009,.T.);
#4009 = EDGE_LOOP('',(#4010,#4033,#4061,#4082));
#4010 = ORIENTED_EDGE('',*,*,#4011,.T.);
#4011 = EDGE_CURVE('',#1323,#4012,#4014,.T.);
#4012 = VERTEX_POINT('',#4013);
#4013 = CARTESIAN_POINT('',(-30.27551269531,24.749755859375,4.2));
#4014 = SURFACE_CURVE('',#4015,(#4019,#4026),.PCURVE_S1.);
#4015 = LINE('',#4016,#4017);
#4016 = CARTESIAN_POINT('',(-30.27551269531,24.749755859375,5.));
#4017 = VECTOR('',#4018,1.);
#4018 = DIRECTION('',(-0.,-0.,-1.));
#4019 = PCURVE('',#1340,#4020);
#4020 = DEFINITIONAL_REPRESENTATION('',(#4021),#4025);
#4021 = LINE('',#4022,#4023);
#4022 = CARTESIAN_POINT('',(0.,0.));
#4023 = VECTOR('',#4024,1.);
#4024 = DIRECTION('',(0.,-1.));
#4025 = ( GEOMETRIC_REPRESENTATION_CONTEXT(2) 
PARAMETRIC_REPRESENTATION_CONTEXT() REPRESENTATION_CONTEXT('2D SPACE',''
  ) );
#4026 = PCURVE('',#1646,#4027);
#4027 = DEFINITIONAL_REPRESENTATION('',(#4028),#4032);
#4028 = LINE('',#4029,#4030);
#4029 = CARTESIAN_POINT('',(0.53955078125,0.));
#4030 = VECTOR('',#4031,1.);
#4031 = DIRECTION('',(0.,-1.));
#4032 = ( GEOMETRIC_REPRESENTATION_CONTEXT(2) 
PARAMETRIC_REPRESENTATION_CONTEXT() REPRESENTATION_CONTEXT('2D SPACE',''
  ) );
#4033 = ORIENTED_EDGE('',*,*,#4034,.T.);
#4034 = EDGE_CURVE('',#4012,#4035,#4037,.T.);
#4035 = VERTEX_POINT('',#4036);
#4036 = CARTESIAN_POINT('',(-33.32873535156,24.749755859375,4.2));
#4037 = SURFACE_CURVE('',#4038,(#4042,#4049),.PCURVE_S1.);
#4038 = LINE('',#4039,#4040);
#4039 = CARTESIAN_POINT('',(-30.27551269531,24.749755859375,4.2));
#4040 = VECTOR('',#4041,1.);
#4041 = DIRECTION('',(-1.,0.,0.));
#4042 = PCURVE('',#1340,#4043);
#4043 = DEFINITIONAL_REPRESENTATION('',(#4044),#4048);
#4044 = LINE('',#4045,#4046);
#4045 = CARTESIAN_POINT('',(0.,-0.8));
#4046 = VECTOR('',#4047,1.);
#4047 = DIRECTION('',(1.,0.));
#4048 = ( GEOMETRIC_REPRESENTATION_CONTEXT(2) 
PARAMETRIC_REPRESENTATION_CONTEXT() REPRESENTATION_CONTEXT('2D SPACE',''
  ) );
#4049 = PCURVE('',#4050,#4055);
#4050 = PLANE('',#4051);
#4051 = AXIS2_PLACEMENT_3D('',#4052,#4053,#4054);
#4052 = CARTESIAN_POINT('',(-33.96667480468,24.749755859375,4.2));
#4053 = DIRECTION('',(0.,0.,1.));
#4054 = DIRECTION('',(1.,0.,0.));
#4055 = DEFINITIONAL_REPRESENTATION('',(#4056),#4060);
#4056 = LINE('',#4057,#4058);
#4057 = CARTESIAN_POINT('',(3.691162109375,0.));
#4058 = VECTOR('',#4059,1.);
#4059 = DIRECTION('',(-1.,0.));
#4060 = ( GEOMETRIC_REPRESENTATION_CONTEXT(2) 
PARAMETRIC_REPRESENTATION_CONTEXT() REPRESENTATION_CONTEXT('2D SPACE',''
  ) );
#4061 = ORIENTED_EDGE('',*,*,#4062,.F.);
#4062 = EDGE_CURVE('',#1325,#4035,#4063,.T.);
#4063 = SURFACE_CURVE('',#4064,(#4068,#4075),.PCURVE_S1.);
#4064 = LINE('',#4065,#4066);
#4065 = CARTESIAN_POINT('',(-33.32873535156,24.749755859375,5.));
#4066 = VECTOR('',#4067,1.);
#4067 = DIRECTION('',(-0.,-0.,-1.));
#4068 = PCURVE('',#1340,#4069);
#4069 = DEFINITIONAL_REPRESENTATION('',(#4070),#4074);
#4070 = LINE('',#4071,#4072);
#4071 = CARTESIAN_POINT('',(3.05322265625,0.));
#4072 = VECTOR('',#4073,1.);
#4073 = DIRECTION('',(0.,-1.));
#4074 = ( GEOMETRIC_REPRESENTATION_CONTEXT(2) 
PARAMETRIC_REPRESENTATION_CONTEXT() REPRESENTATION_CONTEXT('2D SPACE',''
  ) );
#4075 = PCURVE('',#1368,#4076);
#4076 = DEFINITIONAL_REPRESENTATION('',(#4077),#4081);
#4077 = LINE('',#4078,#4079);
#4078 = CARTESIAN_POINT('',(0.,0.));
#4079 = VECTOR('',#4080,1.);
#4080 = DIRECTION('',(0.,-1.));
#4081 = ( GEOMETRIC_REPRESENTATION_CONTEXT(2) 
PARAMETRIC_REPRESENTATION_CONTEXT() REPRESENTATION_CONTEXT('2D SPACE',''
  ) );
#4082 = ORIENTED_EDGE('',*,*,#1322,.F.);
#4083 = ADVANCED_FACE('',(#4084),#1646,.T.);
#4084 = FACE_BOUND('',#4085,.T.);
#4085 = EDGE_LOOP('',(#4086,#4109,#4130,#4131));
#4086 = ORIENTED_EDGE('',*,*,#4087,.T.);
#4087 = EDGE_CURVE('',#1605,#4088,#4090,.T.);
#4088 = VERTEX_POINT('',#4089);
#4089 = CARTESIAN_POINT('',(-30.27551269531,25.289306640625,4.2));
#4090 = SURFACE_CURVE('',#4091,(#4095,#4102),.PCURVE_S1.);
#4091 = LINE('',#4092,#4093);
#4092 = CARTESIAN_POINT('',(-30.27551269531,25.289306640625,5.));
#4093 = VECTOR('',#4094,1.);
#4094 = DIRECTION('',(-0.,-0.,-1.));
#4095 = PCURVE('',#1646,#4096);
#4096 = DEFINITIONAL_REPRESENTATION('',(#4097),#4101);
#4097 = LINE('',#4098,#4099);
#4098 = CARTESIAN_POINT('',(0.,0.));
#4099 = VECTOR('',#4100,1.);
#4100 = DIRECTION('',(0.,-1.));
#4101 = ( GEOMETRIC_REPRESENTATION_CONTEXT(2) 
PARAMETRIC_REPRESENTATION_CONTEXT() REPRESENTATION_CONTEXT('2D SPACE',''
  ) );
#4102 = PCURVE('',#1620,#4103);
#4103 = DEFINITIONAL_REPRESENTATION('',(#4104),#4108);
#4104 = LINE('',#4105,#4106);
#4105 = CARTESIAN_POINT('',(2.412109375,0.));
#4106 = VECTOR('',#4107,1.);
#4107 = DIRECTION('',(0.,-1.));
#4108 = ( GEOMETRIC_REPRESENTATION_CONTEXT(2) 
PARAMETRIC_REPRESENTATION_CONTEXT() REPRESENTATION_CONTEXT('2D SPACE',''
  ) );
#4109 = ORIENTED_EDGE('',*,*,#4110,.T.);
#4110 = EDGE_CURVE('',#4088,#4012,#4111,.T.);
#4111 = SURFACE_CURVE('',#4112,(#4116,#4123),.PCURVE_S1.);
#4112 = LINE('',#4113,#4114);
#4113 = CARTESIAN_POINT('',(-30.27551269531,25.289306640625,4.2));
#4114 = VECTOR('',#4115,1.);
#4115 = DIRECTION('',(0.,-1.,0.));
#4116 = PCURVE('',#1646,#4117);
#4117 = DEFINITIONAL_REPRESENTATION('',(#4118),#4122);
#4118 = LINE('',#4119,#4120);
#4119 = CARTESIAN_POINT('',(0.,-0.8));
#4120 = VECTOR('',#4121,1.);
#4121 = DIRECTION('',(1.,0.));
#4122 = ( GEOMETRIC_REPRESENTATION_CONTEXT(2) 
PARAMETRIC_REPRESENTATION_CONTEXT() REPRESENTATION_CONTEXT('2D SPACE',''
  ) );
#4123 = PCURVE('',#4050,#4124);
#4124 = DEFINITIONAL_REPRESENTATION('',(#4125),#4129);
#4125 = LINE('',#4126,#4127);
#4126 = CARTESIAN_POINT('',(3.691162109375,0.53955078125));
#4127 = VECTOR('',#4128,1.);
#4128 = DIRECTION('',(0.,-1.));
#4129 = ( GEOMETRIC_REPRESENTATION_CONTEXT(2) 
PARAMETRIC_REPRESENTATION_CONTEXT() REPRESENTATION_CONTEXT('2D SPACE',''
  ) );
#4130 = ORIENTED_EDGE('',*,*,#4011,.F.);
#4131 = ORIENTED_EDGE('',*,*,#1632,.F.);
#4132 = ADVANCED_FACE('',(#4133),#1368,.T.);
#4133 = FACE_BOUND('',#4134,.T.);
#4134 = EDGE_LOOP('',(#4135,#4136,#4159,#4180));
#4135 = ORIENTED_EDGE('',*,*,#4062,.T.);
#4136 = ORIENTED_EDGE('',*,*,#4137,.T.);
#4137 = EDGE_CURVE('',#4035,#4138,#4140,.T.);
#4138 = VERTEX_POINT('',#4139);
#4139 = CARTESIAN_POINT('',(-33.32873535156,29.48828125,4.2));
#4140 = SURFACE_CURVE('',#4141,(#4145,#4152),.PCURVE_S1.);
#4141 = LINE('',#4142,#4143);
#4142 = CARTESIAN_POINT('',(-33.32873535156,24.749755859375,4.2));
#4143 = VECTOR('',#4144,1.);
#4144 = DIRECTION('',(0.,1.,0.));
#4145 = PCURVE('',#1368,#4146);
#4146 = DEFINITIONAL_REPRESENTATION('',(#4147),#4151);
#4147 = LINE('',#4148,#4149);
#4148 = CARTESIAN_POINT('',(0.,-0.8));
#4149 = VECTOR('',#4150,1.);
#4150 = DIRECTION('',(1.,0.));
#4151 = ( GEOMETRIC_REPRESENTATION_CONTEXT(2) 
PARAMETRIC_REPRESENTATION_CONTEXT() REPRESENTATION_CONTEXT('2D SPACE',''
  ) );
#4152 = PCURVE('',#4050,#4153);
#4153 = DEFINITIONAL_REPRESENTATION('',(#4154),#4158);
#4154 = LINE('',#4155,#4156);
#4155 = CARTESIAN_POINT('',(0.637939453125,0.));
#4156 = VECTOR('',#4157,1.);
#4157 = DIRECTION('',(0.,1.));
#4158 = ( GEOMETRIC_REPRESENTATION_CONTEXT(2) 
PARAMETRIC_REPRESENTATION_CONTEXT() REPRESENTATION_CONTEXT('2D SPACE',''
  ) );
#4159 = ORIENTED_EDGE('',*,*,#4160,.F.);
#4160 = EDGE_CURVE('',#1353,#4138,#4161,.T.);
#4161 = SURFACE_CURVE('',#4162,(#4166,#4173),.PCURVE_S1.);
#4162 = LINE('',#4163,#4164);
#4163 = CARTESIAN_POINT('',(-33.32873535156,29.48828125,5.));
#4164 = VECTOR('',#4165,1.);
#4165 = DIRECTION('',(-0.,-0.,-1.));
#4166 = PCURVE('',#1368,#4167);
#4167 = DEFINITIONAL_REPRESENTATION('',(#4168),#4172);
#4168 = LINE('',#4169,#4170);
#4169 = CARTESIAN_POINT('',(4.738525390625,0.));
#4170 = VECTOR('',#4171,1.);
#4171 = DIRECTION('',(0.,-1.));
#4172 = ( GEOMETRIC_REPRESENTATION_CONTEXT(2) 
PARAMETRIC_REPRESENTATION_CONTEXT() REPRESENTATION_CONTEXT('2D SPACE',''
  ) );
#4173 = PCURVE('',#1396,#4174);
#4174 = DEFINITIONAL_REPRESENTATION('',(#4175),#4179);
#4175 = LINE('',#4176,#4177);
#4176 = CARTESIAN_POINT('',(0.,0.));
#4177 = VECTOR('',#4178,1.);
#4178 = DIRECTION('',(0.,-1.));
#4179 = ( GEOMETRIC_REPRESENTATION_CONTEXT(2) 
PARAMETRIC_REPRESENTATION_CONTEXT() REPRESENTATION_CONTEXT('2D SPACE',''
  ) );
#4180 = ORIENTED_EDGE('',*,*,#1352,.F.);
#4181 = ADVANCED_FACE('',(#4182),#1620,.T.);
#4182 = FACE_BOUND('',#4183,.T.);
#4183 = EDGE_LOOP('',(#4184,#4207,#4228,#4229));
#4184 = ORIENTED_EDGE('',*,*,#4185,.T.);
#4185 = EDGE_CURVE('',#1577,#4186,#4188,.T.);
#4186 = VERTEX_POINT('',#4187);
#4187 = CARTESIAN_POINT('',(-32.68762207031,25.289306640625,4.2));
#4188 = SURFACE_CURVE('',#4189,(#4193,#4200),.PCURVE_S1.);
#4189 = LINE('',#4190,#4191);
#4190 = CARTESIAN_POINT('',(-32.68762207031,25.289306640625,5.));
#4191 = VECTOR('',#4192,1.);
#4192 = DIRECTION('',(-0.,-0.,-1.));
#4193 = PCURVE('',#1620,#4194);
#4194 = DEFINITIONAL_REPRESENTATION('',(#4195),#4199);
#4195 = LINE('',#4196,#4197);
#4196 = CARTESIAN_POINT('',(0.,0.));
#4197 = VECTOR('',#4198,1.);
#4198 = DIRECTION('',(0.,-1.));
#4199 = ( GEOMETRIC_REPRESENTATION_CONTEXT(2) 
PARAMETRIC_REPRESENTATION_CONTEXT() REPRESENTATION_CONTEXT('2D SPACE',''
  ) );
#4200 = PCURVE('',#1592,#4201);
#4201 = DEFINITIONAL_REPRESENTATION('',(#4202),#4206);
#4202 = LINE('',#4203,#4204);
#4203 = CARTESIAN_POINT('',(1.717041015625,0.));
#4204 = VECTOR('',#4205,1.);
#4205 = DIRECTION('',(0.,-1.));
#4206 = ( GEOMETRIC_REPRESENTATION_CONTEXT(2) 
PARAMETRIC_REPRESENTATION_CONTEXT() REPRESENTATION_CONTEXT('2D SPACE',''
  ) );
#4207 = ORIENTED_EDGE('',*,*,#4208,.T.);
#4208 = EDGE_CURVE('',#4186,#4088,#4209,.T.);
#4209 = SURFACE_CURVE('',#4210,(#4214,#4221),.PCURVE_S1.);
#4210 = LINE('',#4211,#4212);
#4211 = CARTESIAN_POINT('',(-32.68762207031,25.289306640625,4.2));
#4212 = VECTOR('',#4213,1.);
#4213 = DIRECTION('',(1.,0.,0.));
#4214 = PCURVE('',#1620,#4215);
#4215 = DEFINITIONAL_REPRESENTATION('',(#4216),#4220);
#4216 = LINE('',#4217,#4218);
#4217 = CARTESIAN_POINT('',(0.,-0.8));
#4218 = VECTOR('',#4219,1.);
#4219 = DIRECTION('',(1.,0.));
#4220 = ( GEOMETRIC_REPRESENTATION_CONTEXT(2) 
PARAMETRIC_REPRESENTATION_CONTEXT() REPRESENTATION_CONTEXT('2D SPACE',''
  ) );
#4221 = PCURVE('',#4050,#4222);
#4222 = DEFINITIONAL_REPRESENTATION('',(#4223),#4227);
#4223 = LINE('',#4224,#4225);
#4224 = CARTESIAN_POINT('',(1.279052734375,0.53955078125));
#4225 = VECTOR('',#4226,1.);
#4226 = DIRECTION('',(1.,0.));
#4227 = ( GEOMETRIC_REPRESENTATION_CONTEXT(2) 
PARAMETRIC_REPRESENTATION_CONTEXT() REPRESENTATION_CONTEXT('2D SPACE',''
  ) );
#4228 = ORIENTED_EDGE('',*,*,#4087,.F.);
#4229 = ORIENTED_EDGE('',*,*,#1604,.F.);
#4230 = ADVANCED_FACE('',(#4231),#1396,.T.);
#4231 = FACE_BOUND('',#4232,.T.);
#4232 = EDGE_LOOP('',(#4233,#4234,#4257,#4278));
#4233 = ORIENTED_EDGE('',*,*,#4160,.T.);
#4234 = ORIENTED_EDGE('',*,*,#4235,.T.);
#4235 = EDGE_CURVE('',#4138,#4236,#4238,.T.);
#4236 = VERTEX_POINT('',#4237);
#4237 = CARTESIAN_POINT('',(-30.33264160156,29.48828125,4.2));
#4238 = SURFACE_CURVE('',#4239,(#4243,#4250),.PCURVE_S1.);
#4239 = LINE('',#4240,#4241);
#4240 = CARTESIAN_POINT('',(-33.32873535156,29.48828125,4.2));
#4241 = VECTOR('',#4242,1.);
#4242 = DIRECTION('',(1.,0.,0.));
#4243 = PCURVE('',#1396,#4244);
#4244 = DEFINITIONAL_REPRESENTATION('',(#4245),#4249);
#4245 = LINE('',#4246,#4247);
#4246 = CARTESIAN_POINT('',(0.,-0.8));
#4247 = VECTOR('',#4248,1.);
#4248 = DIRECTION('',(1.,0.));
#4249 = ( GEOMETRIC_REPRESENTATION_CONTEXT(2) 
PARAMETRIC_REPRESENTATION_CONTEXT() REPRESENTATION_CONTEXT('2D SPACE',''
  ) );
#4250 = PCURVE('',#4050,#4251);
#4251 = DEFINITIONAL_REPRESENTATION('',(#4252),#4256);
#4252 = LINE('',#4253,#4254);
#4253 = CARTESIAN_POINT('',(0.637939453125,4.738525390625));
#4254 = VECTOR('',#4255,1.);
#4255 = DIRECTION('',(1.,0.));
#4256 = ( GEOMETRIC_REPRESENTATION_CONTEXT(2) 
PARAMETRIC_REPRESENTATION_CONTEXT() REPRESENTATION_CONTEXT('2D SPACE',''
  ) );
#4257 = ORIENTED_EDGE('',*,*,#4258,.F.);
#4258 = EDGE_CURVE('',#1381,#4236,#4259,.T.);
#4259 = SURFACE_CURVE('',#4260,(#4264,#4271),.PCURVE_S1.);
#4260 = LINE('',#4261,#4262);
#4261 = CARTESIAN_POINT('',(-30.33264160156,29.48828125,5.));
#4262 = VECTOR('',#4263,1.);
#4263 = DIRECTION('',(-0.,-0.,-1.));
#4264 = PCURVE('',#1396,#4265);
#4265 = DEFINITIONAL_REPRESENTATION('',(#4266),#4270);
#4266 = LINE('',#4267,#4268);
#4267 = CARTESIAN_POINT('',(2.99609375,0.));
#4268 = VECTOR('',#4269,1.);
#4269 = DIRECTION('',(0.,-1.));
#4270 = ( GEOMETRIC_REPRESENTATION_CONTEXT(2) 
PARAMETRIC_REPRESENTATION_CONTEXT() REPRESENTATION_CONTEXT('2D SPACE',''
  ) );
#4271 = PCURVE('',#1424,#4272);
#4272 = DEFINITIONAL_REPRESENTATION('',(#4273),#4277);
#4273 = LINE('',#4274,#4275);
#4274 = CARTESIAN_POINT('',(0.,0.));
#4275 = VECTOR('',#4276,1.);
#4276 = DIRECTION('',(0.,-1.));
#4277 = ( GEOMETRIC_REPRESENTATION_CONTEXT(2) 
PARAMETRIC_REPRESENTATION_CONTEXT() REPRESENTATION_CONTEXT('2D SPACE',''
  ) );
#4278 = ORIENTED_EDGE('',*,*,#1380,.F.);
#4279 = ADVANCED_FACE('',(#4280),#1592,.T.);
#4280 = FACE_BOUND('',#4281,.T.);
#4281 = EDGE_LOOP('',(#4282,#4305,#4326,#4327));
#4282 = ORIENTED_EDGE('',*,*,#4283,.T.);
#4283 = EDGE_CURVE('',#1549,#4284,#4286,.T.);
#4284 = VERTEX_POINT('',#4285);
#4285 = CARTESIAN_POINT('',(-32.68762207031,27.00634765625,4.2));
#4286 = SURFACE_CURVE('',#4287,(#4291,#4298),.PCURVE_S1.);
#4287 = LINE('',#4288,#4289);
#4288 = CARTESIAN_POINT('',(-32.68762207031,27.00634765625,5.));
#4289 = VECTOR('',#4290,1.);
#4290 = DIRECTION('',(-0.,-0.,-1.));
#4291 = PCURVE('',#1592,#4292);
#4292 = DEFINITIONAL_REPRESENTATION('',(#4293),#4297);
#4293 = LINE('',#4294,#4295);
#4294 = CARTESIAN_POINT('',(0.,0.));
#4295 = VECTOR('',#4296,1.);
#4296 = DIRECTION('',(0.,-1.));
#4297 = ( GEOMETRIC_REPRESENTATION_CONTEXT(2) 
PARAMETRIC_REPRESENTATION_CONTEXT() REPRESENTATION_CONTEXT('2D SPACE',''
  ) );
#4298 = PCURVE('',#1564,#4299);
#4299 = DEFINITIONAL_REPRESENTATION('',(#4300),#4304);
#4300 = LINE('',#4301,#4302);
#4301 = CARTESIAN_POINT('',(2.256591796875,0.));
#4302 = VECTOR('',#4303,1.);
#4303 = DIRECTION('',(0.,-1.));
#4304 = ( GEOMETRIC_REPRESENTATION_CONTEXT(2) 
PARAMETRIC_REPRESENTATION_CONTEXT() REPRESENTATION_CONTEXT('2D SPACE',''
  ) );
#4305 = ORIENTED_EDGE('',*,*,#4306,.T.);
#4306 = EDGE_CURVE('',#4284,#4186,#4307,.T.);
#4307 = SURFACE_CURVE('',#4308,(#4312,#4319),.PCURVE_S1.);
#4308 = LINE('',#4309,#4310);
#4309 = CARTESIAN_POINT('',(-32.68762207031,27.00634765625,4.2));
#4310 = VECTOR('',#4311,1.);
#4311 = DIRECTION('',(0.,-1.,0.));
#4312 = PCURVE('',#1592,#4313);
#4313 = DEFINITIONAL_REPRESENTATION('',(#4314),#4318);
#4314 = LINE('',#4315,#4316);
#4315 = CARTESIAN_POINT('',(0.,-0.8));
#4316 = VECTOR('',#4317,1.);
#4317 = DIRECTION('',(1.,0.));
#4318 = ( GEOMETRIC_REPRESENTATION_CONTEXT(2) 
PARAMETRIC_REPRESENTATION_CONTEXT() REPRESENTATION_CONTEXT('2D SPACE',''
  ) );
#4319 = PCURVE('',#4050,#4320);
#4320 = DEFINITIONAL_REPRESENTATION('',(#4321),#4325);
#4321 = LINE('',#4322,#4323);
#4322 = CARTESIAN_POINT('',(1.279052734375,2.256591796875));
#4323 = VECTOR('',#4324,1.);
#4324 = DIRECTION('',(0.,-1.));
#4325 = ( GEOMETRIC_REPRESENTATION_CONTEXT(2) 
PARAMETRIC_REPRESENTATION_CONTEXT() REPRESENTATION_CONTEXT('2D SPACE',''
  ) );
#4326 = ORIENTED_EDGE('',*,*,#4185,.F.);
#4327 = ORIENTED_EDGE('',*,*,#1576,.F.);
#4328 = ADVANCED_FACE('',(#4329),#1424,.T.);
#4329 = FACE_BOUND('',#4330,.T.);
#4330 = EDGE_LOOP('',(#4331,#4332,#4355,#4376));
#4331 = ORIENTED_EDGE('',*,*,#4258,.T.);
#4332 = ORIENTED_EDGE('',*,*,#4333,.T.);
#4333 = EDGE_CURVE('',#4236,#4334,#4336,.T.);
#4334 = VERTEX_POINT('',#4335);
#4335 = CARTESIAN_POINT('',(-30.33264160156,28.94873046875,4.2));
#4336 = SURFACE_CURVE('',#4337,(#4341,#4348),.PCURVE_S1.);
#4337 = LINE('',#4338,#4339);
#4338 = CARTESIAN_POINT('',(-30.33264160156,29.48828125,4.2));
#4339 = VECTOR('',#4340,1.);
#4340 = DIRECTION('',(0.,-1.,0.));
#4341 = PCURVE('',#1424,#4342);
#4342 = DEFINITIONAL_REPRESENTATION('',(#4343),#4347);
#4343 = LINE('',#4344,#4345);
#4344 = CARTESIAN_POINT('',(0.,-0.8));
#4345 = VECTOR('',#4346,1.);
#4346 = DIRECTION('',(1.,0.));
#4347 = ( GEOMETRIC_REPRESENTATION_CONTEXT(2) 
PARAMETRIC_REPRESENTATION_CONTEXT() REPRESENTATION_CONTEXT('2D SPACE',''
  ) );
#4348 = PCURVE('',#4050,#4349);
#4349 = DEFINITIONAL_REPRESENTATION('',(#4350),#4354);
#4350 = LINE('',#4351,#4352);
#4351 = CARTESIAN_POINT('',(3.634033203125,4.738525390625));
#4352 = VECTOR('',#4353,1.);
#4353 = DIRECTION('',(0.,-1.));
#4354 = ( GEOMETRIC_REPRESENTATION_CONTEXT(2) 
PARAMETRIC_REPRESENTATION_CONTEXT() REPRESENTATION_CONTEXT('2D SPACE',''
  ) );
#4355 = ORIENTED_EDGE('',*,*,#4356,.F.);
#4356 = EDGE_CURVE('',#1409,#4334,#4357,.T.);
#4357 = SURFACE_CURVE('',#4358,(#4362,#4369),.PCURVE_S1.);
#4358 = LINE('',#4359,#4360);
#4359 = CARTESIAN_POINT('',(-30.33264160156,28.94873046875,5.));
#4360 = VECTOR('',#4361,1.);
#4361 = DIRECTION('',(-0.,-0.,-1.));
#4362 = PCURVE('',#1424,#4363);
#4363 = DEFINITIONAL_REPRESENTATION('',(#4364),#4368);
#4364 = LINE('',#4365,#4366);
#4365 = CARTESIAN_POINT('',(0.53955078125,0.));
#4366 = VECTOR('',#4367,1.);
#4367 = DIRECTION('',(0.,-1.));
#4368 = ( GEOMETRIC_REPRESENTATION_CONTEXT(2) 
PARAMETRIC_REPRESENTATION_CONTEXT() REPRESENTATION_CONTEXT('2D SPACE',''
  ) );
#4369 = PCURVE('',#1452,#4370);
#4370 = DEFINITIONAL_REPRESENTATION('',(#4371),#4375);
#4371 = LINE('',#4372,#4373);
#4372 = CARTESIAN_POINT('',(0.,0.));
#4373 = VECTOR('',#4374,1.);
#4374 = DIRECTION('',(0.,-1.));
#4375 = ( GEOMETRIC_REPRESENTATION_CONTEXT(2) 
PARAMETRIC_REPRESENTATION_CONTEXT() REPRESENTATION_CONTEXT('2D SPACE',''
  ) );
#4376 = ORIENTED_EDGE('',*,*,#1408,.F.);
#4377 = ADVANCED_FACE('',(#4378),#1564,.T.);
#4378 = FACE_BOUND('',#4379,.T.);
#4379 = EDGE_LOOP('',(#4380,#4403,#4424,#4425));
#4380 = ORIENTED_EDGE('',*,*,#4381,.T.);
#4381 = EDGE_CURVE('',#1521,#4382,#4384,.T.);
#4382 = VERTEX_POINT('',#4383);
#4383 = CARTESIAN_POINT('',(-30.43103027343,27.00634765625,4.2));
#4384 = SURFACE_CURVE('',#4385,(#4389,#4396),.PCURVE_S1.);
#4385 = LINE('',#4386,#4387);
#4386 = CARTESIAN_POINT('',(-30.43103027343,27.00634765625,5.));
#4387 = VECTOR('',#4388,1.);
#4388 = DIRECTION('',(-0.,-0.,-1.));
#4389 = PCURVE('',#1564,#4390);
#4390 = DEFINITIONAL_REPRESENTATION('',(#4391),#4395);
#4391 = LINE('',#4392,#4393);
#4392 = CARTESIAN_POINT('',(0.,0.));
#4393 = VECTOR('',#4394,1.);
#4394 = DIRECTION('',(0.,-1.));
#4395 = ( GEOMETRIC_REPRESENTATION_CONTEXT(2) 
PARAMETRIC_REPRESENTATION_CONTEXT() REPRESENTATION_CONTEXT('2D SPACE',''
  ) );
#4396 = PCURVE('',#1536,#4397);
#4397 = DEFINITIONAL_REPRESENTATION('',(#4398),#4402);
#4398 = LINE('',#4399,#4400);
#4399 = CARTESIAN_POINT('',(0.53955078125,0.));
#4400 = VECTOR('',#4401,1.);
#4401 = DIRECTION('',(0.,-1.));
#4402 = ( GEOMETRIC_REPRESENTATION_CONTEXT(2) 
PARAMETRIC_REPRESENTATION_CONTEXT() REPRESENTATION_CONTEXT('2D SPACE',''
  ) );
#4403 = ORIENTED_EDGE('',*,*,#4404,.T.);
#4404 = EDGE_CURVE('',#4382,#4284,#4405,.T.);
#4405 = SURFACE_CURVE('',#4406,(#4410,#4417),.PCURVE_S1.);
#4406 = LINE('',#4407,#4408);
#4407 = CARTESIAN_POINT('',(-30.43103027343,27.00634765625,4.2));
#4408 = VECTOR('',#4409,1.);
#4409 = DIRECTION('',(-1.,0.,0.));
#4410 = PCURVE('',#1564,#4411);
#4411 = DEFINITIONAL_REPRESENTATION('',(#4412),#4416);
#4412 = LINE('',#4413,#4414);
#4413 = CARTESIAN_POINT('',(0.,-0.8));
#4414 = VECTOR('',#4415,1.);
#4415 = DIRECTION('',(1.,0.));
#4416 = ( GEOMETRIC_REPRESENTATION_CONTEXT(2) 
PARAMETRIC_REPRESENTATION_CONTEXT() REPRESENTATION_CONTEXT('2D SPACE',''
  ) );
#4417 = PCURVE('',#4050,#4418);
#4418 = DEFINITIONAL_REPRESENTATION('',(#4419),#4423);
#4419 = LINE('',#4420,#4421);
#4420 = CARTESIAN_POINT('',(3.53564453125,2.256591796875));
#4421 = VECTOR('',#4422,1.);
#4422 = DIRECTION('',(-1.,0.));
#4423 = ( GEOMETRIC_REPRESENTATION_CONTEXT(2) 
PARAMETRIC_REPRESENTATION_CONTEXT() REPRESENTATION_CONTEXT('2D SPACE',''
  ) );
#4424 = ORIENTED_EDGE('',*,*,#4283,.F.);
#4425 = ORIENTED_EDGE('',*,*,#1548,.F.);
#4426 = ADVANCED_FACE('',(#4427),#1452,.T.);
#4427 = FACE_BOUND('',#4428,.T.);
#4428 = EDGE_LOOP('',(#4429,#4430,#4453,#4474));
#4429 = ORIENTED_EDGE('',*,*,#4356,.T.);
#4430 = ORIENTED_EDGE('',*,*,#4431,.T.);
#4431 = EDGE_CURVE('',#4334,#4432,#4434,.T.);
#4432 = VERTEX_POINT('',#4433);
#4433 = CARTESIAN_POINT('',(-32.68762207031,28.94873046875,4.2));
#4434 = SURFACE_CURVE('',#4435,(#4439,#4446),.PCURVE_S1.);
#4435 = LINE('',#4436,#4437);
#4436 = CARTESIAN_POINT('',(-30.33264160156,28.94873046875,4.2));
#4437 = VECTOR('',#4438,1.);
#4438 = DIRECTION('',(-1.,0.,0.));
#4439 = PCURVE('',#1452,#4440);
#4440 = DEFINITIONAL_REPRESENTATION('',(#4441),#4445);
#4441 = LINE('',#4442,#4443);
#4442 = CARTESIAN_POINT('',(0.,-0.8));
#4443 = VECTOR('',#4444,1.);
#4444 = DIRECTION('',(1.,0.));
#4445 = ( GEOMETRIC_REPRESENTATION_CONTEXT(2) 
PARAMETRIC_REPRESENTATION_CONTEXT() REPRESENTATION_CONTEXT('2D SPACE',''
  ) );
#4446 = PCURVE('',#4050,#4447);
#4447 = DEFINITIONAL_REPRESENTATION('',(#4448),#4452);
#4448 = LINE('',#4449,#4450);
#4449 = CARTESIAN_POINT('',(3.634033203125,4.198974609375));
#4450 = VECTOR('',#4451,1.);
#4451 = DIRECTION('',(-1.,0.));
#4452 = ( GEOMETRIC_REPRESENTATION_CONTEXT(2) 
PARAMETRIC_REPRESENTATION_CONTEXT() REPRESENTATION_CONTEXT('2D SPACE',''
  ) );
#4453 = ORIENTED_EDGE('',*,*,#4454,.F.);
#4454 = EDGE_CURVE('',#1437,#4432,#4455,.T.);
#4455 = SURFACE_CURVE('',#4456,(#4460,#4467),.PCURVE_S1.);
#4456 = LINE('',#4457,#4458);
#4457 = CARTESIAN_POINT('',(-32.68762207031,28.94873046875,5.));
#4458 = VECTOR('',#4459,1.);
#4459 = DIRECTION('',(-0.,-0.,-1.));
#4460 = PCURVE('',#1452,#4461);
#4461 = DEFINITIONAL_REPRESENTATION('',(#4462),#4466);
#4462 = LINE('',#4463,#4464);
#4463 = CARTESIAN_POINT('',(2.35498046875,0.));
#4464 = VECTOR('',#4465,1.);
#4465 = DIRECTION('',(0.,-1.));
#4466 = ( GEOMETRIC_REPRESENTATION_CONTEXT(2) 
PARAMETRIC_REPRESENTATION_CONTEXT() REPRESENTATION_CONTEXT('2D SPACE',''
  ) );
#4467 = PCURVE('',#1480,#4468);
#4468 = DEFINITIONAL_REPRESENTATION('',(#4469),#4473);
#4469 = LINE('',#4470,#4471);
#4470 = CARTESIAN_POINT('',(0.,0.));
#4471 = VECTOR('',#4472,1.);
#4472 = DIRECTION('',(0.,-1.));
#4473 = ( GEOMETRIC_REPRESENTATION_CONTEXT(2) 
PARAMETRIC_REPRESENTATION_CONTEXT() REPRESENTATION_CONTEXT('2D SPACE',''
  ) );
#4474 = ORIENTED_EDGE('',*,*,#1436,.F.);
#4475 = ADVANCED_FACE('',(#4476),#1536,.T.);
#4476 = FACE_BOUND('',#4477,.T.);
#4477 = EDGE_LOOP('',(#4478,#4501,#4522,#4523));
#4478 = ORIENTED_EDGE('',*,*,#4479,.T.);
#4479 = EDGE_CURVE('',#1493,#4480,#4482,.T.);
#4480 = VERTEX_POINT('',#4481);
#4481 = CARTESIAN_POINT('',(-30.43103027343,27.5458984375,4.2));
#4482 = SURFACE_CURVE('',#4483,(#4487,#4494),.PCURVE_S1.);
#4483 = LINE('',#4484,#4485);
#4484 = CARTESIAN_POINT('',(-30.43103027343,27.5458984375,5.));
#4485 = VECTOR('',#4486,1.);
#4486 = DIRECTION('',(-0.,-0.,-1.));
#4487 = PCURVE('',#1536,#4488);
#4488 = DEFINITIONAL_REPRESENTATION('',(#4489),#4493);
#4489 = LINE('',#4490,#4491);
#4490 = CARTESIAN_POINT('',(0.,0.));
#4491 = VECTOR('',#4492,1.);
#4492 = DIRECTION('',(0.,-1.));
#4493 = ( GEOMETRIC_REPRESENTATION_CONTEXT(2) 
PARAMETRIC_REPRESENTATION_CONTEXT() REPRESENTATION_CONTEXT('2D SPACE',''
  ) );
#4494 = PCURVE('',#1508,#4495);
#4495 = DEFINITIONAL_REPRESENTATION('',(#4496),#4500);
#4496 = LINE('',#4497,#4498);
#4497 = CARTESIAN_POINT('',(2.256591796875,0.));
#4498 = VECTOR('',#4499,1.);
#4499 = DIRECTION('',(0.,-1.));
#4500 = ( GEOMETRIC_REPRESENTATION_CONTEXT(2) 
PARAMETRIC_REPRESENTATION_CONTEXT() REPRESENTATION_CONTEXT('2D SPACE',''
  ) );
#4501 = ORIENTED_EDGE('',*,*,#4502,.T.);
#4502 = EDGE_CURVE('',#4480,#4382,#4503,.T.);
#4503 = SURFACE_CURVE('',#4504,(#4508,#4515),.PCURVE_S1.);
#4504 = LINE('',#4505,#4506);
#4505 = CARTESIAN_POINT('',(-30.43103027343,27.5458984375,4.2));
#4506 = VECTOR('',#4507,1.);
#4507 = DIRECTION('',(0.,-1.,0.));
#4508 = PCURVE('',#1536,#4509);
#4509 = DEFINITIONAL_REPRESENTATION('',(#4510),#4514);
#4510 = LINE('',#4511,#4512);
#4511 = CARTESIAN_POINT('',(0.,-0.8));
#4512 = VECTOR('',#4513,1.);
#4513 = DIRECTION('',(1.,0.));
#4514 = ( GEOMETRIC_REPRESENTATION_CONTEXT(2) 
PARAMETRIC_REPRESENTATION_CONTEXT() REPRESENTATION_CONTEXT('2D SPACE',''
  ) );
#4515 = PCURVE('',#4050,#4516);
#4516 = DEFINITIONAL_REPRESENTATION('',(#4517),#4521);
#4517 = LINE('',#4518,#4519);
#4518 = CARTESIAN_POINT('',(3.53564453125,2.796142578125));
#4519 = VECTOR('',#4520,1.);
#4520 = DIRECTION('',(0.,-1.));
#4521 = ( GEOMETRIC_REPRESENTATION_CONTEXT(2) 
PARAMETRIC_REPRESENTATION_CONTEXT() REPRESENTATION_CONTEXT('2D SPACE',''
  ) );
#4522 = ORIENTED_EDGE('',*,*,#4381,.F.);
#4523 = ORIENTED_EDGE('',*,*,#1520,.F.);
#4524 = ADVANCED_FACE('',(#4525),#1480,.T.);
#4525 = FACE_BOUND('',#4526,.T.);
#4526 = EDGE_LOOP('',(#4527,#4528,#4551,#4572));
#4527 = ORIENTED_EDGE('',*,*,#4454,.T.);
#4528 = ORIENTED_EDGE('',*,*,#4529,.T.);
#4529 = EDGE_CURVE('',#4432,#4530,#4532,.T.);
#4530 = VERTEX_POINT('',#4531);
#4531 = CARTESIAN_POINT('',(-32.68762207031,27.5458984375,4.2));
#4532 = SURFACE_CURVE('',#4533,(#4537,#4544),.PCURVE_S1.);
#4533 = LINE('',#4534,#4535);
#4534 = CARTESIAN_POINT('',(-32.68762207031,28.94873046875,4.2));
#4535 = VECTOR('',#4536,1.);
#4536 = DIRECTION('',(0.,-1.,0.));
#4537 = PCURVE('',#1480,#4538);
#4538 = DEFINITIONAL_REPRESENTATION('',(#4539),#4543);
#4539 = LINE('',#4540,#4541);
#4540 = CARTESIAN_POINT('',(0.,-0.8));
#4541 = VECTOR('',#4542,1.);
#4542 = DIRECTION('',(1.,0.));
#4543 = ( GEOMETRIC_REPRESENTATION_CONTEXT(2) 
PARAMETRIC_REPRESENTATION_CONTEXT() REPRESENTATION_CONTEXT('2D SPACE',''
  ) );
#4544 = PCURVE('',#4050,#4545);
#4545 = DEFINITIONAL_REPRESENTATION('',(#4546),#4550);
#4546 = LINE('',#4547,#4548);
#4547 = CARTESIAN_POINT('',(1.279052734375,4.198974609375));
#4548 = VECTOR('',#4549,1.);
#4549 = DIRECTION('',(0.,-1.));
#4550 = ( GEOMETRIC_REPRESENTATION_CONTEXT(2) 
PARAMETRIC_REPRESENTATION_CONTEXT() REPRESENTATION_CONTEXT('2D SPACE',''
  ) );
#4551 = ORIENTED_EDGE('',*,*,#4552,.F.);
#4552 = EDGE_CURVE('',#1465,#4530,#4553,.T.);
#4553 = SURFACE_CURVE('',#4554,(#4558,#4565),.PCURVE_S1.);
#4554 = LINE('',#4555,#4556);
#4555 = CARTESIAN_POINT('',(-32.68762207031,27.5458984375,5.));
#4556 = VECTOR('',#4557,1.);
#4557 = DIRECTION('',(-0.,-0.,-1.));
#4558 = PCURVE('',#1480,#4559);
#4559 = DEFINITIONAL_REPRESENTATION('',(#4560),#4564);
#4560 = LINE('',#4561,#4562);
#4561 = CARTESIAN_POINT('',(1.40283203125,0.));
#4562 = VECTOR('',#4563,1.);
#4563 = DIRECTION('',(0.,-1.));
#4564 = ( GEOMETRIC_REPRESENTATION_CONTEXT(2) 
PARAMETRIC_REPRESENTATION_CONTEXT() REPRESENTATION_CONTEXT('2D SPACE',''
  ) );
#4565 = PCURVE('',#1508,#4566);
#4566 = DEFINITIONAL_REPRESENTATION('',(#4567),#4571);
#4567 = LINE('',#4568,#4569);
#4568 = CARTESIAN_POINT('',(0.,0.));
#4569 = VECTOR('',#4570,1.);
#4570 = DIRECTION('',(0.,-1.));
#4571 = ( GEOMETRIC_REPRESENTATION_CONTEXT(2) 
PARAMETRIC_REPRESENTATION_CONTEXT() REPRESENTATION_CONTEXT('2D SPACE',''
  ) );
#4572 = ORIENTED_EDGE('',*,*,#1464,.F.);
#4573 = ADVANCED_FACE('',(#4574),#1508,.T.);
#4574 = FACE_BOUND('',#4575,.T.);
#4575 = EDGE_LOOP('',(#4576,#4577,#4598,#4599));
#4576 = ORIENTED_EDGE('',*,*,#4552,.T.);
#4577 = ORIENTED_EDGE('',*,*,#4578,.T.);
#4578 = EDGE_CURVE('',#4530,#4480,#4579,.T.);
#4579 = SURFACE_CURVE('',#4580,(#4584,#4591),.PCURVE_S1.);
#4580 = LINE('',#4581,#4582);
#4581 = CARTESIAN_POINT('',(-32.68762207031,27.5458984375,4.2));
#4582 = VECTOR('',#4583,1.);
#4583 = DIRECTION('',(1.,0.,0.));
#4584 = PCURVE('',#1508,#4585);
#4585 = DEFINITIONAL_REPRESENTATION('',(#4586),#4590);
#4586 = LINE('',#4587,#4588);
#4587 = CARTESIAN_POINT('',(0.,-0.8));
#4588 = VECTOR('',#4589,1.);
#4589 = DIRECTION('',(1.,0.));
#4590 = ( GEOMETRIC_REPRESENTATION_CONTEXT(2) 
PARAMETRIC_REPRESENTATION_CONTEXT() REPRESENTATION_CONTEXT('2D SPACE',''
  ) );
#4591 = PCURVE('',#4050,#4592);
#4592 = DEFINITIONAL_REPRESENTATION('',(#4593),#4597);
#4593 = LINE('',#4594,#4595);
#4594 = CARTESIAN_POINT('',(1.279052734375,2.796142578125));
#4595 = VECTOR('',#4596,1.);
#4596 = DIRECTION('',(1.,0.));
#4597 = ( GEOMETRIC_REPRESENTATION_CONTEXT(2) 
PARAMETRIC_REPRESENTATION_CONTEXT() REPRESENTATION_CONTEXT('2D SPACE',''
  ) );
#4598 = ORIENTED_EDGE('',*,*,#4479,.F.);
#4599 = ORIENTED_EDGE('',*,*,#1492,.F.);
#4600 = ADVANCED_FACE('',(#4601),#1678,.T.);
#4601 = FACE_BOUND('',#4602,.T.);
#4602 = EDGE_LOOP('',(#4603,#4626,#4654,#4675));
#4603 = ORIENTED_EDGE('',*,*,#4604,.T.);
#4604 = EDGE_CURVE('',#1661,#4605,#4607,.T.);
#4605 = VERTEX_POINT('',#4606);
#4606 = CARTESIAN_POINT('',(-28.59973144531,24.749755859375,4.2));
#4607 = SURFACE_CURVE('',#4608,(#4612,#4619),.PCURVE_S1.);
#4608 = LINE('',#4609,#4610);
#4609 = CARTESIAN_POINT('',(-28.59973144531,24.749755859375,5.));
#4610 = VECTOR('',#4611,1.);
#4611 = DIRECTION('',(-0.,-0.,-1.));
#4612 = PCURVE('',#1678,#4613);
#4613 = DEFINITIONAL_REPRESENTATION('',(#4614),#4618);
#4614 = LINE('',#4615,#4616);
#4615 = CARTESIAN_POINT('',(0.,0.));
#4616 = VECTOR('',#4617,1.);
#4617 = DIRECTION('',(0.,-1.));
#4618 = ( GEOMETRIC_REPRESENTATION_CONTEXT(2) 
PARAMETRIC_REPRESENTATION_CONTEXT() REPRESENTATION_CONTEXT('2D SPACE',''
  ) );
#4619 = PCURVE('',#1928,#4620);
#4620 = DEFINITIONAL_REPRESENTATION('',(#4621),#4625);
#4621 = LINE('',#4622,#4623);
#4622 = CARTESIAN_POINT('',(3.964111328125,0.));
#4623 = VECTOR('',#4624,1.);
#4624 = DIRECTION('',(0.,-1.));
#4625 = ( GEOMETRIC_REPRESENTATION_CONTEXT(2) 
PARAMETRIC_REPRESENTATION_CONTEXT() REPRESENTATION_CONTEXT('2D SPACE',''
  ) );
#4626 = ORIENTED_EDGE('',*,*,#4627,.T.);
#4627 = EDGE_CURVE('',#4605,#4628,#4630,.T.);
#4628 = VERTEX_POINT('',#4629);
#4629 = CARTESIAN_POINT('',(-29.22180175781,24.749755859375,4.2));
#4630 = SURFACE_CURVE('',#4631,(#4635,#4642),.PCURVE_S1.);
#4631 = LINE('',#4632,#4633);
#4632 = CARTESIAN_POINT('',(-28.59973144531,24.749755859375,4.2));
#4633 = VECTOR('',#4634,1.);
#4634 = DIRECTION('',(-1.,0.,0.));
#4635 = PCURVE('',#1678,#4636);
#4636 = DEFINITIONAL_REPRESENTATION('',(#4637),#4641);
#4637 = LINE('',#4638,#4639);
#4638 = CARTESIAN_POINT('',(0.,-0.8));
#4639 = VECTOR('',#4640,1.);
#4640 = DIRECTION('',(1.,0.));
#4641 = ( GEOMETRIC_REPRESENTATION_CONTEXT(2) 
PARAMETRIC_REPRESENTATION_CONTEXT() REPRESENTATION_CONTEXT('2D SPACE',''
  ) );
#4642 = PCURVE('',#4643,#4648);
#4643 = PLANE('',#4644);
#4644 = AXIS2_PLACEMENT_3D('',#4645,#4646,#4647);
#4645 = CARTESIAN_POINT('',(-29.85974121093,24.749755859375,4.2));
#4646 = DIRECTION('',(0.,0.,1.));
#4647 = DIRECTION('',(1.,0.,0.));
#4648 = DEFINITIONAL_REPRESENTATION('',(#4649),#4653);
#4649 = LINE('',#4650,#4651);
#4650 = CARTESIAN_POINT('',(1.260009765625,0.));
#4651 = VECTOR('',#4652,1.);
#4652 = DIRECTION('',(-1.,0.));
#4653 = ( GEOMETRIC_REPRESENTATION_CONTEXT(2) 
PARAMETRIC_REPRESENTATION_CONTEXT() REPRESENTATION_CONTEXT('2D SPACE',''
  ) );
#4654 = ORIENTED_EDGE('',*,*,#4655,.F.);
#4655 = EDGE_CURVE('',#1663,#4628,#4656,.T.);
#4656 = SURFACE_CURVE('',#4657,(#4661,#4668),.PCURVE_S1.);
#4657 = LINE('',#4658,#4659);
#4658 = CARTESIAN_POINT('',(-29.22180175781,24.749755859375,5.));
#4659 = VECTOR('',#4660,1.);
#4660 = DIRECTION('',(-0.,-0.,-1.));
#4661 = PCURVE('',#1678,#4662);
#4662 = DEFINITIONAL_REPRESENTATION('',(#4663),#4667);
#4663 = LINE('',#4664,#4665);
#4664 = CARTESIAN_POINT('',(0.6220703125,0.));
#4665 = VECTOR('',#4666,1.);
#4666 = DIRECTION('',(0.,-1.));
#4667 = ( GEOMETRIC_REPRESENTATION_CONTEXT(2) 
PARAMETRIC_REPRESENTATION_CONTEXT() REPRESENTATION_CONTEXT('2D SPACE',''
  ) );
#4668 = PCURVE('',#1706,#4669);
#4669 = DEFINITIONAL_REPRESENTATION('',(#4670),#4674);
#4670 = LINE('',#4671,#4672);
#4671 = CARTESIAN_POINT('',(0.,0.));
#4672 = VECTOR('',#4673,1.);
#4673 = DIRECTION('',(0.,-1.));
#4674 = ( GEOMETRIC_REPRESENTATION_CONTEXT(2) 
PARAMETRIC_REPRESENTATION_CONTEXT() REPRESENTATION_CONTEXT('2D SPACE',''
  ) );
#4675 = ORIENTED_EDGE('',*,*,#1660,.F.);
#4676 = ADVANCED_FACE('',(#4677),#1928,.T.);
#4677 = FACE_BOUND('',#4678,.T.);
#4678 = EDGE_LOOP('',(#4679,#4702,#4723,#4724));
#4679 = ORIENTED_EDGE('',*,*,#4680,.T.);
#4680 = EDGE_CURVE('',#1887,#4681,#4683,.T.);
#4681 = VERTEX_POINT('',#4682);
#4682 = CARTESIAN_POINT('',(-28.59973144531,28.7138671875,4.2));
#4683 = SURFACE_CURVE('',#4684,(#4688,#4695),.PCURVE_S1.);
#4684 = LINE('',#4685,#4686);
#4685 = CARTESIAN_POINT('',(-28.59973144531,28.7138671875,5.));
#4686 = VECTOR('',#4687,1.);
#4687 = DIRECTION('',(-0.,-0.,-1.));
#4688 = PCURVE('',#1928,#4689);
#4689 = DEFINITIONAL_REPRESENTATION('',(#4690),#4694);
#4690 = LINE('',#4691,#4692);
#4691 = CARTESIAN_POINT('',(0.,0.));
#4692 = VECTOR('',#4693,1.);
#4693 = DIRECTION('',(0.,-1.));
#4694 = ( GEOMETRIC_REPRESENTATION_CONTEXT(2) 
PARAMETRIC_REPRESENTATION_CONTEXT() REPRESENTATION_CONTEXT('2D SPACE',''
  ) );
#4695 = PCURVE('',#1902,#4696);
#4696 = DEFINITIONAL_REPRESENTATION('',(#4697),#4701);
#4697 = LINE('',#4698,#4699);
#4698 = CARTESIAN_POINT('',(4.486501030253,0.));
#4699 = VECTOR('',#4700,1.);
#4700 = DIRECTION('',(0.,-1.));
#4701 = ( GEOMETRIC_REPRESENTATION_CONTEXT(2) 
PARAMETRIC_REPRESENTATION_CONTEXT() REPRESENTATION_CONTEXT('2D SPACE',''
  ) );
#4702 = ORIENTED_EDGE('',*,*,#4703,.T.);
#4703 = EDGE_CURVE('',#4681,#4605,#4704,.T.);
#4704 = SURFACE_CURVE('',#4705,(#4709,#4716),.PCURVE_S1.);
#4705 = LINE('',#4706,#4707);
#4706 = CARTESIAN_POINT('',(-28.59973144531,28.7138671875,4.2));
#4707 = VECTOR('',#4708,1.);
#4708 = DIRECTION('',(0.,-1.,0.));
#4709 = PCURVE('',#1928,#4710);
#4710 = DEFINITIONAL_REPRESENTATION('',(#4711),#4715);
#4711 = LINE('',#4712,#4713);
#4712 = CARTESIAN_POINT('',(0.,-0.8));
#4713 = VECTOR('',#4714,1.);
#4714 = DIRECTION('',(1.,0.));
#4715 = ( GEOMETRIC_REPRESENTATION_CONTEXT(2) 
PARAMETRIC_REPRESENTATION_CONTEXT() REPRESENTATION_CONTEXT('2D SPACE',''
  ) );
#4716 = PCURVE('',#4643,#4717);
#4717 = DEFINITIONAL_REPRESENTATION('',(#4718),#4722);
#4718 = LINE('',#4719,#4720);
#4719 = CARTESIAN_POINT('',(1.260009765625,3.964111328125));
#4720 = VECTOR('',#4721,1.);
#4721 = DIRECTION('',(0.,-1.));
#4722 = ( GEOMETRIC_REPRESENTATION_CONTEXT(2) 
PARAMETRIC_REPRESENTATION_CONTEXT() REPRESENTATION_CONTEXT('2D SPACE',''
  ) );
#4723 = ORIENTED_EDGE('',*,*,#4604,.F.);
#4724 = ORIENTED_EDGE('',*,*,#1914,.F.);
#4725 = ADVANCED_FACE('',(#4726),#1706,.T.);
#4726 = FACE_BOUND('',#4727,.T.);
#4727 = EDGE_LOOP('',(#4728,#4729,#4752,#4773));
#4728 = ORIENTED_EDGE('',*,*,#4655,.T.);
#4729 = ORIENTED_EDGE('',*,*,#4730,.T.);
#4730 = EDGE_CURVE('',#4628,#4731,#4733,.T.);
#4731 = VERTEX_POINT('',#4732);
#4732 = CARTESIAN_POINT('',(-29.22180175781,29.48828125,4.2));
#4733 = SURFACE_CURVE('',#4734,(#4738,#4745),.PCURVE_S1.);
#4734 = LINE('',#4735,#4736);
#4735 = CARTESIAN_POINT('',(-29.22180175781,24.749755859375,4.2));
#4736 = VECTOR('',#4737,1.);
#4737 = DIRECTION('',(0.,1.,0.));
#4738 = PCURVE('',#1706,#4739);
#4739 = DEFINITIONAL_REPRESENTATION('',(#4740),#4744);
#4740 = LINE('',#4741,#4742);
#4741 = CARTESIAN_POINT('',(0.,-0.8));
#4742 = VECTOR('',#4743,1.);
#4743 = DIRECTION('',(1.,0.));
#4744 = ( GEOMETRIC_REPRESENTATION_CONTEXT(2) 
PARAMETRIC_REPRESENTATION_CONTEXT() REPRESENTATION_CONTEXT('2D SPACE',''
  ) );
#4745 = PCURVE('',#4643,#4746);
#4746 = DEFINITIONAL_REPRESENTATION('',(#4747),#4751);
#4747 = LINE('',#4748,#4749);
#4748 = CARTESIAN_POINT('',(0.637939453125,0.));
#4749 = VECTOR('',#4750,1.);
#4750 = DIRECTION('',(0.,1.));
#4751 = ( GEOMETRIC_REPRESENTATION_CONTEXT(2) 
PARAMETRIC_REPRESENTATION_CONTEXT() REPRESENTATION_CONTEXT('2D SPACE',''
  ) );
#4752 = ORIENTED_EDGE('',*,*,#4753,.F.);
#4753 = EDGE_CURVE('',#1691,#4731,#4754,.T.);
#4754 = SURFACE_CURVE('',#4755,(#4759,#4766),.PCURVE_S1.);
#4755 = LINE('',#4756,#4757);
#4756 = CARTESIAN_POINT('',(-29.22180175781,29.48828125,5.));
#4757 = VECTOR('',#4758,1.);
#4758 = DIRECTION('',(-0.,-0.,-1.));
#4759 = PCURVE('',#1706,#4760);
#4760 = DEFINITIONAL_REPRESENTATION('',(#4761),#4765);
#4761 = LINE('',#4762,#4763);
#4762 = CARTESIAN_POINT('',(4.738525390625,0.));
#4763 = VECTOR('',#4764,1.);
#4764 = DIRECTION('',(0.,-1.));
#4765 = ( GEOMETRIC_REPRESENTATION_CONTEXT(2) 
PARAMETRIC_REPRESENTATION_CONTEXT() REPRESENTATION_CONTEXT('2D SPACE',''
  ) );
#4766 = PCURVE('',#1734,#4767);
#4767 = DEFINITIONAL_REPRESENTATION('',(#4768),#4772);
#4768 = LINE('',#4769,#4770);
#4769 = CARTESIAN_POINT('',(0.,0.));
#4770 = VECTOR('',#4771,1.);
#4771 = DIRECTION('',(0.,-1.));
#4772 = ( GEOMETRIC_REPRESENTATION_CONTEXT(2) 
PARAMETRIC_REPRESENTATION_CONTEXT() REPRESENTATION_CONTEXT('2D SPACE',''
  ) );
#4773 = ORIENTED_EDGE('',*,*,#1690,.F.);
#4774 = ADVANCED_FACE('',(#4775),#1902,.T.);
#4775 = FACE_BOUND('',#4776,.T.);
#4776 = EDGE_LOOP('',(#4777,#4800,#4821,#4822));
#4777 = ORIENTED_EDGE('',*,*,#4778,.T.);
#4778 = EDGE_CURVE('',#1859,#4779,#4781,.T.);
#4779 = VERTEX_POINT('',#4780);
#4780 = CARTESIAN_POINT('',(-26.49865722656,24.749755859375,4.2));
#4781 = SURFACE_CURVE('',#4782,(#4786,#4793),.PCURVE_S1.);
#4782 = LINE('',#4783,#4784);
#4783 = CARTESIAN_POINT('',(-26.49865722656,24.749755859375,5.));
#4784 = VECTOR('',#4785,1.);
#4785 = DIRECTION('',(-0.,-0.,-1.));
#4786 = PCURVE('',#1902,#4787);
#4787 = DEFINITIONAL_REPRESENTATION('',(#4788),#4792);
#4788 = LINE('',#4789,#4790);
#4789 = CARTESIAN_POINT('',(0.,0.));
#4790 = VECTOR('',#4791,1.);
#4791 = DIRECTION('',(0.,-1.));
#4792 = ( GEOMETRIC_REPRESENTATION_CONTEXT(2) 
PARAMETRIC_REPRESENTATION_CONTEXT() REPRESENTATION_CONTEXT('2D SPACE',''
  ) );
#4793 = PCURVE('',#1874,#4794);
#4794 = DEFINITIONAL_REPRESENTATION('',(#4795),#4799);
#4795 = LINE('',#4796,#4797);
#4796 = CARTESIAN_POINT('',(0.86328125,0.));
#4797 = VECTOR('',#4798,1.);
#4798 = DIRECTION('',(0.,-1.));
#4799 = ( GEOMETRIC_REPRESENTATION_CONTEXT(2) 
PARAMETRIC_REPRESENTATION_CONTEXT() REPRESENTATION_CONTEXT('2D SPACE',''
  ) );
#4800 = ORIENTED_EDGE('',*,*,#4801,.T.);
#4801 = EDGE_CURVE('',#4779,#4681,#4802,.T.);
#4802 = SURFACE_CURVE('',#4803,(#4807,#4814),.PCURVE_S1.);
#4803 = LINE('',#4804,#4805);
#4804 = CARTESIAN_POINT('',(-26.49865722656,24.749755859375,4.2));
#4805 = VECTOR('',#4806,1.);
#4806 = DIRECTION('',(-0.468310205343,0.88356411854,0.));
#4807 = PCURVE('',#1902,#4808);
#4808 = DEFINITIONAL_REPRESENTATION('',(#4809),#4813);
#4809 = LINE('',#4810,#4811);
#4810 = CARTESIAN_POINT('',(0.,-0.8));
#4811 = VECTOR('',#4812,1.);
#4812 = DIRECTION('',(1.,0.));
#4813 = ( GEOMETRIC_REPRESENTATION_CONTEXT(2) 
PARAMETRIC_REPRESENTATION_CONTEXT() REPRESENTATION_CONTEXT('2D SPACE',''
  ) );
#4814 = PCURVE('',#4643,#4815);
#4815 = DEFINITIONAL_REPRESENTATION('',(#4816),#4820);
#4816 = LINE('',#4817,#4818);
#4817 = CARTESIAN_POINT('',(3.361083984375,0.));
#4818 = VECTOR('',#4819,1.);
#4819 = DIRECTION('',(-0.468310205343,0.88356411854));
#4820 = ( GEOMETRIC_REPRESENTATION_CONTEXT(2) 
PARAMETRIC_REPRESENTATION_CONTEXT() REPRESENTATION_CONTEXT('2D SPACE',''
  ) );
#4821 = ORIENTED_EDGE('',*,*,#4680,.F.);
#4822 = ORIENTED_EDGE('',*,*,#1886,.F.);
#4823 = ADVANCED_FACE('',(#4824),#1734,.T.);
#4824 = FACE_BOUND('',#4825,.T.);
#4825 = EDGE_LOOP('',(#4826,#4827,#4850,#4871));
#4826 = ORIENTED_EDGE('',*,*,#4753,.T.);
#4827 = ORIENTED_EDGE('',*,*,#4828,.T.);
#4828 = EDGE_CURVE('',#4731,#4829,#4831,.T.);
#4829 = VERTEX_POINT('',#4830);
#4830 = CARTESIAN_POINT('',(-28.35852050781,29.48828125,4.2));
#4831 = SURFACE_CURVE('',#4832,(#4836,#4843),.PCURVE_S1.);
#4832 = LINE('',#4833,#4834);
#4833 = CARTESIAN_POINT('',(-29.22180175781,29.48828125,4.2));
#4834 = VECTOR('',#4835,1.);
#4835 = DIRECTION('',(1.,0.,0.));
#4836 = PCURVE('',#1734,#4837);
#4837 = DEFINITIONAL_REPRESENTATION('',(#4838),#4842);
#4838 = LINE('',#4839,#4840);
#4839 = CARTESIAN_POINT('',(0.,-0.8));
#4840 = VECTOR('',#4841,1.);
#4841 = DIRECTION('',(1.,0.));
#4842 = ( GEOMETRIC_REPRESENTATION_CONTEXT(2) 
PARAMETRIC_REPRESENTATION_CONTEXT() REPRESENTATION_CONTEXT('2D SPACE',''
  ) );
#4843 = PCURVE('',#4643,#4844);
#4844 = DEFINITIONAL_REPRESENTATION('',(#4845),#4849);
#4845 = LINE('',#4846,#4847);
#4846 = CARTESIAN_POINT('',(0.637939453125,4.738525390625));
#4847 = VECTOR('',#4848,1.);
#4848 = DIRECTION('',(1.,0.));
#4849 = ( GEOMETRIC_REPRESENTATION_CONTEXT(2) 
PARAMETRIC_REPRESENTATION_CONTEXT() REPRESENTATION_CONTEXT('2D SPACE',''
  ) );
#4850 = ORIENTED_EDGE('',*,*,#4851,.F.);
#4851 = EDGE_CURVE('',#1719,#4829,#4852,.T.);
#4852 = SURFACE_CURVE('',#4853,(#4857,#4864),.PCURVE_S1.);
#4853 = LINE('',#4854,#4855);
#4854 = CARTESIAN_POINT('',(-28.35852050781,29.48828125,5.));
#4855 = VECTOR('',#4856,1.);
#4856 = DIRECTION('',(-0.,-0.,-1.));
#4857 = PCURVE('',#1734,#4858);
#4858 = DEFINITIONAL_REPRESENTATION('',(#4859),#4863);
#4859 = LINE('',#4860,#4861);
#4860 = CARTESIAN_POINT('',(0.86328125,0.));
#4861 = VECTOR('',#4862,1.);
#4862 = DIRECTION('',(0.,-1.));
#4863 = ( GEOMETRIC_REPRESENTATION_CONTEXT(2) 
PARAMETRIC_REPRESENTATION_CONTEXT() REPRESENTATION_CONTEXT('2D SPACE',''
  ) );
#4864 = PCURVE('',#1762,#4865);
#4865 = DEFINITIONAL_REPRESENTATION('',(#4866),#4870);
#4866 = LINE('',#4867,#4868);
#4867 = CARTESIAN_POINT('',(0.,0.));
#4868 = VECTOR('',#4869,1.);
#4869 = DIRECTION('',(0.,-1.));
#4870 = ( GEOMETRIC_REPRESENTATION_CONTEXT(2) 
PARAMETRIC_REPRESENTATION_CONTEXT() REPRESENTATION_CONTEXT('2D SPACE',''
  ) );
#4871 = ORIENTED_EDGE('',*,*,#1718,.F.);
#4872 = ADVANCED_FACE('',(#4873),#1874,.T.);
#4873 = FACE_BOUND('',#4874,.T.);
#4874 = EDGE_LOOP('',(#4875,#4898,#4919,#4920));
#4875 = ORIENTED_EDGE('',*,*,#4876,.T.);
#4876 = EDGE_CURVE('',#1831,#4877,#4879,.T.);
#4877 = VERTEX_POINT('',#4878);
#4878 = CARTESIAN_POINT('',(-25.63537597656,24.749755859375,4.2));
#4879 = SURFACE_CURVE('',#4880,(#4884,#4891),.PCURVE_S1.);
#4880 = LINE('',#4881,#4882);
#4881 = CARTESIAN_POINT('',(-25.63537597656,24.749755859375,5.));
#4882 = VECTOR('',#4883,1.);
#4883 = DIRECTION('',(-0.,-0.,-1.));
#4884 = PCURVE('',#1874,#4885);
#4885 = DEFINITIONAL_REPRESENTATION('',(#4886),#4890);
#4886 = LINE('',#4887,#4888);
#4887 = CARTESIAN_POINT('',(0.,0.));
#4888 = VECTOR('',#4889,1.);
#4889 = DIRECTION('',(0.,-1.));
#4890 = ( GEOMETRIC_REPRESENTATION_CONTEXT(2) 
PARAMETRIC_REPRESENTATION_CONTEXT() REPRESENTATION_CONTEXT('2D SPACE',''
  ) );
#4891 = PCURVE('',#1846,#4892);
#4892 = DEFINITIONAL_REPRESENTATION('',(#4893),#4897);
#4893 = LINE('',#4894,#4895);
#4894 = CARTESIAN_POINT('',(4.738525390625,0.));
#4895 = VECTOR('',#4896,1.);
#4896 = DIRECTION('',(0.,-1.));
#4897 = ( GEOMETRIC_REPRESENTATION_CONTEXT(2) 
PARAMETRIC_REPRESENTATION_CONTEXT() REPRESENTATION_CONTEXT('2D SPACE',''
  ) );
#4898 = ORIENTED_EDGE('',*,*,#4899,.T.);
#4899 = EDGE_CURVE('',#4877,#4779,#4900,.T.);
#4900 = SURFACE_CURVE('',#4901,(#4905,#4912),.PCURVE_S1.);
#4901 = LINE('',#4902,#4903);
#4902 = CARTESIAN_POINT('',(-25.63537597656,24.749755859375,4.2));
#4903 = VECTOR('',#4904,1.);
#4904 = DIRECTION('',(-1.,0.,0.));
#4905 = PCURVE('',#1874,#4906);
#4906 = DEFINITIONAL_REPRESENTATION('',(#4907),#4911);
#4907 = LINE('',#4908,#4909);
#4908 = CARTESIAN_POINT('',(0.,-0.8));
#4909 = VECTOR('',#4910,1.);
#4910 = DIRECTION('',(1.,0.));
#4911 = ( GEOMETRIC_REPRESENTATION_CONTEXT(2) 
PARAMETRIC_REPRESENTATION_CONTEXT() REPRESENTATION_CONTEXT('2D SPACE',''
  ) );
#4912 = PCURVE('',#4643,#4913);
#4913 = DEFINITIONAL_REPRESENTATION('',(#4914),#4918);
#4914 = LINE('',#4915,#4916);
#4915 = CARTESIAN_POINT('',(4.224365234375,0.));
#4916 = VECTOR('',#4917,1.);
#4917 = DIRECTION('',(-1.,0.));
#4918 = ( GEOMETRIC_REPRESENTATION_CONTEXT(2) 
PARAMETRIC_REPRESENTATION_CONTEXT() REPRESENTATION_CONTEXT('2D SPACE',''
  ) );
#4919 = ORIENTED_EDGE('',*,*,#4778,.F.);
#4920 = ORIENTED_EDGE('',*,*,#1858,.F.);
#4921 = ADVANCED_FACE('',(#4922),#1762,.T.);
#4922 = FACE_BOUND('',#4923,.T.);
#4923 = EDGE_LOOP('',(#4924,#4925,#4948,#4969));
#4924 = ORIENTED_EDGE('',*,*,#4851,.T.);
#4925 = ORIENTED_EDGE('',*,*,#4926,.T.);
#4926 = EDGE_CURVE('',#4829,#4927,#4929,.T.);
#4927 = VERTEX_POINT('',#4928);
#4928 = CARTESIAN_POINT('',(-26.25744628906,25.524169921875,4.2));
#4929 = SURFACE_CURVE('',#4930,(#4934,#4941),.PCURVE_S1.);
#4930 = LINE('',#4931,#4932);
#4931 = CARTESIAN_POINT('',(-28.35852050781,29.48828125,4.2));
#4932 = VECTOR('',#4933,1.);
#4933 = DIRECTION('',(0.468310205343,-0.88356411854,0.));
#4934 = PCURVE('',#1762,#4935);
#4935 = DEFINITIONAL_REPRESENTATION('',(#4936),#4940);
#4936 = LINE('',#4937,#4938);
#4937 = CARTESIAN_POINT('',(0.,-0.8));
#4938 = VECTOR('',#4939,1.);
#4939 = DIRECTION('',(1.,0.));
#4940 = ( GEOMETRIC_REPRESENTATION_CONTEXT(2) 
PARAMETRIC_REPRESENTATION_CONTEXT() REPRESENTATION_CONTEXT('2D SPACE',''
  ) );
#4941 = PCURVE('',#4643,#4942);
#4942 = DEFINITIONAL_REPRESENTATION('',(#4943),#4947);
#4943 = LINE('',#4944,#4945);
#4944 = CARTESIAN_POINT('',(1.501220703125,4.738525390625));
#4945 = VECTOR('',#4946,1.);
#4946 = DIRECTION('',(0.468310205343,-0.88356411854));
#4947 = ( GEOMETRIC_REPRESENTATION_CONTEXT(2) 
PARAMETRIC_REPRESENTATION_CONTEXT() REPRESENTATION_CONTEXT('2D SPACE',''
  ) );
#4948 = ORIENTED_EDGE('',*,*,#4949,.F.);
#4949 = EDGE_CURVE('',#1747,#4927,#4950,.T.);
#4950 = SURFACE_CURVE('',#4951,(#4955,#4962),.PCURVE_S1.);
#4951 = LINE('',#4952,#4953);
#4952 = CARTESIAN_POINT('',(-26.25744628906,25.524169921875,5.));
#4953 = VECTOR('',#4954,1.);
#4954 = DIRECTION('',(-0.,-0.,-1.));
#4955 = PCURVE('',#1762,#4956);
#4956 = DEFINITIONAL_REPRESENTATION('',(#4957),#4961);
#4957 = LINE('',#4958,#4959);
#4958 = CARTESIAN_POINT('',(4.486501030253,0.));
#4959 = VECTOR('',#4960,1.);
#4960 = DIRECTION('',(0.,-1.));
#4961 = ( GEOMETRIC_REPRESENTATION_CONTEXT(2) 
PARAMETRIC_REPRESENTATION_CONTEXT() REPRESENTATION_CONTEXT('2D SPACE',''
  ) );
#4962 = PCURVE('',#1790,#4963);
#4963 = DEFINITIONAL_REPRESENTATION('',(#4964),#4968);
#4964 = LINE('',#4965,#4966);
#4965 = CARTESIAN_POINT('',(0.,0.));
#4966 = VECTOR('',#4967,1.);
#4967 = DIRECTION('',(0.,-1.));
#4968 = ( GEOMETRIC_REPRESENTATION_CONTEXT(2) 
PARAMETRIC_REPRESENTATION_CONTEXT() REPRESENTATION_CONTEXT('2D SPACE',''
  ) );
#4969 = ORIENTED_EDGE('',*,*,#1746,.F.);
#4970 = ADVANCED_FACE('',(#4971),#1846,.T.);
#4971 = FACE_BOUND('',#4972,.T.);
#4972 = EDGE_LOOP('',(#4973,#4996,#5017,#5018));
#4973 = ORIENTED_EDGE('',*,*,#4974,.T.);
#4974 = EDGE_CURVE('',#1803,#4975,#4977,.T.);
#4975 = VERTEX_POINT('',#4976);
#4976 = CARTESIAN_POINT('',(-25.63537597656,29.48828125,4.2));
#4977 = SURFACE_CURVE('',#4978,(#4982,#4989),.PCURVE_S1.);
#4978 = LINE('',#4979,#4980);
#4979 = CARTESIAN_POINT('',(-25.63537597656,29.48828125,5.));
#4980 = VECTOR('',#4981,1.);
#4981 = DIRECTION('',(-0.,-0.,-1.));
#4982 = PCURVE('',#1846,#4983);
#4983 = DEFINITIONAL_REPRESENTATION('',(#4984),#4988);
#4984 = LINE('',#4985,#4986);
#4985 = CARTESIAN_POINT('',(0.,0.));
#4986 = VECTOR('',#4987,1.);
#4987 = DIRECTION('',(0.,-1.));
#4988 = ( GEOMETRIC_REPRESENTATION_CONTEXT(2) 
PARAMETRIC_REPRESENTATION_CONTEXT() REPRESENTATION_CONTEXT('2D SPACE',''
  ) );
#4989 = PCURVE('',#1818,#4990);
#4990 = DEFINITIONAL_REPRESENTATION('',(#4991),#4995);
#4991 = LINE('',#4992,#4993);
#4992 = CARTESIAN_POINT('',(0.6220703125,0.));
#4993 = VECTOR('',#4994,1.);
#4994 = DIRECTION('',(0.,-1.));
#4995 = ( GEOMETRIC_REPRESENTATION_CONTEXT(2) 
PARAMETRIC_REPRESENTATION_CONTEXT() REPRESENTATION_CONTEXT('2D SPACE',''
  ) );
#4996 = ORIENTED_EDGE('',*,*,#4997,.T.);
#4997 = EDGE_CURVE('',#4975,#4877,#4998,.T.);
#4998 = SURFACE_CURVE('',#4999,(#5003,#5010),.PCURVE_S1.);
#4999 = LINE('',#5000,#5001);
#5000 = CARTESIAN_POINT('',(-25.63537597656,29.48828125,4.2));
#5001 = VECTOR('',#5002,1.);
#5002 = DIRECTION('',(0.,-1.,0.));
#5003 = PCURVE('',#1846,#5004);
#5004 = DEFINITIONAL_REPRESENTATION('',(#5005),#5009);
#5005 = LINE('',#5006,#5007);
#5006 = CARTESIAN_POINT('',(0.,-0.8));
#5007 = VECTOR('',#5008,1.);
#5008 = DIRECTION('',(1.,0.));
#5009 = ( GEOMETRIC_REPRESENTATION_CONTEXT(2) 
PARAMETRIC_REPRESENTATION_CONTEXT() REPRESENTATION_CONTEXT('2D SPACE',''
  ) );
#5010 = PCURVE('',#4643,#5011);
#5011 = DEFINITIONAL_REPRESENTATION('',(#5012),#5016);
#5012 = LINE('',#5013,#5014);
#5013 = CARTESIAN_POINT('',(4.224365234375,4.738525390625));
#5014 = VECTOR('',#5015,1.);
#5015 = DIRECTION('',(0.,-1.));
#5016 = ( GEOMETRIC_REPRESENTATION_CONTEXT(2) 
PARAMETRIC_REPRESENTATION_CONTEXT() REPRESENTATION_CONTEXT('2D SPACE',''
  ) );
#5017 = ORIENTED_EDGE('',*,*,#4876,.F.);
#5018 = ORIENTED_EDGE('',*,*,#1830,.F.);
#5019 = ADVANCED_FACE('',(#5020),#1790,.T.);
#5020 = FACE_BOUND('',#5021,.T.);
#5021 = EDGE_LOOP('',(#5022,#5023,#5046,#5067));
#5022 = ORIENTED_EDGE('',*,*,#4949,.T.);
#5023 = ORIENTED_EDGE('',*,*,#5024,.T.);
#5024 = EDGE_CURVE('',#4927,#5025,#5027,.T.);
#5025 = VERTEX_POINT('',#5026);
#5026 = CARTESIAN_POINT('',(-26.25744628906,29.48828125,4.2));
#5027 = SURFACE_CURVE('',#5028,(#5032,#5039),.PCURVE_S1.);
#5028 = LINE('',#5029,#5030);
#5029 = CARTESIAN_POINT('',(-26.25744628906,25.524169921875,4.2));
#5030 = VECTOR('',#5031,1.);
#5031 = DIRECTION('',(0.,1.,0.));
#5032 = PCURVE('',#1790,#5033);
#5033 = DEFINITIONAL_REPRESENTATION('',(#5034),#5038);
#5034 = LINE('',#5035,#5036);
#5035 = CARTESIAN_POINT('',(0.,-0.8));
#5036 = VECTOR('',#5037,1.);
#5037 = DIRECTION('',(1.,0.));
#5038 = ( GEOMETRIC_REPRESENTATION_CONTEXT(2) 
PARAMETRIC_REPRESENTATION_CONTEXT() REPRESENTATION_CONTEXT('2D SPACE',''
  ) );
#5039 = PCURVE('',#4643,#5040);
#5040 = DEFINITIONAL_REPRESENTATION('',(#5041),#5045);
#5041 = LINE('',#5042,#5043);
#5042 = CARTESIAN_POINT('',(3.602294921875,0.7744140625));
#5043 = VECTOR('',#5044,1.);
#5044 = DIRECTION('',(0.,1.));
#5045 = ( GEOMETRIC_REPRESENTATION_CONTEXT(2) 
PARAMETRIC_REPRESENTATION_CONTEXT() REPRESENTATION_CONTEXT('2D SPACE',''
  ) );
#5046 = ORIENTED_EDGE('',*,*,#5047,.F.);
#5047 = EDGE_CURVE('',#1775,#5025,#5048,.T.);
#5048 = SURFACE_CURVE('',#5049,(#5053,#5060),.PCURVE_S1.);
#5049 = LINE('',#5050,#5051);
#5050 = CARTESIAN_POINT('',(-26.25744628906,29.48828125,5.));
#5051 = VECTOR('',#5052,1.);
#5052 = DIRECTION('',(-0.,-0.,-1.));
#5053 = PCURVE('',#1790,#5054);
#5054 = DEFINITIONAL_REPRESENTATION('',(#5055),#5059);
#5055 = LINE('',#5056,#5057);
#5056 = CARTESIAN_POINT('',(3.964111328125,0.));
#5057 = VECTOR('',#5058,1.);
#5058 = DIRECTION('',(0.,-1.));
#5059 = ( GEOMETRIC_REPRESENTATION_CONTEXT(2) 
PARAMETRIC_REPRESENTATION_CONTEXT() REPRESENTATION_CONTEXT('2D SPACE',''
  ) );
#5060 = PCURVE('',#1818,#5061);
#5061 = DEFINITIONAL_REPRESENTATION('',(#5062),#5066);
#5062 = LINE('',#5063,#5064);
#5063 = CARTESIAN_POINT('',(0.,0.));
#5064 = VECTOR('',#5065,1.);
#5065 = DIRECTION('',(0.,-1.));
#5066 = ( GEOMETRIC_REPRESENTATION_CONTEXT(2) 
PARAMETRIC_REPRESENTATION_CONTEXT() REPRESENTATION_CONTEXT('2D SPACE',''
  ) );
#5067 = ORIENTED_EDGE('',*,*,#1774,.F.);
#5068 = ADVANCED_FACE('',(#5069),#1818,.T.);
#5069 = FACE_BOUND('',#5070,.T.);
#5070 = EDGE_LOOP('',(#5071,#5072,#5093,#5094));
#5071 = ORIENTED_EDGE('',*,*,#5047,.T.);
#5072 = ORIENTED_EDGE('',*,*,#5073,.T.);
#5073 = EDGE_CURVE('',#5025,#4975,#5074,.T.);
#5074 = SURFACE_CURVE('',#5075,(#5079,#5086),.PCURVE_S1.);
#5075 = LINE('',#5076,#5077);
#5076 = CARTESIAN_POINT('',(-26.25744628906,29.48828125,4.2));
#5077 = VECTOR('',#5078,1.);
#5078 = DIRECTION('',(1.,0.,0.));
#5079 = PCURVE('',#1818,#5080);
#5080 = DEFINITIONAL_REPRESENTATION('',(#5081),#5085);
#5081 = LINE('',#5082,#5083);
#5082 = CARTESIAN_POINT('',(0.,-0.8));
#5083 = VECTOR('',#5084,1.);
#5084 = DIRECTION('',(1.,0.));
#5085 = ( GEOMETRIC_REPRESENTATION_CONTEXT(2) 
PARAMETRIC_REPRESENTATION_CONTEXT() REPRESENTATION_CONTEXT('2D SPACE',''
  ) );
#5086 = PCURVE('',#4643,#5087);
#5087 = DEFINITIONAL_REPRESENTATION('',(#5088),#5092);
#5088 = LINE('',#5089,#5090);
#5089 = CARTESIAN_POINT('',(3.602294921875,4.738525390625));
#5090 = VECTOR('',#5091,1.);
#5091 = DIRECTION('',(1.,0.));
#5092 = ( GEOMETRIC_REPRESENTATION_CONTEXT(2) 
PARAMETRIC_REPRESENTATION_CONTEXT() REPRESENTATION_CONTEXT('2D SPACE',''
  ) );
#5093 = ORIENTED_EDGE('',*,*,#4974,.F.);
#5094 = ORIENTED_EDGE('',*,*,#1802,.F.);
#5095 = ADVANCED_FACE('',(#5096),#2165,.T.);
#5096 = FACE_BOUND('',#5097,.T.);
#5097 = EDGE_LOOP('',(#5098,#5117,#5118,#5119));
#5098 = ORIENTED_EDGE('',*,*,#5099,.T.);
#5099 = EDGE_CURVE('',#2125,#3025,#5100,.T.);
#5100 = SURFACE_CURVE('',#5101,(#5105,#5111),.PCURVE_S1.);
#5101 = LINE('',#5102,#5103);
#5102 = CARTESIAN_POINT('',(-21.,-26.5,4.2));
#5103 = VECTOR('',#5104,1.);
#5104 = DIRECTION('',(-1.,0.,0.));
#5105 = PCURVE('',#2165,#5106);
#5106 = DEFINITIONAL_REPRESENTATION('',(#5107),#5110);
#5107 = B_SPLINE_CURVE_WITH_KNOTS('',1,(#5108,#5109),.UNSPECIFIED.,.F.,
  .F.,(2,2),(-67.,0.),.PIECEWISE_BEZIER_KNOTS.);
#5108 = CARTESIAN_POINT('',(67.,3.));
#5109 = CARTESIAN_POINT('',(0.,3.));
#5110 = ( GEOMETRIC_REPRESENTATION_CONTEXT(2) 
PARAMETRIC_REPRESENTATION_CONTEXT() REPRESENTATION_CONTEXT('2D SPACE',''
  ) );
#5111 = PCURVE('',#2139,#5112);
#5112 = DEFINITIONAL_REPRESENTATION('',(#5113),#5116);
#5113 = B_SPLINE_CURVE_WITH_KNOTS('',1,(#5114,#5115),.UNSPECIFIED.,.F.,
  .F.,(2,2),(-67.,0.),.PIECEWISE_BEZIER_KNOTS.);
#5114 = CARTESIAN_POINT('',(0.5,67.));
#5115 = CARTESIAN_POINT('',(0.5,0.));
#5116 = ( GEOMETRIC_REPRESENTATION_CONTEXT(2) 
PARAMETRIC_REPRESENTATION_CONTEXT() REPRESENTATION_CONTEXT('2D SPACE',''
  ) );
#5117 = ORIENTED_EDGE('',*,*,#3024,.F.);
#5118 = ORIENTED_EDGE('',*,*,#3141,.T.);
#5119 = ORIENTED_EDGE('',*,*,#2150,.F.);
#5120 = ADVANCED_FACE('',(#5121),#2139,.T.);
#5121 = FACE_BOUND('',#5122,.T.);
#5122 = EDGE_LOOP('',(#5123,#5144,#5145,#5146));
#5123 = ORIENTED_EDGE('',*,*,#5124,.F.);
#5124 = EDGE_CURVE('',#3048,#2099,#5125,.T.);
#5125 = SURFACE_CURVE('',#5126,(#5130,#5137),.PCURVE_S1.);
#5126 = LINE('',#5127,#5128);
#5127 = CARTESIAN_POINT('',(-21.,-26.5,3.7));
#5128 = VECTOR('',#5129,1.);
#5129 = DIRECTION('',(1.,0.,0.));
#5130 = PCURVE('',#2139,#5131);
#5131 = DEFINITIONAL_REPRESENTATION('',(#5132),#5136);
#5132 = LINE('',#5133,#5134);
#5133 = CARTESIAN_POINT('',(0.,0.));
#5134 = VECTOR('',#5135,1.);
#5135 = DIRECTION('',(0.,1.));
#5136 = ( GEOMETRIC_REPRESENTATION_CONTEXT(2) 
PARAMETRIC_REPRESENTATION_CONTEXT() REPRESENTATION_CONTEXT('2D SPACE',''
  ) );
#5137 = PCURVE('',#2113,#5138);
#5138 = DEFINITIONAL_REPRESENTATION('',(#5139),#5143);
#5139 = LINE('',#5140,#5141);
#5140 = CARTESIAN_POINT('',(0.,0.));
#5141 = VECTOR('',#5142,1.);
#5142 = DIRECTION('',(1.,0.));
#5143 = ( GEOMETRIC_REPRESENTATION_CONTEXT(2) 
PARAMETRIC_REPRESENTATION_CONTEXT() REPRESENTATION_CONTEXT('2D SPACE',''
  ) );
#5144 = ORIENTED_EDGE('',*,*,#3047,.T.);
#5145 = ORIENTED_EDGE('',*,*,#5099,.F.);
#5146 = ORIENTED_EDGE('',*,*,#2124,.F.);
#5147 = ADVANCED_FACE('',(#5148),#2113,.T.);
#5148 = FACE_BOUND('',#5149,.T.);
#5149 = EDGE_LOOP('',(#5150,#5171,#5172,#5173));
#5150 = ORIENTED_EDGE('',*,*,#5151,.F.);
#5151 = EDGE_CURVE('',#3071,#2073,#5152,.T.);
#5152 = SURFACE_CURVE('',#5153,(#5157,#5164),.PCURVE_S1.);
#5153 = LINE('',#5154,#5155);
#5154 = CARTESIAN_POINT('',(-21.,26.5,3.7));
#5155 = VECTOR('',#5156,1.);
#5156 = DIRECTION('',(1.,0.,0.));
#5157 = PCURVE('',#2113,#5158);
#5158 = DEFINITIONAL_REPRESENTATION('',(#5159),#5163);
#5159 = LINE('',#5160,#5161);
#5160 = CARTESIAN_POINT('',(0.,53.));
#5161 = VECTOR('',#5162,1.);
#5162 = DIRECTION('',(1.,0.));
#5163 = ( GEOMETRIC_REPRESENTATION_CONTEXT(2) 
PARAMETRIC_REPRESENTATION_CONTEXT() REPRESENTATION_CONTEXT('2D SPACE',''
  ) );
#5164 = PCURVE('',#2087,#5165);
#5165 = DEFINITIONAL_REPRESENTATION('',(#5166),#5170);
#5166 = LINE('',#5167,#5168);
#5167 = CARTESIAN_POINT('',(0.,0.));
#5168 = VECTOR('',#5169,1.);
#5169 = DIRECTION('',(0.,1.));
#5170 = ( GEOMETRIC_REPRESENTATION_CONTEXT(2) 
PARAMETRIC_REPRESENTATION_CONTEXT() REPRESENTATION_CONTEXT('2D SPACE',''
  ) );
#5171 = ORIENTED_EDGE('',*,*,#3070,.F.);
#5172 = ORIENTED_EDGE('',*,*,#5124,.T.);
#5173 = ORIENTED_EDGE('',*,*,#2098,.F.);
#5174 = ADVANCED_FACE('',(#5175),#2087,.F.);
#5175 = FACE_BOUND('',#5176,.F.);
#5176 = EDGE_LOOP('',(#5177,#5178,#5179,#5200));
#5177 = ORIENTED_EDGE('',*,*,#5151,.F.);
#5178 = ORIENTED_EDGE('',*,*,#3093,.T.);
#5179 = ORIENTED_EDGE('',*,*,#5180,.F.);
#5180 = EDGE_CURVE('',#2046,#3094,#5181,.T.);
#5181 = SURFACE_CURVE('',#5182,(#5186,#5193),.PCURVE_S1.);
#5182 = LINE('',#5183,#5184);
#5183 = CARTESIAN_POINT('',(46.,26.5,4.2));
#5184 = VECTOR('',#5185,1.);
#5185 = DIRECTION('',(-1.,0.,0.));
#5186 = PCURVE('',#2087,#5187);
#5187 = DEFINITIONAL_REPRESENTATION('',(#5188),#5192);
#5188 = LINE('',#5189,#5190);
#5189 = CARTESIAN_POINT('',(0.5,67.));
#5190 = VECTOR('',#5191,1.);
#5191 = DIRECTION('',(0.,-1.));
#5192 = ( GEOMETRIC_REPRESENTATION_CONTEXT(2) 
PARAMETRIC_REPRESENTATION_CONTEXT() REPRESENTATION_CONTEXT('2D SPACE',''
  ) );
#5193 = PCURVE('',#2060,#5194);
#5194 = DEFINITIONAL_REPRESENTATION('',(#5195),#5199);
#5195 = LINE('',#5196,#5197);
#5196 = CARTESIAN_POINT('',(67.,56.));
#5197 = VECTOR('',#5198,1.);
#5198 = DIRECTION('',(-1.,0.));
#5199 = ( GEOMETRIC_REPRESENTATION_CONTEXT(2) 
PARAMETRIC_REPRESENTATION_CONTEXT() REPRESENTATION_CONTEXT('2D SPACE',''
  ) );
#5200 = ORIENTED_EDGE('',*,*,#2072,.F.);
#5201 = ADVANCED_FACE('',(#5202),#2060,.T.);
#5202 = FACE_BOUND('',#5203,.T.);
#5203 = EDGE_LOOP('',(#5204,#5205,#5206,#5207,#5208,#5209,#5210,#5211,
    #5212,#5213,#5214,#5215,#5216,#5217,#5218,#5219,#5220,#5221,#5222));
#5204 = ORIENTED_EDGE('',*,*,#2198,.F.);
#5205 = ORIENTED_EDGE('',*,*,#2269,.F.);
#5206 = ORIENTED_EDGE('',*,*,#2317,.F.);
#5207 = ORIENTED_EDGE('',*,*,#2365,.F.);
#5208 = ORIENTED_EDGE('',*,*,#2390,.F.);
#5209 = ORIENTED_EDGE('',*,*,#2461,.F.);
#5210 = ORIENTED_EDGE('',*,*,#2509,.F.);
#5211 = ORIENTED_EDGE('',*,*,#2557,.F.);
#5212 = ORIENTED_EDGE('',*,*,#2582,.F.);
#5213 = ORIENTED_EDGE('',*,*,#2653,.F.);
#5214 = ORIENTED_EDGE('',*,*,#2701,.F.);
#5215 = ORIENTED_EDGE('',*,*,#2749,.F.);
#5216 = ORIENTED_EDGE('',*,*,#2774,.F.);
#5217 = ORIENTED_EDGE('',*,*,#2862,.F.);
#5218 = ORIENTED_EDGE('',*,*,#2926,.F.);
#5219 = ORIENTED_EDGE('',*,*,#2951,.F.);
#5220 = ORIENTED_EDGE('',*,*,#3116,.F.);
#5221 = ORIENTED_EDGE('',*,*,#5180,.F.);
#5222 = ORIENTED_EDGE('',*,*,#2045,.F.);
#5223 = ADVANCED_FACE('',(#5224,#5234),#3207,.T.);
#5224 = FACE_BOUND('',#5225,.F.);
#5225 = EDGE_LOOP('',(#5226,#5227,#5228,#5229,#5230,#5231,#5232,#5233));
#5226 = ORIENTED_EDGE('',*,*,#3294,.T.);
#5227 = ORIENTED_EDGE('',*,*,#3392,.T.);
#5228 = ORIENTED_EDGE('',*,*,#3490,.T.);
#5229 = ORIENTED_EDGE('',*,*,#3539,.T.);
#5230 = ORIENTED_EDGE('',*,*,#3463,.T.);
#5231 = ORIENTED_EDGE('',*,*,#3365,.T.);
#5232 = ORIENTED_EDGE('',*,*,#3267,.T.);
#5233 = ORIENTED_EDGE('',*,*,#3191,.T.);
#5234 = FACE_BOUND('',#5235,.F.);
#5235 = EDGE_LOOP('',(#5236,#5268,#5298,#5328,#5358,#5388,#5418,#5448));
#5236 = ORIENTED_EDGE('',*,*,#5237,.T.);
#5237 = EDGE_CURVE('',#5238,#5240,#5242,.T.);
#5238 = VERTEX_POINT('',#5239);
#5239 = CARTESIAN_POINT('',(-40.44128417968,29.053466796875,4.2));
#5240 = VERTEX_POINT('',#5241);
#5241 = CARTESIAN_POINT('',(-41.55053710937,28.532958984375,4.2));
#5242 = SURFACE_CURVE('',#5243,(#5247,#5254),.PCURVE_S1.);
#5243 = B_SPLINE_CURVE_WITH_KNOTS('',2,(#5244,#5245,#5246),
  .UNSPECIFIED.,.F.,.F.,(3,3),(0.,1.),.PIECEWISE_BEZIER_KNOTS.);
#5244 = CARTESIAN_POINT('',(-40.44128417968,29.053466796875,4.2));
#5245 = CARTESIAN_POINT('',(-41.13952636718,29.053466796875,4.2));
#5246 = CARTESIAN_POINT('',(-41.55053710937,28.532958984375,4.2));
#5247 = PCURVE('',#3207,#5248);
#5248 = DEFINITIONAL_REPRESENTATION('',(#5249),#5253);
#5249 = B_SPLINE_CURVE_WITH_KNOTS('',2,(#5250,#5251,#5252),
  .UNSPECIFIED.,.F.,.F.,(3,3),(0.,1.),.PIECEWISE_BEZIER_KNOTS.);
#5250 = CARTESIAN_POINT('',(2.561279296875,4.3037109375));
#5251 = CARTESIAN_POINT('',(1.863037109375,4.3037109375));
#5252 = CARTESIAN_POINT('',(1.452026367188,3.783203125));
#5253 = ( GEOMETRIC_REPRESENTATION_CONTEXT(2) 
PARAMETRIC_REPRESENTATION_CONTEXT() REPRESENTATION_CONTEXT('2D SPACE',''
  ) );
#5254 = PCURVE('',#5255,#5262);
#5255 = SURFACE_OF_LINEAR_EXTRUSION('',#5256,#5260);
#5256 = B_SPLINE_CURVE_WITH_KNOTS('',2,(#5257,#5258,#5259),
  .UNSPECIFIED.,.F.,.F.,(3,3),(0.,1.),.PIECEWISE_BEZIER_KNOTS.);
#5257 = CARTESIAN_POINT('',(-40.44128417968,29.053466796875,5.));
#5258 = CARTESIAN_POINT('',(-41.13952636718,29.053466796875,5.));
#5259 = CARTESIAN_POINT('',(-41.55053710937,28.532958984375,5.));
#5260 = VECTOR('',#5261,1.);
#5261 = DIRECTION('',(0.,0.,1.));
#5262 = DEFINITIONAL_REPRESENTATION('',(#5263),#5267);
#5263 = LINE('',#5264,#5265);
#5264 = CARTESIAN_POINT('',(0.,-0.8));
#5265 = VECTOR('',#5266,1.);
#5266 = DIRECTION('',(1.,0.));
#5267 = ( GEOMETRIC_REPRESENTATION_CONTEXT(2) 
PARAMETRIC_REPRESENTATION_CONTEXT() REPRESENTATION_CONTEXT('2D SPACE',''
  ) );
#5268 = ORIENTED_EDGE('',*,*,#5269,.T.);
#5269 = EDGE_CURVE('',#5240,#5270,#5272,.T.);
#5270 = VERTEX_POINT('',#5271);
#5271 = CARTESIAN_POINT('',(-41.96154785156,27.1142578125,4.2));
#5272 = SURFACE_CURVE('',#5273,(#5277,#5284),.PCURVE_S1.);
#5273 = B_SPLINE_CURVE_WITH_KNOTS('',2,(#5274,#5275,#5276),
  .UNSPECIFIED.,.F.,.F.,(3,3),(0.,1.),.PIECEWISE_BEZIER_KNOTS.);
#5274 = CARTESIAN_POINT('',(-41.55053710937,28.532958984375,4.2));
#5275 = CARTESIAN_POINT('',(-41.96154785156,28.012451171875,4.2));
#5276 = CARTESIAN_POINT('',(-41.96154785156,27.1142578125,4.2));
#5277 = PCURVE('',#3207,#5278);
#5278 = DEFINITIONAL_REPRESENTATION('',(#5279),#5283);
#5279 = B_SPLINE_CURVE_WITH_KNOTS('',2,(#5280,#5281,#5282),
  .UNSPECIFIED.,.F.,.F.,(3,3),(0.,1.),.PIECEWISE_BEZIER_KNOTS.);
#5280 = CARTESIAN_POINT('',(1.452026367188,3.783203125));
#5281 = CARTESIAN_POINT('',(1.041015625,3.2626953125));
#5282 = CARTESIAN_POINT('',(1.041015625,2.364501953125));
#5283 = ( GEOMETRIC_REPRESENTATION_CONTEXT(2) 
PARAMETRIC_REPRESENTATION_CONTEXT() REPRESENTATION_CONTEXT('2D SPACE',''
  ) );
#5284 = PCURVE('',#5285,#5292);
#5285 = SURFACE_OF_LINEAR_EXTRUSION('',#5286,#5290);
#5286 = B_SPLINE_CURVE_WITH_KNOTS('',2,(#5287,#5288,#5289),
  .UNSPECIFIED.,.F.,.F.,(3,3),(0.,1.),.PIECEWISE_BEZIER_KNOTS.);
#5287 = CARTESIAN_POINT('',(-41.55053710937,28.532958984375,5.));
#5288 = CARTESIAN_POINT('',(-41.96154785156,28.012451171875,5.));
#5289 = CARTESIAN_POINT('',(-41.96154785156,27.1142578125,5.));
#5290 = VECTOR('',#5291,1.);
#5291 = DIRECTION('',(0.,0.,1.));
#5292 = DEFINITIONAL_REPRESENTATION('',(#5293),#5297);
#5293 = LINE('',#5294,#5295);
#5294 = CARTESIAN_POINT('',(0.,-0.8));
#5295 = VECTOR('',#5296,1.);
#5296 = DIRECTION('',(1.,0.));
#5297 = ( GEOMETRIC_REPRESENTATION_CONTEXT(2) 
PARAMETRIC_REPRESENTATION_CONTEXT() REPRESENTATION_CONTEXT('2D SPACE',''
  ) );
#5298 = ORIENTED_EDGE('',*,*,#5299,.T.);
#5299 = EDGE_CURVE('',#5270,#5300,#5302,.T.);
#5300 = VERTEX_POINT('',#5301);
#5301 = CARTESIAN_POINT('',(-41.55053710937,25.69873046875,4.2));
#5302 = SURFACE_CURVE('',#5303,(#5307,#5314),.PCURVE_S1.);
#5303 = B_SPLINE_CURVE_WITH_KNOTS('',2,(#5304,#5305,#5306),
  .UNSPECIFIED.,.F.,.F.,(3,3),(0.,1.),.PIECEWISE_BEZIER_KNOTS.);
#5304 = CARTESIAN_POINT('',(-41.96154785156,27.1142578125,4.2));
#5305 = CARTESIAN_POINT('',(-41.96154785156,26.21923828125,4.2));
#5306 = CARTESIAN_POINT('',(-41.55053710937,25.69873046875,4.2));
#5307 = PCURVE('',#3207,#5308);
#5308 = DEFINITIONAL_REPRESENTATION('',(#5309),#5313);
#5309 = B_SPLINE_CURVE_WITH_KNOTS('',2,(#5310,#5311,#5312),
  .UNSPECIFIED.,.F.,.F.,(3,3),(0.,1.),.PIECEWISE_BEZIER_KNOTS.);
#5310 = CARTESIAN_POINT('',(1.041015625,2.364501953125));
#5311 = CARTESIAN_POINT('',(1.041015625,1.469482421875));
#5312 = CARTESIAN_POINT('',(1.452026367188,0.948974609375));
#5313 = ( GEOMETRIC_REPRESENTATION_CONTEXT(2) 
PARAMETRIC_REPRESENTATION_CONTEXT() REPRESENTATION_CONTEXT('2D SPACE',''
  ) );
#5314 = PCURVE('',#5315,#5322);
#5315 = SURFACE_OF_LINEAR_EXTRUSION('',#5316,#5320);
#5316 = B_SPLINE_CURVE_WITH_KNOTS('',2,(#5317,#5318,#5319),
  .UNSPECIFIED.,.F.,.F.,(3,3),(0.,1.),.PIECEWISE_BEZIER_KNOTS.);
#5317 = CARTESIAN_POINT('',(-41.96154785156,27.1142578125,5.));
#5318 = CARTESIAN_POINT('',(-41.96154785156,26.21923828125,5.));
#5319 = CARTESIAN_POINT('',(-41.55053710937,25.69873046875,5.));
#5320 = VECTOR('',#5321,1.);
#5321 = DIRECTION('',(0.,0.,1.));
#5322 = DEFINITIONAL_REPRESENTATION('',(#5323),#5327);
#5323 = LINE('',#5324,#5325);
#5324 = CARTESIAN_POINT('',(0.,-0.8));
#5325 = VECTOR('',#5326,1.);
#5326 = DIRECTION('',(1.,0.));
#5327 = ( GEOMETRIC_REPRESENTATION_CONTEXT(2) 
PARAMETRIC_REPRESENTATION_CONTEXT() REPRESENTATION_CONTEXT('2D SPACE',''
  ) );
#5328 = ORIENTED_EDGE('',*,*,#5329,.T.);
#5329 = EDGE_CURVE('',#5300,#5330,#5332,.T.);
#5330 = VERTEX_POINT('',#5331);
#5331 = CARTESIAN_POINT('',(-40.44128417968,25.17822265625,4.2));
#5332 = SURFACE_CURVE('',#5333,(#5337,#5344),.PCURVE_S1.);
#5333 = B_SPLINE_CURVE_WITH_KNOTS('',2,(#5334,#5335,#5336),
  .UNSPECIFIED.,.F.,.F.,(3,3),(0.,1.),.PIECEWISE_BEZIER_KNOTS.);
#5334 = CARTESIAN_POINT('',(-41.55053710937,25.69873046875,4.2));
#5335 = CARTESIAN_POINT('',(-41.13952636718,25.17822265625,4.2));
#5336 = CARTESIAN_POINT('',(-40.44128417968,25.17822265625,4.2));
#5337 = PCURVE('',#3207,#5338);
#5338 = DEFINITIONAL_REPRESENTATION('',(#5339),#5343);
#5339 = B_SPLINE_CURVE_WITH_KNOTS('',2,(#5340,#5341,#5342),
  .UNSPECIFIED.,.F.,.F.,(3,3),(0.,1.),.PIECEWISE_BEZIER_KNOTS.);
#5340 = CARTESIAN_POINT('',(1.452026367188,0.948974609375));
#5341 = CARTESIAN_POINT('',(1.863037109375,0.428466796875));
#5342 = CARTESIAN_POINT('',(2.561279296875,0.428466796875));
#5343 = ( GEOMETRIC_REPRESENTATION_CONTEXT(2) 
PARAMETRIC_REPRESENTATION_CONTEXT() REPRESENTATION_CONTEXT('2D SPACE',''
  ) );
#5344 = PCURVE('',#5345,#5352);
#5345 = SURFACE_OF_LINEAR_EXTRUSION('',#5346,#5350);
#5346 = B_SPLINE_CURVE_WITH_KNOTS('',2,(#5347,#5348,#5349),
  .UNSPECIFIED.,.F.,.F.,(3,3),(0.,1.),.PIECEWISE_BEZIER_KNOTS.);
#5347 = CARTESIAN_POINT('',(-41.55053710937,25.69873046875,5.));
#5348 = CARTESIAN_POINT('',(-41.13952636718,25.17822265625,5.));
#5349 = CARTESIAN_POINT('',(-40.44128417968,25.17822265625,5.));
#5350 = VECTOR('',#5351,1.);
#5351 = DIRECTION('',(0.,0.,1.));
#5352 = DEFINITIONAL_REPRESENTATION('',(#5353),#5357);
#5353 = LINE('',#5354,#5355);
#5354 = CARTESIAN_POINT('',(0.,-0.8));
#5355 = VECTOR('',#5356,1.);
#5356 = DIRECTION('',(1.,0.));
#5357 = ( GEOMETRIC_REPRESENTATION_CONTEXT(2) 
PARAMETRIC_REPRESENTATION_CONTEXT() REPRESENTATION_CONTEXT('2D SPACE',''
  ) );
#5358 = ORIENTED_EDGE('',*,*,#5359,.T.);
#5359 = EDGE_CURVE('',#5330,#5360,#5362,.T.);
#5360 = VERTEX_POINT('',#5361);
#5361 = CARTESIAN_POINT('',(-39.33520507812,25.69873046875,4.2));
#5362 = SURFACE_CURVE('',#5363,(#5367,#5374),.PCURVE_S1.);
#5363 = B_SPLINE_CURVE_WITH_KNOTS('',2,(#5364,#5365,#5366),
  .UNSPECIFIED.,.F.,.F.,(3,3),(0.,1.),.PIECEWISE_BEZIER_KNOTS.);
#5364 = CARTESIAN_POINT('',(-40.44128417968,25.17822265625,4.2));
#5365 = CARTESIAN_POINT('',(-39.74304199218,25.17822265625,4.2));
#5366 = CARTESIAN_POINT('',(-39.33520507812,25.69873046875,4.2));
#5367 = PCURVE('',#3207,#5368);
#5368 = DEFINITIONAL_REPRESENTATION('',(#5369),#5373);
#5369 = B_SPLINE_CURVE_WITH_KNOTS('',2,(#5370,#5371,#5372),
  .UNSPECIFIED.,.F.,.F.,(3,3),(0.,1.),.PIECEWISE_BEZIER_KNOTS.);
#5370 = CARTESIAN_POINT('',(2.561279296875,0.428466796875));
#5371 = CARTESIAN_POINT('',(3.259521484375,0.428466796875));
#5372 = CARTESIAN_POINT('',(3.667358398438,0.948974609375));
#5373 = ( GEOMETRIC_REPRESENTATION_CONTEXT(2) 
PARAMETRIC_REPRESENTATION_CONTEXT() REPRESENTATION_CONTEXT('2D SPACE',''
  ) );
#5374 = PCURVE('',#5375,#5382);
#5375 = SURFACE_OF_LINEAR_EXTRUSION('',#5376,#5380);
#5376 = B_SPLINE_CURVE_WITH_KNOTS('',2,(#5377,#5378,#5379),
  .UNSPECIFIED.,.F.,.F.,(3,3),(0.,1.),.PIECEWISE_BEZIER_KNOTS.);
#5377 = CARTESIAN_POINT('',(-40.44128417968,25.17822265625,5.));
#5378 = CARTESIAN_POINT('',(-39.74304199218,25.17822265625,5.));
#5379 = CARTESIAN_POINT('',(-39.33520507812,25.69873046875,5.));
#5380 = VECTOR('',#5381,1.);
#5381 = DIRECTION('',(0.,0.,1.));
#5382 = DEFINITIONAL_REPRESENTATION('',(#5383),#5387);
#5383 = LINE('',#5384,#5385);
#5384 = CARTESIAN_POINT('',(0.,-0.8));
#5385 = VECTOR('',#5386,1.);
#5386 = DIRECTION('',(1.,0.));
#5387 = ( GEOMETRIC_REPRESENTATION_CONTEXT(2) 
PARAMETRIC_REPRESENTATION_CONTEXT() REPRESENTATION_CONTEXT('2D SPACE',''
  ) );
#5388 = ORIENTED_EDGE('',*,*,#5389,.T.);
#5389 = EDGE_CURVE('',#5360,#5390,#5392,.T.);
#5390 = VERTEX_POINT('',#5391);
#5391 = CARTESIAN_POINT('',(-38.92736816406,27.1142578125,4.2));
#5392 = SURFACE_CURVE('',#5393,(#5397,#5404),.PCURVE_S1.);
#5393 = B_SPLINE_CURVE_WITH_KNOTS('',2,(#5394,#5395,#5396),
  .UNSPECIFIED.,.F.,.F.,(3,3),(0.,1.),.PIECEWISE_BEZIER_KNOTS.);
#5394 = CARTESIAN_POINT('',(-39.33520507812,25.69873046875,4.2));
#5395 = CARTESIAN_POINT('',(-38.92736816406,26.21923828125,4.2));
#5396 = CARTESIAN_POINT('',(-38.92736816406,27.1142578125,4.2));
#5397 = PCURVE('',#3207,#5398);
#5398 = DEFINITIONAL_REPRESENTATION('',(#5399),#5403);
#5399 = B_SPLINE_CURVE_WITH_KNOTS('',2,(#5400,#5401,#5402),
  .UNSPECIFIED.,.F.,.F.,(3,3),(0.,1.),.PIECEWISE_BEZIER_KNOTS.);
#5400 = CARTESIAN_POINT('',(3.667358398438,0.948974609375));
#5401 = CARTESIAN_POINT('',(4.0751953125,1.469482421875));
#5402 = CARTESIAN_POINT('',(4.0751953125,2.364501953125));
#5403 = ( GEOMETRIC_REPRESENTATION_CONTEXT(2) 
PARAMETRIC_REPRESENTATION_CONTEXT() REPRESENTATION_CONTEXT('2D SPACE',''
  ) );
#5404 = PCURVE('',#5405,#5412);
#5405 = SURFACE_OF_LINEAR_EXTRUSION('',#5406,#5410);
#5406 = B_SPLINE_CURVE_WITH_KNOTS('',2,(#5407,#5408,#5409),
  .UNSPECIFIED.,.F.,.F.,(3,3),(0.,1.),.PIECEWISE_BEZIER_KNOTS.);
#5407 = CARTESIAN_POINT('',(-39.33520507812,25.69873046875,5.));
#5408 = CARTESIAN_POINT('',(-38.92736816406,26.21923828125,5.));
#5409 = CARTESIAN_POINT('',(-38.92736816406,27.1142578125,5.));
#5410 = VECTOR('',#5411,1.);
#5411 = DIRECTION('',(0.,0.,1.));
#5412 = DEFINITIONAL_REPRESENTATION('',(#5413),#5417);
#5413 = LINE('',#5414,#5415);
#5414 = CARTESIAN_POINT('',(0.,-0.8));
#5415 = VECTOR('',#5416,1.);
#5416 = DIRECTION('',(1.,0.));
#5417 = ( GEOMETRIC_REPRESENTATION_CONTEXT(2) 
PARAMETRIC_REPRESENTATION_CONTEXT() REPRESENTATION_CONTEXT('2D SPACE',''
  ) );
#5418 = ORIENTED_EDGE('',*,*,#5419,.T.);
#5419 = EDGE_CURVE('',#5390,#5420,#5422,.T.);
#5420 = VERTEX_POINT('',#5421);
#5421 = CARTESIAN_POINT('',(-39.33520507812,28.532958984375,4.2));
#5422 = SURFACE_CURVE('',#5423,(#5427,#5434),.PCURVE_S1.);
#5423 = B_SPLINE_CURVE_WITH_KNOTS('',2,(#5424,#5425,#5426),
  .UNSPECIFIED.,.F.,.F.,(3,3),(0.,1.),.PIECEWISE_BEZIER_KNOTS.);
#5424 = CARTESIAN_POINT('',(-38.92736816406,27.1142578125,4.2));
#5425 = CARTESIAN_POINT('',(-38.92736816406,28.012451171875,4.2));
#5426 = CARTESIAN_POINT('',(-39.33520507812,28.532958984375,4.2));
#5427 = PCURVE('',#3207,#5428);
#5428 = DEFINITIONAL_REPRESENTATION('',(#5429),#5433);
#5429 = B_SPLINE_CURVE_WITH_KNOTS('',2,(#5430,#5431,#5432),
  .UNSPECIFIED.,.F.,.F.,(3,3),(0.,1.),.PIECEWISE_BEZIER_KNOTS.);
#5430 = CARTESIAN_POINT('',(4.0751953125,2.364501953125));
#5431 = CARTESIAN_POINT('',(4.0751953125,3.2626953125));
#5432 = CARTESIAN_POINT('',(3.667358398438,3.783203125));
#5433 = ( GEOMETRIC_REPRESENTATION_CONTEXT(2) 
PARAMETRIC_REPRESENTATION_CONTEXT() REPRESENTATION_CONTEXT('2D SPACE',''
  ) );
#5434 = PCURVE('',#5435,#5442);
#5435 = SURFACE_OF_LINEAR_EXTRUSION('',#5436,#5440);
#5436 = B_SPLINE_CURVE_WITH_KNOTS('',2,(#5437,#5438,#5439),
  .UNSPECIFIED.,.F.,.F.,(3,3),(0.,1.),.PIECEWISE_BEZIER_KNOTS.);
#5437 = CARTESIAN_POINT('',(-38.92736816406,27.1142578125,5.));
#5438 = CARTESIAN_POINT('',(-38.92736816406,28.012451171875,5.));
#5439 = CARTESIAN_POINT('',(-39.33520507812,28.532958984375,5.));
#5440 = VECTOR('',#5441,1.);
#5441 = DIRECTION('',(0.,0.,1.));
#5442 = DEFINITIONAL_REPRESENTATION('',(#5443),#5447);
#5443 = LINE('',#5444,#5445);
#5444 = CARTESIAN_POINT('',(0.,-0.8));
#5445 = VECTOR('',#5446,1.);
#5446 = DIRECTION('',(1.,0.));
#5447 = ( GEOMETRIC_REPRESENTATION_CONTEXT(2) 
PARAMETRIC_REPRESENTATION_CONTEXT() REPRESENTATION_CONTEXT('2D SPACE',''
  ) );
#5448 = ORIENTED_EDGE('',*,*,#5449,.T.);
#5449 = EDGE_CURVE('',#5420,#5238,#5450,.T.);
#5450 = SURFACE_CURVE('',#5451,(#5455,#5462),.PCURVE_S1.);
#5451 = B_SPLINE_CURVE_WITH_KNOTS('',2,(#5452,#5453,#5454),
  .UNSPECIFIED.,.F.,.F.,(3,3),(0.,1.),.PIECEWISE_BEZIER_KNOTS.);
#5452 = CARTESIAN_POINT('',(-39.33520507812,28.532958984375,4.2));
#5453 = CARTESIAN_POINT('',(-39.74304199218,29.053466796875,4.2));
#5454 = CARTESIAN_POINT('',(-40.44128417968,29.053466796875,4.2));
#5455 = PCURVE('',#3207,#5456);
#5456 = DEFINITIONAL_REPRESENTATION('',(#5457),#5461);
#5457 = B_SPLINE_CURVE_WITH_KNOTS('',2,(#5458,#5459,#5460),
  .UNSPECIFIED.,.F.,.F.,(3,3),(0.,1.),.PIECEWISE_BEZIER_KNOTS.);
#5458 = CARTESIAN_POINT('',(3.667358398438,3.783203125));
#5459 = CARTESIAN_POINT('',(3.259521484375,4.3037109375));
#5460 = CARTESIAN_POINT('',(2.561279296875,4.3037109375));
#5461 = ( GEOMETRIC_REPRESENTATION_CONTEXT(2) 
PARAMETRIC_REPRESENTATION_CONTEXT() REPRESENTATION_CONTEXT('2D SPACE',''
  ) );
#5462 = PCURVE('',#5463,#5470);
#5463 = SURFACE_OF_LINEAR_EXTRUSION('',#5464,#5468);
#5464 = B_SPLINE_CURVE_WITH_KNOTS('',2,(#5465,#5466,#5467),
  .UNSPECIFIED.,.F.,.F.,(3,3),(0.,1.),.PIECEWISE_BEZIER_KNOTS.);
#5465 = CARTESIAN_POINT('',(-39.33520507812,28.532958984375,5.));
#5466 = CARTESIAN_POINT('',(-39.74304199218,29.053466796875,5.));
#5467 = CARTESIAN_POINT('',(-40.44128417968,29.053466796875,5.));
#5468 = VECTOR('',#5469,1.);
#5469 = DIRECTION('',(0.,0.,1.));
#5470 = DEFINITIONAL_REPRESENTATION('',(#5471),#5475);
#5471 = LINE('',#5472,#5473);
#5472 = CARTESIAN_POINT('',(0.,-0.8));
#5473 = VECTOR('',#5474,1.);
#5474 = DIRECTION('',(1.,0.));
#5475 = ( GEOMETRIC_REPRESENTATION_CONTEXT(2) 
PARAMETRIC_REPRESENTATION_CONTEXT() REPRESENTATION_CONTEXT('2D SPACE',''
  ) );
#5476 = ADVANCED_FACE('',(#5477,#5488),#3604,.T.);
#5477 = FACE_BOUND('',#5478,.F.);
#5478 = EDGE_LOOP('',(#5479,#5480,#5481,#5482,#5483,#5484,#5485,#5486,
    #5487));
#5479 = ORIENTED_EDGE('',*,*,#3691,.T.);
#5480 = ORIENTED_EDGE('',*,*,#3789,.T.);
#5481 = ORIENTED_EDGE('',*,*,#3887,.T.);
#5482 = ORIENTED_EDGE('',*,*,#3985,.T.);
#5483 = ORIENTED_EDGE('',*,*,#3958,.T.);
#5484 = ORIENTED_EDGE('',*,*,#3860,.T.);
#5485 = ORIENTED_EDGE('',*,*,#3762,.T.);
#5486 = ORIENTED_EDGE('',*,*,#3664,.T.);
#5487 = ORIENTED_EDGE('',*,*,#3588,.T.);
#5488 = FACE_BOUND('',#5489,.F.);
#5489 = EDGE_LOOP('',(#5490,#5520,#5548,#5576,#5606,#5636,#5666));
#5490 = ORIENTED_EDGE('',*,*,#5491,.T.);
#5491 = EDGE_CURVE('',#5492,#5494,#5496,.T.);
#5492 = VERTEX_POINT('',#5493);
#5493 = CARTESIAN_POINT('',(-35.80114746093,28.96142578125,4.2));
#5494 = VERTEX_POINT('',#5495);
#5495 = CARTESIAN_POINT('',(-36.60729980468,28.96142578125,4.2));
#5496 = SURFACE_CURVE('',#5497,(#5501,#5508),.PCURVE_S1.);
#5497 = LINE('',#5498,#5499);
#5498 = CARTESIAN_POINT('',(-35.80114746093,28.96142578125,4.2));
#5499 = VECTOR('',#5500,1.);
#5500 = DIRECTION('',(-1.,0.,0.));
#5501 = PCURVE('',#3604,#5502);
#5502 = DEFINITIONAL_REPRESENTATION('',(#5503),#5507);
#5503 = LINE('',#5504,#5505);
#5504 = CARTESIAN_POINT('',(2.085205078125,4.211669921875));
#5505 = VECTOR('',#5506,1.);
#5506 = DIRECTION('',(-1.,0.));
#5507 = ( GEOMETRIC_REPRESENTATION_CONTEXT(2) 
PARAMETRIC_REPRESENTATION_CONTEXT() REPRESENTATION_CONTEXT('2D SPACE',''
  ) );
#5508 = PCURVE('',#5509,#5514);
#5509 = PLANE('',#5510);
#5510 = AXIS2_PLACEMENT_3D('',#5511,#5512,#5513);
#5511 = CARTESIAN_POINT('',(-35.80114746093,28.96142578125,5.));
#5512 = DIRECTION('',(0.,1.,0.));
#5513 = DIRECTION('',(-1.,0.,0.));
#5514 = DEFINITIONAL_REPRESENTATION('',(#5515),#5519);
#5515 = LINE('',#5516,#5517);
#5516 = CARTESIAN_POINT('',(0.,-0.8));
#5517 = VECTOR('',#5518,1.);
#5518 = DIRECTION('',(1.,0.));
#5519 = ( GEOMETRIC_REPRESENTATION_CONTEXT(2) 
PARAMETRIC_REPRESENTATION_CONTEXT() REPRESENTATION_CONTEXT('2D SPACE',''
  ) );
#5520 = ORIENTED_EDGE('',*,*,#5521,.T.);
#5521 = EDGE_CURVE('',#5494,#5522,#5524,.T.);
#5522 = VERTEX_POINT('',#5523);
#5523 = CARTESIAN_POINT('',(-36.60729980468,27.180908203125,4.2));
#5524 = SURFACE_CURVE('',#5525,(#5529,#5536),.PCURVE_S1.);
#5525 = LINE('',#5526,#5527);
#5526 = CARTESIAN_POINT('',(-36.60729980468,28.96142578125,4.2));
#5527 = VECTOR('',#5528,1.);
#5528 = DIRECTION('',(0.,-1.,0.));
#5529 = PCURVE('',#3604,#5530);
#5530 = DEFINITIONAL_REPRESENTATION('',(#5531),#5535);
#5531 = LINE('',#5532,#5533);
#5532 = CARTESIAN_POINT('',(1.279052734375,4.211669921875));
#5533 = VECTOR('',#5534,1.);
#5534 = DIRECTION('',(0.,-1.));
#5535 = ( GEOMETRIC_REPRESENTATION_CONTEXT(2) 
PARAMETRIC_REPRESENTATION_CONTEXT() REPRESENTATION_CONTEXT('2D SPACE',''
  ) );
#5536 = PCURVE('',#5537,#5542);
#5537 = PLANE('',#5538);
#5538 = AXIS2_PLACEMENT_3D('',#5539,#5540,#5541);
#5539 = CARTESIAN_POINT('',(-36.60729980468,28.96142578125,5.));
#5540 = DIRECTION('',(-1.,0.,0.));
#5541 = DIRECTION('',(0.,-1.,0.));
#5542 = DEFINITIONAL_REPRESENTATION('',(#5543),#5547);
#5543 = LINE('',#5544,#5545);
#5544 = CARTESIAN_POINT('',(0.,-0.8));
#5545 = VECTOR('',#5546,1.);
#5546 = DIRECTION('',(1.,0.));
#5547 = ( GEOMETRIC_REPRESENTATION_CONTEXT(2) 
PARAMETRIC_REPRESENTATION_CONTEXT() REPRESENTATION_CONTEXT('2D SPACE',''
  ) );
#5548 = ORIENTED_EDGE('',*,*,#5549,.T.);
#5549 = EDGE_CURVE('',#5522,#5550,#5552,.T.);
#5550 = VERTEX_POINT('',#5551);
#5551 = CARTESIAN_POINT('',(-35.80114746093,27.180908203125,4.2));
#5552 = SURFACE_CURVE('',#5553,(#5557,#5564),.PCURVE_S1.);
#5553 = LINE('',#5554,#5555);
#5554 = CARTESIAN_POINT('',(-36.60729980468,27.180908203125,4.2));
#5555 = VECTOR('',#5556,1.);
#5556 = DIRECTION('',(1.,0.,0.));
#5557 = PCURVE('',#3604,#5558);
#5558 = DEFINITIONAL_REPRESENTATION('',(#5559),#5563);
#5559 = LINE('',#5560,#5561);
#5560 = CARTESIAN_POINT('',(1.279052734375,2.43115234375));
#5561 = VECTOR('',#5562,1.);
#5562 = DIRECTION('',(1.,0.));
#5563 = ( GEOMETRIC_REPRESENTATION_CONTEXT(2) 
PARAMETRIC_REPRESENTATION_CONTEXT() REPRESENTATION_CONTEXT('2D SPACE',''
  ) );
#5564 = PCURVE('',#5565,#5570);
#5565 = PLANE('',#5566);
#5566 = AXIS2_PLACEMENT_3D('',#5567,#5568,#5569);
#5567 = CARTESIAN_POINT('',(-36.60729980468,27.180908203125,5.));
#5568 = DIRECTION('',(0.,-1.,0.));
#5569 = DIRECTION('',(1.,0.,0.));
#5570 = DEFINITIONAL_REPRESENTATION('',(#5571),#5575);
#5571 = LINE('',#5572,#5573);
#5572 = CARTESIAN_POINT('',(0.,-0.8));
#5573 = VECTOR('',#5574,1.);
#5574 = DIRECTION('',(1.,0.));
#5575 = ( GEOMETRIC_REPRESENTATION_CONTEXT(2) 
PARAMETRIC_REPRESENTATION_CONTEXT() REPRESENTATION_CONTEXT('2D SPACE',''
  ) );
#5576 = ORIENTED_EDGE('',*,*,#5577,.T.);
#5577 = EDGE_CURVE('',#5550,#5578,#5580,.T.);
#5578 = VERTEX_POINT('',#5579);
#5579 = CARTESIAN_POINT('',(-35.10925292968,27.41259765625,4.2));
#5580 = SURFACE_CURVE('',#5581,(#5585,#5592),.PCURVE_S1.);
#5581 = B_SPLINE_CURVE_WITH_KNOTS('',2,(#5582,#5583,#5584),
  .UNSPECIFIED.,.F.,.F.,(3,3),(0.,1.),.PIECEWISE_BEZIER_KNOTS.);
#5582 = CARTESIAN_POINT('',(-35.80114746093,27.180908203125,4.2));
#5583 = CARTESIAN_POINT('',(-35.35363769531,27.180908203125,4.2));
#5584 = CARTESIAN_POINT('',(-35.10925292968,27.41259765625,4.2));
#5585 = PCURVE('',#3604,#5586);
#5586 = DEFINITIONAL_REPRESENTATION('',(#5587),#5591);
#5587 = B_SPLINE_CURVE_WITH_KNOTS('',2,(#5588,#5589,#5590),
  .UNSPECIFIED.,.F.,.F.,(3,3),(0.,1.),.PIECEWISE_BEZIER_KNOTS.);
#5588 = CARTESIAN_POINT('',(2.085205078125,2.43115234375));
#5589 = CARTESIAN_POINT('',(2.53271484375,2.43115234375));
#5590 = CARTESIAN_POINT('',(2.777099609375,2.662841796875));
#5591 = ( GEOMETRIC_REPRESENTATION_CONTEXT(2) 
PARAMETRIC_REPRESENTATION_CONTEXT() REPRESENTATION_CONTEXT('2D SPACE',''
  ) );
#5592 = PCURVE('',#5593,#5600);
#5593 = SURFACE_OF_LINEAR_EXTRUSION('',#5594,#5598);
#5594 = B_SPLINE_CURVE_WITH_KNOTS('',2,(#5595,#5596,#5597),
  .UNSPECIFIED.,.F.,.F.,(3,3),(0.,1.),.PIECEWISE_BEZIER_KNOTS.);
#5595 = CARTESIAN_POINT('',(-35.80114746093,27.180908203125,5.));
#5596 = CARTESIAN_POINT('',(-35.35363769531,27.180908203125,5.));
#5597 = CARTESIAN_POINT('',(-35.10925292968,27.41259765625,5.));
#5598 = VECTOR('',#5599,1.);
#5599 = DIRECTION('',(0.,0.,1.));
#5600 = DEFINITIONAL_REPRESENTATION('',(#5601),#5605);
#5601 = LINE('',#5602,#5603);
#5602 = CARTESIAN_POINT('',(0.,-0.8));
#5603 = VECTOR('',#5604,1.);
#5604 = DIRECTION('',(1.,0.));
#5605 = ( GEOMETRIC_REPRESENTATION_CONTEXT(2) 
PARAMETRIC_REPRESENTATION_CONTEXT() REPRESENTATION_CONTEXT('2D SPACE',''
  ) );
#5606 = ORIENTED_EDGE('',*,*,#5607,.T.);
#5607 = EDGE_CURVE('',#5578,#5608,#5610,.T.);
#5608 = VERTEX_POINT('',#5609);
#5609 = CARTESIAN_POINT('',(-34.86486816406,28.07275390625,4.2));
#5610 = SURFACE_CURVE('',#5611,(#5615,#5622),.PCURVE_S1.);
#5611 = B_SPLINE_CURVE_WITH_KNOTS('',2,(#5612,#5613,#5614),
  .UNSPECIFIED.,.F.,.F.,(3,3),(0.,1.),.PIECEWISE_BEZIER_KNOTS.);
#5612 = CARTESIAN_POINT('',(-35.10925292968,27.41259765625,4.2));
#5613 = CARTESIAN_POINT('',(-34.86486816406,27.644287109375,4.2));
#5614 = CARTESIAN_POINT('',(-34.86486816406,28.07275390625,4.2));
#5615 = PCURVE('',#3604,#5616);
#5616 = DEFINITIONAL_REPRESENTATION('',(#5617),#5621);
#5617 = B_SPLINE_CURVE_WITH_KNOTS('',2,(#5618,#5619,#5620),
  .UNSPECIFIED.,.F.,.F.,(3,3),(0.,1.),.PIECEWISE_BEZIER_KNOTS.);
#5618 = CARTESIAN_POINT('',(2.777099609375,2.662841796875));
#5619 = CARTESIAN_POINT('',(3.021484375,2.89453125));
#5620 = CARTESIAN_POINT('',(3.021484375,3.322998046875));
#5621 = ( GEOMETRIC_REPRESENTATION_CONTEXT(2) 
PARAMETRIC_REPRESENTATION_CONTEXT() REPRESENTATION_CONTEXT('2D SPACE',''
  ) );
#5622 = PCURVE('',#5623,#5630);
#5623 = SURFACE_OF_LINEAR_EXTRUSION('',#5624,#5628);
#5624 = B_SPLINE_CURVE_WITH_KNOTS('',2,(#5625,#5626,#5627),
  .UNSPECIFIED.,.F.,.F.,(3,3),(0.,1.),.PIECEWISE_BEZIER_KNOTS.);
#5625 = CARTESIAN_POINT('',(-35.10925292968,27.41259765625,5.));
#5626 = CARTESIAN_POINT('',(-34.86486816406,27.644287109375,5.));
#5627 = CARTESIAN_POINT('',(-34.86486816406,28.07275390625,5.));
#5628 = VECTOR('',#5629,1.);
#5629 = DIRECTION('',(0.,0.,1.));
#5630 = DEFINITIONAL_REPRESENTATION('',(#5631),#5635);
#5631 = LINE('',#5632,#5633);
#5632 = CARTESIAN_POINT('',(0.,-0.8));
#5633 = VECTOR('',#5634,1.);
#5634 = DIRECTION('',(1.,0.));
#5635 = ( GEOMETRIC_REPRESENTATION_CONTEXT(2) 
PARAMETRIC_REPRESENTATION_CONTEXT() REPRESENTATION_CONTEXT('2D SPACE',''
  ) );
#5636 = ORIENTED_EDGE('',*,*,#5637,.T.);
#5637 = EDGE_CURVE('',#5608,#5638,#5640,.T.);
#5638 = VERTEX_POINT('',#5639);
#5639 = CARTESIAN_POINT('',(-35.10925292968,28.729736328125,4.2));
#5640 = SURFACE_CURVE('',#5641,(#5645,#5652),.PCURVE_S1.);
#5641 = B_SPLINE_CURVE_WITH_KNOTS('',2,(#5642,#5643,#5644),
  .UNSPECIFIED.,.F.,.F.,(3,3),(0.,1.),.PIECEWISE_BEZIER_KNOTS.);
#5642 = CARTESIAN_POINT('',(-34.86486816406,28.07275390625,4.2));
#5643 = CARTESIAN_POINT('',(-34.86486816406,28.498046875,4.2));
#5644 = CARTESIAN_POINT('',(-35.10925292968,28.729736328125,4.2));
#5645 = PCURVE('',#3604,#5646);
#5646 = DEFINITIONAL_REPRESENTATION('',(#5647),#5651);
#5647 = B_SPLINE_CURVE_WITH_KNOTS('',2,(#5648,#5649,#5650),
  .UNSPECIFIED.,.F.,.F.,(3,3),(0.,1.),.PIECEWISE_BEZIER_KNOTS.);
#5648 = CARTESIAN_POINT('',(3.021484375,3.322998046875));
#5649 = CARTESIAN_POINT('',(3.021484375,3.748291015625));
#5650 = CARTESIAN_POINT('',(2.777099609375,3.97998046875));
#5651 = ( GEOMETRIC_REPRESENTATION_CONTEXT(2) 
PARAMETRIC_REPRESENTATION_CONTEXT() REPRESENTATION_CONTEXT('2D SPACE',''
  ) );
#5652 = PCURVE('',#5653,#5660);
#5653 = SURFACE_OF_LINEAR_EXTRUSION('',#5654,#5658);
#5654 = B_SPLINE_CURVE_WITH_KNOTS('',2,(#5655,#5656,#5657),
  .UNSPECIFIED.,.F.,.F.,(3,3),(0.,1.),.PIECEWISE_BEZIER_KNOTS.);
#5655 = CARTESIAN_POINT('',(-34.86486816406,28.07275390625,5.));
#5656 = CARTESIAN_POINT('',(-34.86486816406,28.498046875,5.));
#5657 = CARTESIAN_POINT('',(-35.10925292968,28.729736328125,5.));
#5658 = VECTOR('',#5659,1.);
#5659 = DIRECTION('',(0.,0.,1.));
#5660 = DEFINITIONAL_REPRESENTATION('',(#5661),#5665);
#5661 = LINE('',#5662,#5663);
#5662 = CARTESIAN_POINT('',(0.,-0.8));
#5663 = VECTOR('',#5664,1.);
#5664 = DIRECTION('',(1.,0.));
#5665 = ( GEOMETRIC_REPRESENTATION_CONTEXT(2) 
PARAMETRIC_REPRESENTATION_CONTEXT() REPRESENTATION_CONTEXT('2D SPACE',''
  ) );
#5666 = ORIENTED_EDGE('',*,*,#5667,.T.);
#5667 = EDGE_CURVE('',#5638,#5492,#5668,.T.);
#5668 = SURFACE_CURVE('',#5669,(#5673,#5680),.PCURVE_S1.);
#5669 = B_SPLINE_CURVE_WITH_KNOTS('',2,(#5670,#5671,#5672),
  .UNSPECIFIED.,.F.,.F.,(3,3),(0.,1.),.PIECEWISE_BEZIER_KNOTS.);
#5670 = CARTESIAN_POINT('',(-35.10925292968,28.729736328125,4.2));
#5671 = CARTESIAN_POINT('',(-35.35363769531,28.96142578125,4.2));
#5672 = CARTESIAN_POINT('',(-35.80114746093,28.96142578125,4.2));
#5673 = PCURVE('',#3604,#5674);
#5674 = DEFINITIONAL_REPRESENTATION('',(#5675),#5679);
#5675 = B_SPLINE_CURVE_WITH_KNOTS('',2,(#5676,#5677,#5678),
  .UNSPECIFIED.,.F.,.F.,(3,3),(0.,1.),.PIECEWISE_BEZIER_KNOTS.);
#5676 = CARTESIAN_POINT('',(2.777099609375,3.97998046875));
#5677 = CARTESIAN_POINT('',(2.53271484375,4.211669921875));
#5678 = CARTESIAN_POINT('',(2.085205078125,4.211669921875));
#5679 = ( GEOMETRIC_REPRESENTATION_CONTEXT(2) 
PARAMETRIC_REPRESENTATION_CONTEXT() REPRESENTATION_CONTEXT('2D SPACE',''
  ) );
#5680 = PCURVE('',#5681,#5688);
#5681 = SURFACE_OF_LINEAR_EXTRUSION('',#5682,#5686);
#5682 = B_SPLINE_CURVE_WITH_KNOTS('',2,(#5683,#5684,#5685),
  .UNSPECIFIED.,.F.,.F.,(3,3),(0.,1.),.PIECEWISE_BEZIER_KNOTS.);
#5683 = CARTESIAN_POINT('',(-35.10925292968,28.729736328125,5.));
#5684 = CARTESIAN_POINT('',(-35.35363769531,28.96142578125,5.));
#5685 = CARTESIAN_POINT('',(-35.80114746093,28.96142578125,5.));
#5686 = VECTOR('',#5687,1.);
#5687 = DIRECTION('',(0.,0.,1.));
#5688 = DEFINITIONAL_REPRESENTATION('',(#5689),#5693);
#5689 = LINE('',#5690,#5691);
#5690 = CARTESIAN_POINT('',(0.,-0.8));
#5691 = VECTOR('',#5692,1.);
#5692 = DIRECTION('',(1.,0.));
#5693 = ( GEOMETRIC_REPRESENTATION_CONTEXT(2) 
PARAMETRIC_REPRESENTATION_CONTEXT() REPRESENTATION_CONTEXT('2D SPACE',''
  ) );
#5694 = ADVANCED_FACE('',(#5695),#4050,.T.);
#5695 = FACE_BOUND('',#5696,.F.);
#5696 = EDGE_LOOP('',(#5697,#5698,#5699,#5700,#5701,#5702,#5703,#5704,
    #5705,#5706,#5707,#5708));
#5697 = ORIENTED_EDGE('',*,*,#4137,.T.);
#5698 = ORIENTED_EDGE('',*,*,#4235,.T.);
#5699 = ORIENTED_EDGE('',*,*,#4333,.T.);
#5700 = ORIENTED_EDGE('',*,*,#4431,.T.);
#5701 = ORIENTED_EDGE('',*,*,#4529,.T.);
#5702 = ORIENTED_EDGE('',*,*,#4578,.T.);
#5703 = ORIENTED_EDGE('',*,*,#4502,.T.);
#5704 = ORIENTED_EDGE('',*,*,#4404,.T.);
#5705 = ORIENTED_EDGE('',*,*,#4306,.T.);
#5706 = ORIENTED_EDGE('',*,*,#4208,.T.);
#5707 = ORIENTED_EDGE('',*,*,#4110,.T.);
#5708 = ORIENTED_EDGE('',*,*,#4034,.T.);
#5709 = ADVANCED_FACE('',(#5710),#4643,.T.);
#5710 = FACE_BOUND('',#5711,.F.);
#5711 = EDGE_LOOP('',(#5712,#5713,#5714,#5715,#5716,#5717,#5718,#5719,
    #5720,#5721));
#5712 = ORIENTED_EDGE('',*,*,#4730,.T.);
#5713 = ORIENTED_EDGE('',*,*,#4828,.T.);
#5714 = ORIENTED_EDGE('',*,*,#4926,.T.);
#5715 = ORIENTED_EDGE('',*,*,#5024,.T.);
#5716 = ORIENTED_EDGE('',*,*,#5073,.T.);
#5717 = ORIENTED_EDGE('',*,*,#4997,.T.);
#5718 = ORIENTED_EDGE('',*,*,#4899,.T.);
#5719 = ORIENTED_EDGE('',*,*,#4801,.T.);
#5720 = ORIENTED_EDGE('',*,*,#4703,.T.);
#5721 = ORIENTED_EDGE('',*,*,#4627,.T.);
#5722 = ADVANCED_FACE('',(#5723),#5255,.T.);
#5723 = FACE_BOUND('',#5724,.T.);
#5724 = EDGE_LOOP('',(#5725,#5748,#5749,#5772));
#5725 = ORIENTED_EDGE('',*,*,#5726,.T.);
#5726 = EDGE_CURVE('',#5727,#5238,#5729,.T.);
#5727 = VERTEX_POINT('',#5728);
#5728 = CARTESIAN_POINT('',(-40.44128417968,29.053466796875,5.));
#5729 = SURFACE_CURVE('',#5730,(#5734,#5741),.PCURVE_S1.);
#5730 = LINE('',#5731,#5732);
#5731 = CARTESIAN_POINT('',(-40.44128417968,29.053466796875,5.));
#5732 = VECTOR('',#5733,1.);
#5733 = DIRECTION('',(-0.,-0.,-1.));
#5734 = PCURVE('',#5255,#5735);
#5735 = DEFINITIONAL_REPRESENTATION('',(#5736),#5740);
#5736 = LINE('',#5737,#5738);
#5737 = CARTESIAN_POINT('',(0.,0.));
#5738 = VECTOR('',#5739,1.);
#5739 = DIRECTION('',(0.,-1.));
#5740 = ( GEOMETRIC_REPRESENTATION_CONTEXT(2) 
PARAMETRIC_REPRESENTATION_CONTEXT() REPRESENTATION_CONTEXT('2D SPACE',''
  ) );
#5741 = PCURVE('',#5463,#5742);
#5742 = DEFINITIONAL_REPRESENTATION('',(#5743),#5747);
#5743 = LINE('',#5744,#5745);
#5744 = CARTESIAN_POINT('',(1.,0.));
#5745 = VECTOR('',#5746,1.);
#5746 = DIRECTION('',(0.,-1.));
#5747 = ( GEOMETRIC_REPRESENTATION_CONTEXT(2) 
PARAMETRIC_REPRESENTATION_CONTEXT() REPRESENTATION_CONTEXT('2D SPACE',''
  ) );
#5748 = ORIENTED_EDGE('',*,*,#5237,.T.);
#5749 = ORIENTED_EDGE('',*,*,#5750,.F.);
#5750 = EDGE_CURVE('',#5751,#5240,#5753,.T.);
#5751 = VERTEX_POINT('',#5752);
#5752 = CARTESIAN_POINT('',(-41.55053710937,28.532958984375,5.));
#5753 = SURFACE_CURVE('',#5754,(#5758,#5765),.PCURVE_S1.);
#5754 = LINE('',#5755,#5756);
#5755 = CARTESIAN_POINT('',(-41.55053710937,28.532958984375,5.));
#5756 = VECTOR('',#5757,1.);
#5757 = DIRECTION('',(-0.,-0.,-1.));
#5758 = PCURVE('',#5255,#5759);
#5759 = DEFINITIONAL_REPRESENTATION('',(#5760),#5764);
#5760 = LINE('',#5761,#5762);
#5761 = CARTESIAN_POINT('',(1.,0.));
#5762 = VECTOR('',#5763,1.);
#5763 = DIRECTION('',(0.,-1.));
#5764 = ( GEOMETRIC_REPRESENTATION_CONTEXT(2) 
PARAMETRIC_REPRESENTATION_CONTEXT() REPRESENTATION_CONTEXT('2D SPACE',''
  ) );
#5765 = PCURVE('',#5285,#5766);
#5766 = DEFINITIONAL_REPRESENTATION('',(#5767),#5771);
#5767 = LINE('',#5768,#5769);
#5768 = CARTESIAN_POINT('',(0.,0.));
#5769 = VECTOR('',#5770,1.);
#5770 = DIRECTION('',(0.,-1.));
#5771 = ( GEOMETRIC_REPRESENTATION_CONTEXT(2) 
PARAMETRIC_REPRESENTATION_CONTEXT() REPRESENTATION_CONTEXT('2D SPACE',''
  ) );
#5772 = ORIENTED_EDGE('',*,*,#5773,.F.);
#5773 = EDGE_CURVE('',#5727,#5751,#5774,.T.);
#5774 = SURFACE_CURVE('',#5775,(#5779,#5786),.PCURVE_S1.);
#5775 = B_SPLINE_CURVE_WITH_KNOTS('',2,(#5776,#5777,#5778),
  .UNSPECIFIED.,.F.,.F.,(3,3),(0.,1.),.PIECEWISE_BEZIER_KNOTS.);
#5776 = CARTESIAN_POINT('',(-40.44128417968,29.053466796875,5.));
#5777 = CARTESIAN_POINT('',(-41.13952636718,29.053466796875,5.));
#5778 = CARTESIAN_POINT('',(-41.55053710937,28.532958984375,5.));
#5779 = PCURVE('',#5255,#5780);
#5780 = DEFINITIONAL_REPRESENTATION('',(#5781),#5785);
#5781 = LINE('',#5782,#5783);
#5782 = CARTESIAN_POINT('',(0.,0.));
#5783 = VECTOR('',#5784,1.);
#5784 = DIRECTION('',(1.,0.));
#5785 = ( GEOMETRIC_REPRESENTATION_CONTEXT(2) 
PARAMETRIC_REPRESENTATION_CONTEXT() REPRESENTATION_CONTEXT('2D SPACE',''
  ) );
#5786 = PCURVE('',#5787,#5792);
#5787 = PLANE('',#5788);
#5788 = AXIS2_PLACEMENT_3D('',#5789,#5790,#5791);
#5789 = CARTESIAN_POINT('',(-46.,-39.,5.));
#5790 = DIRECTION('',(0.,0.,1.));
#5791 = DIRECTION('',(1.,0.,0.));
#5792 = DEFINITIONAL_REPRESENTATION('',(#5793),#5797);
#5793 = B_SPLINE_CURVE_WITH_KNOTS('',2,(#5794,#5795,#5796),
  .UNSPECIFIED.,.F.,.F.,(3,3),(0.,1.),.PIECEWISE_BEZIER_KNOTS.);
#5794 = CARTESIAN_POINT('',(5.558715820312,68.053466796875));
#5795 = CARTESIAN_POINT('',(4.860473632812,68.053466796875));
#5796 = CARTESIAN_POINT('',(4.449462890625,67.532958984375));
#5797 = ( GEOMETRIC_REPRESENTATION_CONTEXT(2) 
PARAMETRIC_REPRESENTATION_CONTEXT() REPRESENTATION_CONTEXT('2D SPACE',''
  ) );
#5798 = ADVANCED_FACE('',(#5799),#5285,.T.);
#5799 = FACE_BOUND('',#5800,.T.);
#5800 = EDGE_LOOP('',(#5801,#5802,#5803,#5826));
#5801 = ORIENTED_EDGE('',*,*,#5750,.T.);
#5802 = ORIENTED_EDGE('',*,*,#5269,.T.);
#5803 = ORIENTED_EDGE('',*,*,#5804,.F.);
#5804 = EDGE_CURVE('',#5805,#5270,#5807,.T.);
#5805 = VERTEX_POINT('',#5806);
#5806 = CARTESIAN_POINT('',(-41.96154785156,27.1142578125,5.));
#5807 = SURFACE_CURVE('',#5808,(#5812,#5819),.PCURVE_S1.);
#5808 = LINE('',#5809,#5810);
#5809 = CARTESIAN_POINT('',(-41.96154785156,27.1142578125,5.));
#5810 = VECTOR('',#5811,1.);
#5811 = DIRECTION('',(-0.,-0.,-1.));
#5812 = PCURVE('',#5285,#5813);
#5813 = DEFINITIONAL_REPRESENTATION('',(#5814),#5818);
#5814 = LINE('',#5815,#5816);
#5815 = CARTESIAN_POINT('',(1.,0.));
#5816 = VECTOR('',#5817,1.);
#5817 = DIRECTION('',(0.,-1.));
#5818 = ( GEOMETRIC_REPRESENTATION_CONTEXT(2) 
PARAMETRIC_REPRESENTATION_CONTEXT() REPRESENTATION_CONTEXT('2D SPACE',''
  ) );
#5819 = PCURVE('',#5315,#5820);
#5820 = DEFINITIONAL_REPRESENTATION('',(#5821),#5825);
#5821 = LINE('',#5822,#5823);
#5822 = CARTESIAN_POINT('',(0.,0.));
#5823 = VECTOR('',#5824,1.);
#5824 = DIRECTION('',(0.,-1.));
#5825 = ( GEOMETRIC_REPRESENTATION_CONTEXT(2) 
PARAMETRIC_REPRESENTATION_CONTEXT() REPRESENTATION_CONTEXT('2D SPACE',''
  ) );
#5826 = ORIENTED_EDGE('',*,*,#5827,.F.);
#5827 = EDGE_CURVE('',#5751,#5805,#5828,.T.);
#5828 = SURFACE_CURVE('',#5829,(#5833,#5840),.PCURVE_S1.);
#5829 = B_SPLINE_CURVE_WITH_KNOTS('',2,(#5830,#5831,#5832),
  .UNSPECIFIED.,.F.,.F.,(3,3),(0.,1.),.PIECEWISE_BEZIER_KNOTS.);
#5830 = CARTESIAN_POINT('',(-41.55053710937,28.532958984375,5.));
#5831 = CARTESIAN_POINT('',(-41.96154785156,28.012451171875,5.));
#5832 = CARTESIAN_POINT('',(-41.96154785156,27.1142578125,5.));
#5833 = PCURVE('',#5285,#5834);
#5834 = DEFINITIONAL_REPRESENTATION('',(#5835),#5839);
#5835 = LINE('',#5836,#5837);
#5836 = CARTESIAN_POINT('',(0.,0.));
#5837 = VECTOR('',#5838,1.);
#5838 = DIRECTION('',(1.,0.));
#5839 = ( GEOMETRIC_REPRESENTATION_CONTEXT(2) 
PARAMETRIC_REPRESENTATION_CONTEXT() REPRESENTATION_CONTEXT('2D SPACE',''
  ) );
#5840 = PCURVE('',#5787,#5841);
#5841 = DEFINITIONAL_REPRESENTATION('',(#5842),#5846);
#5842 = B_SPLINE_CURVE_WITH_KNOTS('',2,(#5843,#5844,#5845),
  .UNSPECIFIED.,.F.,.F.,(3,3),(0.,1.),.PIECEWISE_BEZIER_KNOTS.);
#5843 = CARTESIAN_POINT('',(4.449462890625,67.532958984375));
#5844 = CARTESIAN_POINT('',(4.038452148438,67.012451171875));
#5845 = CARTESIAN_POINT('',(4.038452148438,66.1142578125));
#5846 = ( GEOMETRIC_REPRESENTATION_CONTEXT(2) 
PARAMETRIC_REPRESENTATION_CONTEXT() REPRESENTATION_CONTEXT('2D SPACE',''
  ) );
#5847 = ADVANCED_FACE('',(#5848),#5315,.T.);
#5848 = FACE_BOUND('',#5849,.T.);
#5849 = EDGE_LOOP('',(#5850,#5851,#5852,#5875));
#5850 = ORIENTED_EDGE('',*,*,#5804,.T.);
#5851 = ORIENTED_EDGE('',*,*,#5299,.T.);
#5852 = ORIENTED_EDGE('',*,*,#5853,.F.);
#5853 = EDGE_CURVE('',#5854,#5300,#5856,.T.);
#5854 = VERTEX_POINT('',#5855);
#5855 = CARTESIAN_POINT('',(-41.55053710937,25.69873046875,5.));
#5856 = SURFACE_CURVE('',#5857,(#5861,#5868),.PCURVE_S1.);
#5857 = LINE('',#5858,#5859);
#5858 = CARTESIAN_POINT('',(-41.55053710937,25.69873046875,5.));
#5859 = VECTOR('',#5860,1.);
#5860 = DIRECTION('',(-0.,-0.,-1.));
#5861 = PCURVE('',#5315,#5862);
#5862 = DEFINITIONAL_REPRESENTATION('',(#5863),#5867);
#5863 = LINE('',#5864,#5865);
#5864 = CARTESIAN_POINT('',(1.,0.));
#5865 = VECTOR('',#5866,1.);
#5866 = DIRECTION('',(0.,-1.));
#5867 = ( GEOMETRIC_REPRESENTATION_CONTEXT(2) 
PARAMETRIC_REPRESENTATION_CONTEXT() REPRESENTATION_CONTEXT('2D SPACE',''
  ) );
#5868 = PCURVE('',#5345,#5869);
#5869 = DEFINITIONAL_REPRESENTATION('',(#5870),#5874);
#5870 = LINE('',#5871,#5872);
#5871 = CARTESIAN_POINT('',(0.,0.));
#5872 = VECTOR('',#5873,1.);
#5873 = DIRECTION('',(0.,-1.));
#5874 = ( GEOMETRIC_REPRESENTATION_CONTEXT(2) 
PARAMETRIC_REPRESENTATION_CONTEXT() REPRESENTATION_CONTEXT('2D SPACE',''
  ) );
#5875 = ORIENTED_EDGE('',*,*,#5876,.F.);
#5876 = EDGE_CURVE('',#5805,#5854,#5877,.T.);
#5877 = SURFACE_CURVE('',#5878,(#5882,#5889),.PCURVE_S1.);
#5878 = B_SPLINE_CURVE_WITH_KNOTS('',2,(#5879,#5880,#5881),
  .UNSPECIFIED.,.F.,.F.,(3,3),(0.,1.),.PIECEWISE_BEZIER_KNOTS.);
#5879 = CARTESIAN_POINT('',(-41.96154785156,27.1142578125,5.));
#5880 = CARTESIAN_POINT('',(-41.96154785156,26.21923828125,5.));
#5881 = CARTESIAN_POINT('',(-41.55053710937,25.69873046875,5.));
#5882 = PCURVE('',#5315,#5883);
#5883 = DEFINITIONAL_REPRESENTATION('',(#5884),#5888);
#5884 = LINE('',#5885,#5886);
#5885 = CARTESIAN_POINT('',(0.,0.));
#5886 = VECTOR('',#5887,1.);
#5887 = DIRECTION('',(1.,0.));
#5888 = ( GEOMETRIC_REPRESENTATION_CONTEXT(2) 
PARAMETRIC_REPRESENTATION_CONTEXT() REPRESENTATION_CONTEXT('2D SPACE',''
  ) );
#5889 = PCURVE('',#5787,#5890);
#5890 = DEFINITIONAL_REPRESENTATION('',(#5891),#5895);
#5891 = B_SPLINE_CURVE_WITH_KNOTS('',2,(#5892,#5893,#5894),
  .UNSPECIFIED.,.F.,.F.,(3,3),(0.,1.),.PIECEWISE_BEZIER_KNOTS.);
#5892 = CARTESIAN_POINT('',(4.038452148438,66.1142578125));
#5893 = CARTESIAN_POINT('',(4.038452148438,65.21923828125));
#5894 = CARTESIAN_POINT('',(4.449462890625,64.69873046875));
#5895 = ( GEOMETRIC_REPRESENTATION_CONTEXT(2) 
PARAMETRIC_REPRESENTATION_CONTEXT() REPRESENTATION_CONTEXT('2D SPACE',''
  ) );
#5896 = ADVANCED_FACE('',(#5897),#5345,.T.);
#5897 = FACE_BOUND('',#5898,.T.);
#5898 = EDGE_LOOP('',(#5899,#5900,#5901,#5924));
#5899 = ORIENTED_EDGE('',*,*,#5853,.T.);
#5900 = ORIENTED_EDGE('',*,*,#5329,.T.);
#5901 = ORIENTED_EDGE('',*,*,#5902,.F.);
#5902 = EDGE_CURVE('',#5903,#5330,#5905,.T.);
#5903 = VERTEX_POINT('',#5904);
#5904 = CARTESIAN_POINT('',(-40.44128417968,25.17822265625,5.));
#5905 = SURFACE_CURVE('',#5906,(#5910,#5917),.PCURVE_S1.);
#5906 = LINE('',#5907,#5908);
#5907 = CARTESIAN_POINT('',(-40.44128417968,25.17822265625,5.));
#5908 = VECTOR('',#5909,1.);
#5909 = DIRECTION('',(-0.,-0.,-1.));
#5910 = PCURVE('',#5345,#5911);
#5911 = DEFINITIONAL_REPRESENTATION('',(#5912),#5916);
#5912 = LINE('',#5913,#5914);
#5913 = CARTESIAN_POINT('',(1.,0.));
#5914 = VECTOR('',#5915,1.);
#5915 = DIRECTION('',(0.,-1.));
#5916 = ( GEOMETRIC_REPRESENTATION_CONTEXT(2) 
PARAMETRIC_REPRESENTATION_CONTEXT() REPRESENTATION_CONTEXT('2D SPACE',''
  ) );
#5917 = PCURVE('',#5375,#5918);
#5918 = DEFINITIONAL_REPRESENTATION('',(#5919),#5923);
#5919 = LINE('',#5920,#5921);
#5920 = CARTESIAN_POINT('',(0.,0.));
#5921 = VECTOR('',#5922,1.);
#5922 = DIRECTION('',(0.,-1.));
#5923 = ( GEOMETRIC_REPRESENTATION_CONTEXT(2) 
PARAMETRIC_REPRESENTATION_CONTEXT() REPRESENTATION_CONTEXT('2D SPACE',''
  ) );
#5924 = ORIENTED_EDGE('',*,*,#5925,.F.);
#5925 = EDGE_CURVE('',#5854,#5903,#5926,.T.);
#5926 = SURFACE_CURVE('',#5927,(#5931,#5938),.PCURVE_S1.);
#5927 = B_SPLINE_CURVE_WITH_KNOTS('',2,(#5928,#5929,#5930),
  .UNSPECIFIED.,.F.,.F.,(3,3),(0.,1.),.PIECEWISE_BEZIER_KNOTS.);
#5928 = CARTESIAN_POINT('',(-41.55053710937,25.69873046875,5.));
#5929 = CARTESIAN_POINT('',(-41.13952636718,25.17822265625,5.));
#5930 = CARTESIAN_POINT('',(-40.44128417968,25.17822265625,5.));
#5931 = PCURVE('',#5345,#5932);
#5932 = DEFINITIONAL_REPRESENTATION('',(#5933),#5937);
#5933 = LINE('',#5934,#5935);
#5934 = CARTESIAN_POINT('',(0.,0.));
#5935 = VECTOR('',#5936,1.);
#5936 = DIRECTION('',(1.,0.));
#5937 = ( GEOMETRIC_REPRESENTATION_CONTEXT(2) 
PARAMETRIC_REPRESENTATION_CONTEXT() REPRESENTATION_CONTEXT('2D SPACE',''
  ) );
#5938 = PCURVE('',#5787,#5939);
#5939 = DEFINITIONAL_REPRESENTATION('',(#5940),#5944);
#5940 = B_SPLINE_CURVE_WITH_KNOTS('',2,(#5941,#5942,#5943),
  .UNSPECIFIED.,.F.,.F.,(3,3),(0.,1.),.PIECEWISE_BEZIER_KNOTS.);
#5941 = CARTESIAN_POINT('',(4.449462890625,64.69873046875));
#5942 = CARTESIAN_POINT('',(4.860473632812,64.17822265625));
#5943 = CARTESIAN_POINT('',(5.558715820312,64.17822265625));
#5944 = ( GEOMETRIC_REPRESENTATION_CONTEXT(2) 
PARAMETRIC_REPRESENTATION_CONTEXT() REPRESENTATION_CONTEXT('2D SPACE',''
  ) );
#5945 = ADVANCED_FACE('',(#5946),#5375,.T.);
#5946 = FACE_BOUND('',#5947,.T.);
#5947 = EDGE_LOOP('',(#5948,#5949,#5950,#5973));
#5948 = ORIENTED_EDGE('',*,*,#5902,.T.);
#5949 = ORIENTED_EDGE('',*,*,#5359,.T.);
#5950 = ORIENTED_EDGE('',*,*,#5951,.F.);
#5951 = EDGE_CURVE('',#5952,#5360,#5954,.T.);
#5952 = VERTEX_POINT('',#5953);
#5953 = CARTESIAN_POINT('',(-39.33520507812,25.69873046875,5.));
#5954 = SURFACE_CURVE('',#5955,(#5959,#5966),.PCURVE_S1.);
#5955 = LINE('',#5956,#5957);
#5956 = CARTESIAN_POINT('',(-39.33520507812,25.69873046875,5.));
#5957 = VECTOR('',#5958,1.);
#5958 = DIRECTION('',(-0.,-0.,-1.));
#5959 = PCURVE('',#5375,#5960);
#5960 = DEFINITIONAL_REPRESENTATION('',(#5961),#5965);
#5961 = LINE('',#5962,#5963);
#5962 = CARTESIAN_POINT('',(1.,0.));
#5963 = VECTOR('',#5964,1.);
#5964 = DIRECTION('',(0.,-1.));
#5965 = ( GEOMETRIC_REPRESENTATION_CONTEXT(2) 
PARAMETRIC_REPRESENTATION_CONTEXT() REPRESENTATION_CONTEXT('2D SPACE',''
  ) );
#5966 = PCURVE('',#5405,#5967);
#5967 = DEFINITIONAL_REPRESENTATION('',(#5968),#5972);
#5968 = LINE('',#5969,#5970);
#5969 = CARTESIAN_POINT('',(0.,0.));
#5970 = VECTOR('',#5971,1.);
#5971 = DIRECTION('',(0.,-1.));
#5972 = ( GEOMETRIC_REPRESENTATION_CONTEXT(2) 
PARAMETRIC_REPRESENTATION_CONTEXT() REPRESENTATION_CONTEXT('2D SPACE',''
  ) );
#5973 = ORIENTED_EDGE('',*,*,#5974,.F.);
#5974 = EDGE_CURVE('',#5903,#5952,#5975,.T.);
#5975 = SURFACE_CURVE('',#5976,(#5980,#5987),.PCURVE_S1.);
#5976 = B_SPLINE_CURVE_WITH_KNOTS('',2,(#5977,#5978,#5979),
  .UNSPECIFIED.,.F.,.F.,(3,3),(0.,1.),.PIECEWISE_BEZIER_KNOTS.);
#5977 = CARTESIAN_POINT('',(-40.44128417968,25.17822265625,5.));
#5978 = CARTESIAN_POINT('',(-39.74304199218,25.17822265625,5.));
#5979 = CARTESIAN_POINT('',(-39.33520507812,25.69873046875,5.));
#5980 = PCURVE('',#5375,#5981);
#5981 = DEFINITIONAL_REPRESENTATION('',(#5982),#5986);
#5982 = LINE('',#5983,#5984);
#5983 = CARTESIAN_POINT('',(0.,0.));
#5984 = VECTOR('',#5985,1.);
#5985 = DIRECTION('',(1.,0.));
#5986 = ( GEOMETRIC_REPRESENTATION_CONTEXT(2) 
PARAMETRIC_REPRESENTATION_CONTEXT() REPRESENTATION_CONTEXT('2D SPACE',''
  ) );
#5987 = PCURVE('',#5787,#5988);
#5988 = DEFINITIONAL_REPRESENTATION('',(#5989),#5993);
#5989 = B_SPLINE_CURVE_WITH_KNOTS('',2,(#5990,#5991,#5992),
  .UNSPECIFIED.,.F.,.F.,(3,3),(0.,1.),.PIECEWISE_BEZIER_KNOTS.);
#5990 = CARTESIAN_POINT('',(5.558715820312,64.17822265625));
#5991 = CARTESIAN_POINT('',(6.256958007812,64.17822265625));
#5992 = CARTESIAN_POINT('',(6.664794921875,64.69873046875));
#5993 = ( GEOMETRIC_REPRESENTATION_CONTEXT(2) 
PARAMETRIC_REPRESENTATION_CONTEXT() REPRESENTATION_CONTEXT('2D SPACE',''
  ) );
#5994 = ADVANCED_FACE('',(#5995),#5405,.T.);
#5995 = FACE_BOUND('',#5996,.T.);
#5996 = EDGE_LOOP('',(#5997,#5998,#5999,#6022));
#5997 = ORIENTED_EDGE('',*,*,#5951,.T.);
#5998 = ORIENTED_EDGE('',*,*,#5389,.T.);
#5999 = ORIENTED_EDGE('',*,*,#6000,.F.);
#6000 = EDGE_CURVE('',#6001,#5390,#6003,.T.);
#6001 = VERTEX_POINT('',#6002);
#6002 = CARTESIAN_POINT('',(-38.92736816406,27.1142578125,5.));
#6003 = SURFACE_CURVE('',#6004,(#6008,#6015),.PCURVE_S1.);
#6004 = LINE('',#6005,#6006);
#6005 = CARTESIAN_POINT('',(-38.92736816406,27.1142578125,5.));
#6006 = VECTOR('',#6007,1.);
#6007 = DIRECTION('',(-0.,-0.,-1.));
#6008 = PCURVE('',#5405,#6009);
#6009 = DEFINITIONAL_REPRESENTATION('',(#6010),#6014);
#6010 = LINE('',#6011,#6012);
#6011 = CARTESIAN_POINT('',(1.,0.));
#6012 = VECTOR('',#6013,1.);
#6013 = DIRECTION('',(0.,-1.));
#6014 = ( GEOMETRIC_REPRESENTATION_CONTEXT(2) 
PARAMETRIC_REPRESENTATION_CONTEXT() REPRESENTATION_CONTEXT('2D SPACE',''
  ) );
#6015 = PCURVE('',#5435,#6016);
#6016 = DEFINITIONAL_REPRESENTATION('',(#6017),#6021);
#6017 = LINE('',#6018,#6019);
#6018 = CARTESIAN_POINT('',(0.,0.));
#6019 = VECTOR('',#6020,1.);
#6020 = DIRECTION('',(0.,-1.));
#6021 = ( GEOMETRIC_REPRESENTATION_CONTEXT(2) 
PARAMETRIC_REPRESENTATION_CONTEXT() REPRESENTATION_CONTEXT('2D SPACE',''
  ) );
#6022 = ORIENTED_EDGE('',*,*,#6023,.F.);
#6023 = EDGE_CURVE('',#5952,#6001,#6024,.T.);
#6024 = SURFACE_CURVE('',#6025,(#6029,#6036),.PCURVE_S1.);
#6025 = B_SPLINE_CURVE_WITH_KNOTS('',2,(#6026,#6027,#6028),
  .UNSPECIFIED.,.F.,.F.,(3,3),(0.,1.),.PIECEWISE_BEZIER_KNOTS.);
#6026 = CARTESIAN_POINT('',(-39.33520507812,25.69873046875,5.));
#6027 = CARTESIAN_POINT('',(-38.92736816406,26.21923828125,5.));
#6028 = CARTESIAN_POINT('',(-38.92736816406,27.1142578125,5.));
#6029 = PCURVE('',#5405,#6030);
#6030 = DEFINITIONAL_REPRESENTATION('',(#6031),#6035);
#6031 = LINE('',#6032,#6033);
#6032 = CARTESIAN_POINT('',(0.,0.));
#6033 = VECTOR('',#6034,1.);
#6034 = DIRECTION('',(1.,0.));
#6035 = ( GEOMETRIC_REPRESENTATION_CONTEXT(2) 
PARAMETRIC_REPRESENTATION_CONTEXT() REPRESENTATION_CONTEXT('2D SPACE',''
  ) );
#6036 = PCURVE('',#5787,#6037);
#6037 = DEFINITIONAL_REPRESENTATION('',(#6038),#6042);
#6038 = B_SPLINE_CURVE_WITH_KNOTS('',2,(#6039,#6040,#6041),
  .UNSPECIFIED.,.F.,.F.,(3,3),(0.,1.),.PIECEWISE_BEZIER_KNOTS.);
#6039 = CARTESIAN_POINT('',(6.664794921875,64.69873046875));
#6040 = CARTESIAN_POINT('',(7.072631835938,65.21923828125));
#6041 = CARTESIAN_POINT('',(7.072631835938,66.1142578125));
#6042 = ( GEOMETRIC_REPRESENTATION_CONTEXT(2) 
PARAMETRIC_REPRESENTATION_CONTEXT() REPRESENTATION_CONTEXT('2D SPACE',''
  ) );
#6043 = ADVANCED_FACE('',(#6044),#5435,.T.);
#6044 = FACE_BOUND('',#6045,.T.);
#6045 = EDGE_LOOP('',(#6046,#6047,#6048,#6071));
#6046 = ORIENTED_EDGE('',*,*,#6000,.T.);
#6047 = ORIENTED_EDGE('',*,*,#5419,.T.);
#6048 = ORIENTED_EDGE('',*,*,#6049,.F.);
#6049 = EDGE_CURVE('',#6050,#5420,#6052,.T.);
#6050 = VERTEX_POINT('',#6051);
#6051 = CARTESIAN_POINT('',(-39.33520507812,28.532958984375,5.));
#6052 = SURFACE_CURVE('',#6053,(#6057,#6064),.PCURVE_S1.);
#6053 = LINE('',#6054,#6055);
#6054 = CARTESIAN_POINT('',(-39.33520507812,28.532958984375,5.));
#6055 = VECTOR('',#6056,1.);
#6056 = DIRECTION('',(-0.,-0.,-1.));
#6057 = PCURVE('',#5435,#6058);
#6058 = DEFINITIONAL_REPRESENTATION('',(#6059),#6063);
#6059 = LINE('',#6060,#6061);
#6060 = CARTESIAN_POINT('',(1.,0.));
#6061 = VECTOR('',#6062,1.);
#6062 = DIRECTION('',(0.,-1.));
#6063 = ( GEOMETRIC_REPRESENTATION_CONTEXT(2) 
PARAMETRIC_REPRESENTATION_CONTEXT() REPRESENTATION_CONTEXT('2D SPACE',''
  ) );
#6064 = PCURVE('',#5463,#6065);
#6065 = DEFINITIONAL_REPRESENTATION('',(#6066),#6070);
#6066 = LINE('',#6067,#6068);
#6067 = CARTESIAN_POINT('',(0.,0.));
#6068 = VECTOR('',#6069,1.);
#6069 = DIRECTION('',(0.,-1.));
#6070 = ( GEOMETRIC_REPRESENTATION_CONTEXT(2) 
PARAMETRIC_REPRESENTATION_CONTEXT() REPRESENTATION_CONTEXT('2D SPACE',''
  ) );
#6071 = ORIENTED_EDGE('',*,*,#6072,.F.);
#6072 = EDGE_CURVE('',#6001,#6050,#6073,.T.);
#6073 = SURFACE_CURVE('',#6074,(#6078,#6085),.PCURVE_S1.);
#6074 = B_SPLINE_CURVE_WITH_KNOTS('',2,(#6075,#6076,#6077),
  .UNSPECIFIED.,.F.,.F.,(3,3),(0.,1.),.PIECEWISE_BEZIER_KNOTS.);
#6075 = CARTESIAN_POINT('',(-38.92736816406,27.1142578125,5.));
#6076 = CARTESIAN_POINT('',(-38.92736816406,28.012451171875,5.));
#6077 = CARTESIAN_POINT('',(-39.33520507812,28.532958984375,5.));
#6078 = PCURVE('',#5435,#6079);
#6079 = DEFINITIONAL_REPRESENTATION('',(#6080),#6084);
#6080 = LINE('',#6081,#6082);
#6081 = CARTESIAN_POINT('',(0.,0.));
#6082 = VECTOR('',#6083,1.);
#6083 = DIRECTION('',(1.,0.));
#6084 = ( GEOMETRIC_REPRESENTATION_CONTEXT(2) 
PARAMETRIC_REPRESENTATION_CONTEXT() REPRESENTATION_CONTEXT('2D SPACE',''
  ) );
#6085 = PCURVE('',#5787,#6086);
#6086 = DEFINITIONAL_REPRESENTATION('',(#6087),#6091);
#6087 = B_SPLINE_CURVE_WITH_KNOTS('',2,(#6088,#6089,#6090),
  .UNSPECIFIED.,.F.,.F.,(3,3),(0.,1.),.PIECEWISE_BEZIER_KNOTS.);
#6088 = CARTESIAN_POINT('',(7.072631835938,66.1142578125));
#6089 = CARTESIAN_POINT('',(7.072631835938,67.012451171875));
#6090 = CARTESIAN_POINT('',(6.664794921875,67.532958984375));
#6091 = ( GEOMETRIC_REPRESENTATION_CONTEXT(2) 
PARAMETRIC_REPRESENTATION_CONTEXT() REPRESENTATION_CONTEXT('2D SPACE',''
  ) );
#6092 = ADVANCED_FACE('',(#6093),#5463,.T.);
#6093 = FACE_BOUND('',#6094,.T.);
#6094 = EDGE_LOOP('',(#6095,#6096,#6097,#6098));
#6095 = ORIENTED_EDGE('',*,*,#6049,.T.);
#6096 = ORIENTED_EDGE('',*,*,#5449,.T.);
#6097 = ORIENTED_EDGE('',*,*,#5726,.F.);
#6098 = ORIENTED_EDGE('',*,*,#6099,.F.);
#6099 = EDGE_CURVE('',#6050,#5727,#6100,.T.);
#6100 = SURFACE_CURVE('',#6101,(#6105,#6112),.PCURVE_S1.);
#6101 = B_SPLINE_CURVE_WITH_KNOTS('',2,(#6102,#6103,#6104),
  .UNSPECIFIED.,.F.,.F.,(3,3),(0.,1.),.PIECEWISE_BEZIER_KNOTS.);
#6102 = CARTESIAN_POINT('',(-39.33520507812,28.532958984375,5.));
#6103 = CARTESIAN_POINT('',(-39.74304199218,29.053466796875,5.));
#6104 = CARTESIAN_POINT('',(-40.44128417968,29.053466796875,5.));
#6105 = PCURVE('',#5463,#6106);
#6106 = DEFINITIONAL_REPRESENTATION('',(#6107),#6111);
#6107 = LINE('',#6108,#6109);
#6108 = CARTESIAN_POINT('',(0.,0.));
#6109 = VECTOR('',#6110,1.);
#6110 = DIRECTION('',(1.,0.));
#6111 = ( GEOMETRIC_REPRESENTATION_CONTEXT(2) 
PARAMETRIC_REPRESENTATION_CONTEXT() REPRESENTATION_CONTEXT('2D SPACE',''
  ) );
#6112 = PCURVE('',#5787,#6113);
#6113 = DEFINITIONAL_REPRESENTATION('',(#6114),#6118);
#6114 = B_SPLINE_CURVE_WITH_KNOTS('',2,(#6115,#6116,#6117),
  .UNSPECIFIED.,.F.,.F.,(3,3),(0.,1.),.PIECEWISE_BEZIER_KNOTS.);
#6115 = CARTESIAN_POINT('',(6.664794921875,67.532958984375));
#6116 = CARTESIAN_POINT('',(6.256958007812,68.053466796875));
#6117 = CARTESIAN_POINT('',(5.558715820312,68.053466796875));
#6118 = ( GEOMETRIC_REPRESENTATION_CONTEXT(2) 
PARAMETRIC_REPRESENTATION_CONTEXT() REPRESENTATION_CONTEXT('2D SPACE',''
  ) );
#6119 = ADVANCED_FACE('',(#6120),#5509,.T.);
#6120 = FACE_BOUND('',#6121,.T.);
#6121 = EDGE_LOOP('',(#6122,#6145,#6146,#6169));
#6122 = ORIENTED_EDGE('',*,*,#6123,.T.);
#6123 = EDGE_CURVE('',#6124,#5492,#6126,.T.);
#6124 = VERTEX_POINT('',#6125);
#6125 = CARTESIAN_POINT('',(-35.80114746093,28.96142578125,5.));
#6126 = SURFACE_CURVE('',#6127,(#6131,#6138),.PCURVE_S1.);
#6127 = LINE('',#6128,#6129);
#6128 = CARTESIAN_POINT('',(-35.80114746093,28.96142578125,5.));
#6129 = VECTOR('',#6130,1.);
#6130 = DIRECTION('',(-0.,-0.,-1.));
#6131 = PCURVE('',#5509,#6132);
#6132 = DEFINITIONAL_REPRESENTATION('',(#6133),#6137);
#6133 = LINE('',#6134,#6135);
#6134 = CARTESIAN_POINT('',(0.,0.));
#6135 = VECTOR('',#6136,1.);
#6136 = DIRECTION('',(0.,-1.));
#6137 = ( GEOMETRIC_REPRESENTATION_CONTEXT(2) 
PARAMETRIC_REPRESENTATION_CONTEXT() REPRESENTATION_CONTEXT('2D SPACE',''
  ) );
#6138 = PCURVE('',#5681,#6139);
#6139 = DEFINITIONAL_REPRESENTATION('',(#6140),#6144);
#6140 = LINE('',#6141,#6142);
#6141 = CARTESIAN_POINT('',(1.,0.));
#6142 = VECTOR('',#6143,1.);
#6143 = DIRECTION('',(0.,-1.));
#6144 = ( GEOMETRIC_REPRESENTATION_CONTEXT(2) 
PARAMETRIC_REPRESENTATION_CONTEXT() REPRESENTATION_CONTEXT('2D SPACE',''
  ) );
#6145 = ORIENTED_EDGE('',*,*,#5491,.T.);
#6146 = ORIENTED_EDGE('',*,*,#6147,.F.);
#6147 = EDGE_CURVE('',#6148,#5494,#6150,.T.);
#6148 = VERTEX_POINT('',#6149);
#6149 = CARTESIAN_POINT('',(-36.60729980468,28.96142578125,5.));
#6150 = SURFACE_CURVE('',#6151,(#6155,#6162),.PCURVE_S1.);
#6151 = LINE('',#6152,#6153);
#6152 = CARTESIAN_POINT('',(-36.60729980468,28.96142578125,5.));
#6153 = VECTOR('',#6154,1.);
#6154 = DIRECTION('',(-0.,-0.,-1.));
#6155 = PCURVE('',#5509,#6156);
#6156 = DEFINITIONAL_REPRESENTATION('',(#6157),#6161);
#6157 = LINE('',#6158,#6159);
#6158 = CARTESIAN_POINT('',(0.80615234375,0.));
#6159 = VECTOR('',#6160,1.);
#6160 = DIRECTION('',(0.,-1.));
#6161 = ( GEOMETRIC_REPRESENTATION_CONTEXT(2) 
PARAMETRIC_REPRESENTATION_CONTEXT() REPRESENTATION_CONTEXT('2D SPACE',''
  ) );
#6162 = PCURVE('',#5537,#6163);
#6163 = DEFINITIONAL_REPRESENTATION('',(#6164),#6168);
#6164 = LINE('',#6165,#6166);
#6165 = CARTESIAN_POINT('',(0.,0.));
#6166 = VECTOR('',#6167,1.);
#6167 = DIRECTION('',(0.,-1.));
#6168 = ( GEOMETRIC_REPRESENTATION_CONTEXT(2) 
PARAMETRIC_REPRESENTATION_CONTEXT() REPRESENTATION_CONTEXT('2D SPACE',''
  ) );
#6169 = ORIENTED_EDGE('',*,*,#6170,.F.);
#6170 = EDGE_CURVE('',#6124,#6148,#6171,.T.);
#6171 = SURFACE_CURVE('',#6172,(#6176,#6183),.PCURVE_S1.);
#6172 = LINE('',#6173,#6174);
#6173 = CARTESIAN_POINT('',(-35.80114746093,28.96142578125,5.));
#6174 = VECTOR('',#6175,1.);
#6175 = DIRECTION('',(-1.,0.,0.));
#6176 = PCURVE('',#5509,#6177);
#6177 = DEFINITIONAL_REPRESENTATION('',(#6178),#6182);
#6178 = LINE('',#6179,#6180);
#6179 = CARTESIAN_POINT('',(0.,0.));
#6180 = VECTOR('',#6181,1.);
#6181 = DIRECTION('',(1.,0.));
#6182 = ( GEOMETRIC_REPRESENTATION_CONTEXT(2) 
PARAMETRIC_REPRESENTATION_CONTEXT() REPRESENTATION_CONTEXT('2D SPACE',''
  ) );
#6183 = PCURVE('',#6184,#6189);
#6184 = PLANE('',#6185);
#6185 = AXIS2_PLACEMENT_3D('',#6186,#6187,#6188);
#6186 = CARTESIAN_POINT('',(-46.,-39.,5.));
#6187 = DIRECTION('',(0.,0.,1.));
#6188 = DIRECTION('',(1.,0.,0.));
#6189 = DEFINITIONAL_REPRESENTATION('',(#6190),#6194);
#6190 = LINE('',#6191,#6192);
#6191 = CARTESIAN_POINT('',(10.198852539062,67.96142578125));
#6192 = VECTOR('',#6193,1.);
#6193 = DIRECTION('',(-1.,0.));
#6194 = ( GEOMETRIC_REPRESENTATION_CONTEXT(2) 
PARAMETRIC_REPRESENTATION_CONTEXT() REPRESENTATION_CONTEXT('2D SPACE',''
  ) );
#6195 = ADVANCED_FACE('',(#6196),#5537,.T.);
#6196 = FACE_BOUND('',#6197,.T.);
#6197 = EDGE_LOOP('',(#6198,#6199,#6200,#6223));
#6198 = ORIENTED_EDGE('',*,*,#6147,.T.);
#6199 = ORIENTED_EDGE('',*,*,#5521,.T.);
#6200 = ORIENTED_EDGE('',*,*,#6201,.F.);
#6201 = EDGE_CURVE('',#6202,#5522,#6204,.T.);
#6202 = VERTEX_POINT('',#6203);
#6203 = CARTESIAN_POINT('',(-36.60729980468,27.180908203125,5.));
#6204 = SURFACE_CURVE('',#6205,(#6209,#6216),.PCURVE_S1.);
#6205 = LINE('',#6206,#6207);
#6206 = CARTESIAN_POINT('',(-36.60729980468,27.180908203125,5.));
#6207 = VECTOR('',#6208,1.);
#6208 = DIRECTION('',(-0.,-0.,-1.));
#6209 = PCURVE('',#5537,#6210);
#6210 = DEFINITIONAL_REPRESENTATION('',(#6211),#6215);
#6211 = LINE('',#6212,#6213);
#6212 = CARTESIAN_POINT('',(1.780517578125,0.));
#6213 = VECTOR('',#6214,1.);
#6214 = DIRECTION('',(0.,-1.));
#6215 = ( GEOMETRIC_REPRESENTATION_CONTEXT(2) 
PARAMETRIC_REPRESENTATION_CONTEXT() REPRESENTATION_CONTEXT('2D SPACE',''
  ) );
#6216 = PCURVE('',#5565,#6217);
#6217 = DEFINITIONAL_REPRESENTATION('',(#6218),#6222);
#6218 = LINE('',#6219,#6220);
#6219 = CARTESIAN_POINT('',(0.,0.));
#6220 = VECTOR('',#6221,1.);
#6221 = DIRECTION('',(0.,-1.));
#6222 = ( GEOMETRIC_REPRESENTATION_CONTEXT(2) 
PARAMETRIC_REPRESENTATION_CONTEXT() REPRESENTATION_CONTEXT('2D SPACE',''
  ) );
#6223 = ORIENTED_EDGE('',*,*,#6224,.F.);
#6224 = EDGE_CURVE('',#6148,#6202,#6225,.T.);
#6225 = SURFACE_CURVE('',#6226,(#6230,#6237),.PCURVE_S1.);
#6226 = LINE('',#6227,#6228);
#6227 = CARTESIAN_POINT('',(-36.60729980468,28.96142578125,5.));
#6228 = VECTOR('',#6229,1.);
#6229 = DIRECTION('',(0.,-1.,0.));
#6230 = PCURVE('',#5537,#6231);
#6231 = DEFINITIONAL_REPRESENTATION('',(#6232),#6236);
#6232 = LINE('',#6233,#6234);
#6233 = CARTESIAN_POINT('',(0.,0.));
#6234 = VECTOR('',#6235,1.);
#6235 = DIRECTION('',(1.,0.));
#6236 = ( GEOMETRIC_REPRESENTATION_CONTEXT(2) 
PARAMETRIC_REPRESENTATION_CONTEXT() REPRESENTATION_CONTEXT('2D SPACE',''
  ) );
#6237 = PCURVE('',#6184,#6238);
#6238 = DEFINITIONAL_REPRESENTATION('',(#6239),#6243);
#6239 = LINE('',#6240,#6241);
#6240 = CARTESIAN_POINT('',(9.392700195312,67.96142578125));
#6241 = VECTOR('',#6242,1.);
#6242 = DIRECTION('',(0.,-1.));
#6243 = ( GEOMETRIC_REPRESENTATION_CONTEXT(2) 
PARAMETRIC_REPRESENTATION_CONTEXT() REPRESENTATION_CONTEXT('2D SPACE',''
  ) );
#6244 = ADVANCED_FACE('',(#6245),#5565,.T.);
#6245 = FACE_BOUND('',#6246,.T.);
#6246 = EDGE_LOOP('',(#6247,#6248,#6249,#6272));
#6247 = ORIENTED_EDGE('',*,*,#6201,.T.);
#6248 = ORIENTED_EDGE('',*,*,#5549,.T.);
#6249 = ORIENTED_EDGE('',*,*,#6250,.F.);
#6250 = EDGE_CURVE('',#6251,#5550,#6253,.T.);
#6251 = VERTEX_POINT('',#6252);
#6252 = CARTESIAN_POINT('',(-35.80114746093,27.180908203125,5.));
#6253 = SURFACE_CURVE('',#6254,(#6258,#6265),.PCURVE_S1.);
#6254 = LINE('',#6255,#6256);
#6255 = CARTESIAN_POINT('',(-35.80114746093,27.180908203125,5.));
#6256 = VECTOR('',#6257,1.);
#6257 = DIRECTION('',(-0.,-0.,-1.));
#6258 = PCURVE('',#5565,#6259);
#6259 = DEFINITIONAL_REPRESENTATION('',(#6260),#6264);
#6260 = LINE('',#6261,#6262);
#6261 = CARTESIAN_POINT('',(0.80615234375,0.));
#6262 = VECTOR('',#6263,1.);
#6263 = DIRECTION('',(0.,-1.));
#6264 = ( GEOMETRIC_REPRESENTATION_CONTEXT(2) 
PARAMETRIC_REPRESENTATION_CONTEXT() REPRESENTATION_CONTEXT('2D SPACE',''
  ) );
#6265 = PCURVE('',#5593,#6266);
#6266 = DEFINITIONAL_REPRESENTATION('',(#6267),#6271);
#6267 = LINE('',#6268,#6269);
#6268 = CARTESIAN_POINT('',(0.,0.));
#6269 = VECTOR('',#6270,1.);
#6270 = DIRECTION('',(0.,-1.));
#6271 = ( GEOMETRIC_REPRESENTATION_CONTEXT(2) 
PARAMETRIC_REPRESENTATION_CONTEXT() REPRESENTATION_CONTEXT('2D SPACE',''
  ) );
#6272 = ORIENTED_EDGE('',*,*,#6273,.F.);
#6273 = EDGE_CURVE('',#6202,#6251,#6274,.T.);
#6274 = SURFACE_CURVE('',#6275,(#6279,#6286),.PCURVE_S1.);
#6275 = LINE('',#6276,#6277);
#6276 = CARTESIAN_POINT('',(-36.60729980468,27.180908203125,5.));
#6277 = VECTOR('',#6278,1.);
#6278 = DIRECTION('',(1.,0.,0.));
#6279 = PCURVE('',#5565,#6280);
#6280 = DEFINITIONAL_REPRESENTATION('',(#6281),#6285);
#6281 = LINE('',#6282,#6283);
#6282 = CARTESIAN_POINT('',(0.,0.));
#6283 = VECTOR('',#6284,1.);
#6284 = DIRECTION('',(1.,0.));
#6285 = ( GEOMETRIC_REPRESENTATION_CONTEXT(2) 
PARAMETRIC_REPRESENTATION_CONTEXT() REPRESENTATION_CONTEXT('2D SPACE',''
  ) );
#6286 = PCURVE('',#6184,#6287);
#6287 = DEFINITIONAL_REPRESENTATION('',(#6288),#6292);
#6288 = LINE('',#6289,#6290);
#6289 = CARTESIAN_POINT('',(9.392700195312,66.180908203125));
#6290 = VECTOR('',#6291,1.);
#6291 = DIRECTION('',(1.,0.));
#6292 = ( GEOMETRIC_REPRESENTATION_CONTEXT(2) 
PARAMETRIC_REPRESENTATION_CONTEXT() REPRESENTATION_CONTEXT('2D SPACE',''
  ) );
#6293 = ADVANCED_FACE('',(#6294),#5593,.T.);
#6294 = FACE_BOUND('',#6295,.T.);
#6295 = EDGE_LOOP('',(#6296,#6297,#6298,#6321));
#6296 = ORIENTED_EDGE('',*,*,#6250,.T.);
#6297 = ORIENTED_EDGE('',*,*,#5577,.T.);
#6298 = ORIENTED_EDGE('',*,*,#6299,.F.);
#6299 = EDGE_CURVE('',#6300,#5578,#6302,.T.);
#6300 = VERTEX_POINT('',#6301);
#6301 = CARTESIAN_POINT('',(-35.10925292968,27.41259765625,5.));
#6302 = SURFACE_CURVE('',#6303,(#6307,#6314),.PCURVE_S1.);
#6303 = LINE('',#6304,#6305);
#6304 = CARTESIAN_POINT('',(-35.10925292968,27.41259765625,5.));
#6305 = VECTOR('',#6306,1.);
#6306 = DIRECTION('',(-0.,-0.,-1.));
#6307 = PCURVE('',#5593,#6308);
#6308 = DEFINITIONAL_REPRESENTATION('',(#6309),#6313);
#6309 = LINE('',#6310,#6311);
#6310 = CARTESIAN_POINT('',(1.,0.));
#6311 = VECTOR('',#6312,1.);
#6312 = DIRECTION('',(0.,-1.));
#6313 = ( GEOMETRIC_REPRESENTATION_CONTEXT(2) 
PARAMETRIC_REPRESENTATION_CONTEXT() REPRESENTATION_CONTEXT('2D SPACE',''
  ) );
#6314 = PCURVE('',#5623,#6315);
#6315 = DEFINITIONAL_REPRESENTATION('',(#6316),#6320);
#6316 = LINE('',#6317,#6318);
#6317 = CARTESIAN_POINT('',(0.,0.));
#6318 = VECTOR('',#6319,1.);
#6319 = DIRECTION('',(0.,-1.));
#6320 = ( GEOMETRIC_REPRESENTATION_CONTEXT(2) 
PARAMETRIC_REPRESENTATION_CONTEXT() REPRESENTATION_CONTEXT('2D SPACE',''
  ) );
#6321 = ORIENTED_EDGE('',*,*,#6322,.F.);
#6322 = EDGE_CURVE('',#6251,#6300,#6323,.T.);
#6323 = SURFACE_CURVE('',#6324,(#6328,#6335),.PCURVE_S1.);
#6324 = B_SPLINE_CURVE_WITH_KNOTS('',2,(#6325,#6326,#6327),
  .UNSPECIFIED.,.F.,.F.,(3,3),(0.,1.),.PIECEWISE_BEZIER_KNOTS.);
#6325 = CARTESIAN_POINT('',(-35.80114746093,27.180908203125,5.));
#6326 = CARTESIAN_POINT('',(-35.35363769531,27.180908203125,5.));
#6327 = CARTESIAN_POINT('',(-35.10925292968,27.41259765625,5.));
#6328 = PCURVE('',#5593,#6329);
#6329 = DEFINITIONAL_REPRESENTATION('',(#6330),#6334);
#6330 = LINE('',#6331,#6332);
#6331 = CARTESIAN_POINT('',(0.,0.));
#6332 = VECTOR('',#6333,1.);
#6333 = DIRECTION('',(1.,0.));
#6334 = ( GEOMETRIC_REPRESENTATION_CONTEXT(2) 
PARAMETRIC_REPRESENTATION_CONTEXT() REPRESENTATION_CONTEXT('2D SPACE',''
  ) );
#6335 = PCURVE('',#6184,#6336);
#6336 = DEFINITIONAL_REPRESENTATION('',(#6337),#6341);
#6337 = B_SPLINE_CURVE_WITH_KNOTS('',2,(#6338,#6339,#6340),
  .UNSPECIFIED.,.F.,.F.,(3,3),(0.,1.),.PIECEWISE_BEZIER_KNOTS.);
#6338 = CARTESIAN_POINT('',(10.198852539062,66.180908203125));
#6339 = CARTESIAN_POINT('',(10.646362304688,66.180908203125));
#6340 = CARTESIAN_POINT('',(10.890747070312,66.41259765625));
#6341 = ( GEOMETRIC_REPRESENTATION_CONTEXT(2) 
PARAMETRIC_REPRESENTATION_CONTEXT() REPRESENTATION_CONTEXT('2D SPACE',''
  ) );
#6342 = ADVANCED_FACE('',(#6343),#5623,.T.);
#6343 = FACE_BOUND('',#6344,.T.);
#6344 = EDGE_LOOP('',(#6345,#6346,#6347,#6370));
#6345 = ORIENTED_EDGE('',*,*,#6299,.T.);
#6346 = ORIENTED_EDGE('',*,*,#5607,.T.);
#6347 = ORIENTED_EDGE('',*,*,#6348,.F.);
#6348 = EDGE_CURVE('',#6349,#5608,#6351,.T.);
#6349 = VERTEX_POINT('',#6350);
#6350 = CARTESIAN_POINT('',(-34.86486816406,28.07275390625,5.));
#6351 = SURFACE_CURVE('',#6352,(#6356,#6363),.PCURVE_S1.);
#6352 = LINE('',#6353,#6354);
#6353 = CARTESIAN_POINT('',(-34.86486816406,28.07275390625,5.));
#6354 = VECTOR('',#6355,1.);
#6355 = DIRECTION('',(-0.,-0.,-1.));
#6356 = PCURVE('',#5623,#6357);
#6357 = DEFINITIONAL_REPRESENTATION('',(#6358),#6362);
#6358 = LINE('',#6359,#6360);
#6359 = CARTESIAN_POINT('',(1.,0.));
#6360 = VECTOR('',#6361,1.);
#6361 = DIRECTION('',(0.,-1.));
#6362 = ( GEOMETRIC_REPRESENTATION_CONTEXT(2) 
PARAMETRIC_REPRESENTATION_CONTEXT() REPRESENTATION_CONTEXT('2D SPACE',''
  ) );
#6363 = PCURVE('',#5653,#6364);
#6364 = DEFINITIONAL_REPRESENTATION('',(#6365),#6369);
#6365 = LINE('',#6366,#6367);
#6366 = CARTESIAN_POINT('',(0.,0.));
#6367 = VECTOR('',#6368,1.);
#6368 = DIRECTION('',(0.,-1.));
#6369 = ( GEOMETRIC_REPRESENTATION_CONTEXT(2) 
PARAMETRIC_REPRESENTATION_CONTEXT() REPRESENTATION_CONTEXT('2D SPACE',''
  ) );
#6370 = ORIENTED_EDGE('',*,*,#6371,.F.);
#6371 = EDGE_CURVE('',#6300,#6349,#6372,.T.);
#6372 = SURFACE_CURVE('',#6373,(#6377,#6384),.PCURVE_S1.);
#6373 = B_SPLINE_CURVE_WITH_KNOTS('',2,(#6374,#6375,#6376),
  .UNSPECIFIED.,.F.,.F.,(3,3),(0.,1.),.PIECEWISE_BEZIER_KNOTS.);
#6374 = CARTESIAN_POINT('',(-35.10925292968,27.41259765625,5.));
#6375 = CARTESIAN_POINT('',(-34.86486816406,27.644287109375,5.));
#6376 = CARTESIAN_POINT('',(-34.86486816406,28.07275390625,5.));
#6377 = PCURVE('',#5623,#6378);
#6378 = DEFINITIONAL_REPRESENTATION('',(#6379),#6383);
#6379 = LINE('',#6380,#6381);
#6380 = CARTESIAN_POINT('',(0.,0.));
#6381 = VECTOR('',#6382,1.);
#6382 = DIRECTION('',(1.,0.));
#6383 = ( GEOMETRIC_REPRESENTATION_CONTEXT(2) 
PARAMETRIC_REPRESENTATION_CONTEXT() REPRESENTATION_CONTEXT('2D SPACE',''
  ) );
#6384 = PCURVE('',#6184,#6385);
#6385 = DEFINITIONAL_REPRESENTATION('',(#6386),#6390);
#6386 = B_SPLINE_CURVE_WITH_KNOTS('',2,(#6387,#6388,#6389),
  .UNSPECIFIED.,.F.,.F.,(3,3),(0.,1.),.PIECEWISE_BEZIER_KNOTS.);
#6387 = CARTESIAN_POINT('',(10.890747070312,66.41259765625));
#6388 = CARTESIAN_POINT('',(11.135131835938,66.644287109375));
#6389 = CARTESIAN_POINT('',(11.135131835938,67.07275390625));
#6390 = ( GEOMETRIC_REPRESENTATION_CONTEXT(2) 
PARAMETRIC_REPRESENTATION_CONTEXT() REPRESENTATION_CONTEXT('2D SPACE',''
  ) );
#6391 = ADVANCED_FACE('',(#6392),#5653,.T.);
#6392 = FACE_BOUND('',#6393,.T.);
#6393 = EDGE_LOOP('',(#6394,#6395,#6396,#6419));
#6394 = ORIENTED_EDGE('',*,*,#6348,.T.);
#6395 = ORIENTED_EDGE('',*,*,#5637,.T.);
#6396 = ORIENTED_EDGE('',*,*,#6397,.F.);
#6397 = EDGE_CURVE('',#6398,#5638,#6400,.T.);
#6398 = VERTEX_POINT('',#6399);
#6399 = CARTESIAN_POINT('',(-35.10925292968,28.729736328125,5.));
#6400 = SURFACE_CURVE('',#6401,(#6405,#6412),.PCURVE_S1.);
#6401 = LINE('',#6402,#6403);
#6402 = CARTESIAN_POINT('',(-35.10925292968,28.729736328125,5.));
#6403 = VECTOR('',#6404,1.);
#6404 = DIRECTION('',(-0.,-0.,-1.));
#6405 = PCURVE('',#5653,#6406);
#6406 = DEFINITIONAL_REPRESENTATION('',(#6407),#6411);
#6407 = LINE('',#6408,#6409);
#6408 = CARTESIAN_POINT('',(1.,0.));
#6409 = VECTOR('',#6410,1.);
#6410 = DIRECTION('',(0.,-1.));
#6411 = ( GEOMETRIC_REPRESENTATION_CONTEXT(2) 
PARAMETRIC_REPRESENTATION_CONTEXT() REPRESENTATION_CONTEXT('2D SPACE',''
  ) );
#6412 = PCURVE('',#5681,#6413);
#6413 = DEFINITIONAL_REPRESENTATION('',(#6414),#6418);
#6414 = LINE('',#6415,#6416);
#6415 = CARTESIAN_POINT('',(0.,0.));
#6416 = VECTOR('',#6417,1.);
#6417 = DIRECTION('',(0.,-1.));
#6418 = ( GEOMETRIC_REPRESENTATION_CONTEXT(2) 
PARAMETRIC_REPRESENTATION_CONTEXT() REPRESENTATION_CONTEXT('2D SPACE',''
  ) );
#6419 = ORIENTED_EDGE('',*,*,#6420,.F.);
#6420 = EDGE_CURVE('',#6349,#6398,#6421,.T.);
#6421 = SURFACE_CURVE('',#6422,(#6426,#6433),.PCURVE_S1.);
#6422 = B_SPLINE_CURVE_WITH_KNOTS('',2,(#6423,#6424,#6425),
  .UNSPECIFIED.,.F.,.F.,(3,3),(0.,1.),.PIECEWISE_BEZIER_KNOTS.);
#6423 = CARTESIAN_POINT('',(-34.86486816406,28.07275390625,5.));
#6424 = CARTESIAN_POINT('',(-34.86486816406,28.498046875,5.));
#6425 = CARTESIAN_POINT('',(-35.10925292968,28.729736328125,5.));
#6426 = PCURVE('',#5653,#6427);
#6427 = DEFINITIONAL_REPRESENTATION('',(#6428),#6432);
#6428 = LINE('',#6429,#6430);
#6429 = CARTESIAN_POINT('',(0.,0.));
#6430 = VECTOR('',#6431,1.);
#6431 = DIRECTION('',(1.,0.));
#6432 = ( GEOMETRIC_REPRESENTATION_CONTEXT(2) 
PARAMETRIC_REPRESENTATION_CONTEXT() REPRESENTATION_CONTEXT('2D SPACE',''
  ) );
#6433 = PCURVE('',#6184,#6434);
#6434 = DEFINITIONAL_REPRESENTATION('',(#6435),#6439);
#6435 = B_SPLINE_CURVE_WITH_KNOTS('',2,(#6436,#6437,#6438),
  .UNSPECIFIED.,.F.,.F.,(3,3),(0.,1.),.PIECEWISE_BEZIER_KNOTS.);
#6436 = CARTESIAN_POINT('',(11.135131835938,67.07275390625));
#6437 = CARTESIAN_POINT('',(11.135131835938,67.498046875));
#6438 = CARTESIAN_POINT('',(10.890747070312,67.729736328125));
#6439 = ( GEOMETRIC_REPRESENTATION_CONTEXT(2) 
PARAMETRIC_REPRESENTATION_CONTEXT() REPRESENTATION_CONTEXT('2D SPACE',''
  ) );
#6440 = ADVANCED_FACE('',(#6441),#5681,.T.);
#6441 = FACE_BOUND('',#6442,.T.);
#6442 = EDGE_LOOP('',(#6443,#6444,#6445,#6446));
#6443 = ORIENTED_EDGE('',*,*,#6397,.T.);
#6444 = ORIENTED_EDGE('',*,*,#5667,.T.);
#6445 = ORIENTED_EDGE('',*,*,#6123,.F.);
#6446 = ORIENTED_EDGE('',*,*,#6447,.F.);
#6447 = EDGE_CURVE('',#6398,#6124,#6448,.T.);
#6448 = SURFACE_CURVE('',#6449,(#6453,#6460),.PCURVE_S1.);
#6449 = B_SPLINE_CURVE_WITH_KNOTS('',2,(#6450,#6451,#6452),
  .UNSPECIFIED.,.F.,.F.,(3,3),(0.,1.),.PIECEWISE_BEZIER_KNOTS.);
#6450 = CARTESIAN_POINT('',(-35.10925292968,28.729736328125,5.));
#6451 = CARTESIAN_POINT('',(-35.35363769531,28.96142578125,5.));
#6452 = CARTESIAN_POINT('',(-35.80114746093,28.96142578125,5.));
#6453 = PCURVE('',#5681,#6454);
#6454 = DEFINITIONAL_REPRESENTATION('',(#6455),#6459);
#6455 = LINE('',#6456,#6457);
#6456 = CARTESIAN_POINT('',(0.,0.));
#6457 = VECTOR('',#6458,1.);
#6458 = DIRECTION('',(1.,0.));
#6459 = ( GEOMETRIC_REPRESENTATION_CONTEXT(2) 
PARAMETRIC_REPRESENTATION_CONTEXT() REPRESENTATION_CONTEXT('2D SPACE',''
  ) );
#6460 = PCURVE('',#6184,#6461);
#6461 = DEFINITIONAL_REPRESENTATION('',(#6462),#6466);
#6462 = B_SPLINE_CURVE_WITH_KNOTS('',2,(#6463,#6464,#6465),
  .UNSPECIFIED.,.F.,.F.,(3,3),(0.,1.),.PIECEWISE_BEZIER_KNOTS.);
#6463 = CARTESIAN_POINT('',(10.890747070312,67.729736328125));
#6464 = CARTESIAN_POINT('',(10.646362304688,67.96142578125));
#6465 = CARTESIAN_POINT('',(10.198852539062,67.96142578125));
#6466 = ( GEOMETRIC_REPRESENTATION_CONTEXT(2) 
PARAMETRIC_REPRESENTATION_CONTEXT() REPRESENTATION_CONTEXT('2D SPACE',''
  ) );
#6467 = ADVANCED_FACE('',(#6468),#5787,.T.);
#6468 = FACE_BOUND('',#6469,.T.);
#6469 = EDGE_LOOP('',(#6470,#6471,#6472,#6473,#6474,#6475,#6476,#6477));
#6470 = ORIENTED_EDGE('',*,*,#6099,.T.);
#6471 = ORIENTED_EDGE('',*,*,#5773,.T.);
#6472 = ORIENTED_EDGE('',*,*,#5827,.T.);
#6473 = ORIENTED_EDGE('',*,*,#5876,.T.);
#6474 = ORIENTED_EDGE('',*,*,#5925,.T.);
#6475 = ORIENTED_EDGE('',*,*,#5974,.T.);
#6476 = ORIENTED_EDGE('',*,*,#6023,.T.);
#6477 = ORIENTED_EDGE('',*,*,#6072,.T.);
#6478 = ADVANCED_FACE('',(#6479),#6184,.T.);
#6479 = FACE_BOUND('',#6480,.T.);
#6480 = EDGE_LOOP('',(#6481,#6482,#6483,#6484,#6485,#6486,#6487));
#6481 = ORIENTED_EDGE('',*,*,#6447,.T.);
#6482 = ORIENTED_EDGE('',*,*,#6170,.T.);
#6483 = ORIENTED_EDGE('',*,*,#6224,.T.);
#6484 = ORIENTED_EDGE('',*,*,#6273,.T.);
#6485 = ORIENTED_EDGE('',*,*,#6322,.T.);
#6486 = ORIENTED_EDGE('',*,*,#6371,.T.);
#6487 = ORIENTED_EDGE('',*,*,#6420,.T.);
#6488 = ( GEOMETRIC_REPRESENTATION_CONTEXT(3) 
GLOBAL_UNCERTAINTY_ASSIGNED_CONTEXT((#6492)) 
GLOBAL_UNIT_ASSIGNED_CONTEXT((#6489,#6490,#6491)) REPRESENTATION_CONTEXT
('Context #1','3D Context with UNIT and UNCERTAINTY') );
#6489 = ( LENGTH_UNIT() NAMED_UNIT(*) SI_UNIT(.MILLI.,.METRE.) );
#6490 = ( NAMED_UNIT(*) PLANE_ANGLE_UNIT() SI_UNIT($,.RADIAN.) );
#6491 = ( NAMED_UNIT(*) SI_UNIT($,.STERADIAN.) SOLID_ANGLE_UNIT() );
#6492 = UNCERTAINTY_MEASURE_WITH_UNIT(LENGTH_MEASURE(2.E-07),#6489,
  'distance_accuracy_value','confusion accuracy');
#6493 = CONTEXT_DEPENDENT_SHAPE_REPRESENTATION(#6494,#6496);
#6494 = ( REPRESENTATION_RELATIONSHIP('','',#36,#10) 
REPRESENTATION_RELATIONSHIP_WITH_TRANSFORMATION(#6495) 
SHAPE_REPRESENTATION_RELATIONSHIP() );
#6495 = ITEM_DEFINED_TRANSFORMATION('','',#11,#15);
#6496 = PRODUCT_DEFINITION_SHAPE('Placement','Placement of an item',
  #6497);
#6497 = NEXT_ASSEMBLY_USAGE_OCCURRENCE('295','','',#5,#31,$);
#6498 = PRODUCT_RELATED_PRODUCT_CATEGORY('part',$,(#33));
#6499 = SHAPE_DEFINITION_REPRESENTATION(#6500,#6506);
#6500 = PRODUCT_DEFINITION_SHAPE('','',#6501);
#6501 = PRODUCT_DEFINITION('design','',#6502,#6505);
#6502 = PRODUCT_DEFINITION_FORMATION('','',#6503);
#6503 = PRODUCT('Open CASCADE STEP translator 7.7 26.2',
  'Open CASCADE STEP translator 7.7 26.2','',(#6504));
#6504 = PRODUCT_CONTEXT('',#2,'mechanical');
#6505 = PRODUCT_DEFINITION_CONTEXT('part definition',#2,'design');
#6506 = ADVANCED_BREP_SHAPE_REPRESENTATION('',(#11,#6507),#10127);
#6507 = MANIFOLD_SOLID_BREP('',#6508);
#6508 = CLOSED_SHELL('',(#6509,#6629,#6705,#7448,#7497,#7524,#7531,#7607
    ,#7656,#7705,#7754,#7803,#7852,#7901,#7950,#7977,#8053,#8102,#8151,
    #8200,#8249,#8298,#8347,#8374,#8450,#8499,#8548,#8597,#8646,#8695,
    #8722,#8940,#9037,#9253,#9329,#9378,#9427,#9476,#9525,#9574,#9601,
    #9677,#9726,#9753,#9829,#9878,#9927,#9976,#10025,#10074,#10101,
    #10111,#10117));
#6509 = ADVANCED_FACE('',(#6510),#6524,.F.);
#6510 = FACE_BOUND('',#6511,.F.);
#6511 = EDGE_LOOP('',(#6512,#6547,#6575,#6603));
#6512 = ORIENTED_EDGE('',*,*,#6513,.F.);
#6513 = EDGE_CURVE('',#6514,#6516,#6518,.T.);
#6514 = VERTEX_POINT('',#6515);
#6515 = CARTESIAN_POINT('',(81.,-25.,0.));
#6516 = VERTEX_POINT('',#6517);
#6517 = CARTESIAN_POINT('',(81.,-25.,3.));
#6518 = SURFACE_CURVE('',#6519,(#6523,#6535),.PCURVE_S1.);
#6519 = LINE('',#6520,#6521);
#6520 = CARTESIAN_POINT('',(81.,-25.,0.));
#6521 = VECTOR('',#6522,1.);
#6522 = DIRECTION('',(0.,0.,1.));
#6523 = PCURVE('',#6524,#6529);
#6524 = PLANE('',#6525);
#6525 = AXIS2_PLACEMENT_3D('',#6526,#6527,#6528);
#6526 = CARTESIAN_POINT('',(81.,-25.,0.));
#6527 = DIRECTION('',(1.,0.,0.));
#6528 = DIRECTION('',(0.,0.,1.));
#6529 = DEFINITIONAL_REPRESENTATION('',(#6530),#6534);
#6530 = LINE('',#6531,#6532);
#6531 = CARTESIAN_POINT('',(0.,0.));
#6532 = VECTOR('',#6533,1.);
#6533 = DIRECTION('',(1.,0.));
#6534 = ( GEOMETRIC_REPRESENTATION_CONTEXT(2) 
PARAMETRIC_REPRESENTATION_CONTEXT() REPRESENTATION_CONTEXT('2D SPACE',''
  ) );
#6535 = PCURVE('',#6536,#6541);
#6536 = PLANE('',#6537);
#6537 = AXIS2_PLACEMENT_3D('',#6538,#6539,#6540);
#6538 = CARTESIAN_POINT('',(81.,-25.,0.));
#6539 = DIRECTION('',(0.,1.,0.));
#6540 = DIRECTION('',(0.,0.,1.));
#6541 = DEFINITIONAL_REPRESENTATION('',(#6542),#6546);
#6542 = LINE('',#6543,#6544);
#6543 = CARTESIAN_POINT('',(0.,0.));
#6544 = VECTOR('',#6545,1.);
#6545 = DIRECTION('',(1.,0.));
#6546 = ( GEOMETRIC_REPRESENTATION_CONTEXT(2) 
PARAMETRIC_REPRESENTATION_CONTEXT() REPRESENTATION_CONTEXT('2D SPACE',''
  ) );
#6547 = ORIENTED_EDGE('',*,*,#6548,.T.);
#6548 = EDGE_CURVE('',#6514,#6549,#6551,.T.);
#6549 = VERTEX_POINT('',#6550);
#6550 = CARTESIAN_POINT('',(81.,25.,0.));
#6551 = SURFACE_CURVE('',#6552,(#6556,#6563),.PCURVE_S1.);
#6552 = LINE('',#6553,#6554);
#6553 = CARTESIAN_POINT('',(81.,-25.,0.));
#6554 = VECTOR('',#6555,1.);
#6555 = DIRECTION('',(0.,1.,0.));
#6556 = PCURVE('',#6524,#6557);
#6557 = DEFINITIONAL_REPRESENTATION('',(#6558),#6562);
#6558 = LINE('',#6559,#6560);
#6559 = CARTESIAN_POINT('',(0.,0.));
#6560 = VECTOR('',#6561,1.);
#6561 = DIRECTION('',(0.,-1.));
#6562 = ( GEOMETRIC_REPRESENTATION_CONTEXT(2) 
PARAMETRIC_REPRESENTATION_CONTEXT() REPRESENTATION_CONTEXT('2D SPACE',''
  ) );
#6563 = PCURVE('',#6564,#6569);
#6564 = PLANE('',#6565);
#6565 = AXIS2_PLACEMENT_3D('',#6566,#6567,#6568);
#6566 = CARTESIAN_POINT('',(81.,-25.,0.));
#6567 = DIRECTION('',(0.,0.,1.));
#6568 = DIRECTION('',(1.,0.,0.));
#6569 = DEFINITIONAL_REPRESENTATION('',(#6570),#6574);
#6570 = LINE('',#6571,#6572);
#6571 = CARTESIAN_POINT('',(0.,0.));
#6572 = VECTOR('',#6573,1.);
#6573 = DIRECTION('',(0.,1.));
#6574 = ( GEOMETRIC_REPRESENTATION_CONTEXT(2) 
PARAMETRIC_REPRESENTATION_CONTEXT() REPRESENTATION_CONTEXT('2D SPACE',''
  ) );
#6575 = ORIENTED_EDGE('',*,*,#6576,.T.);
#6576 = EDGE_CURVE('',#6549,#6577,#6579,.T.);
#6577 = VERTEX_POINT('',#6578);
#6578 = CARTESIAN_POINT('',(81.,25.,3.));
#6579 = SURFACE_CURVE('',#6580,(#6584,#6591),.PCURVE_S1.);
#6580 = LINE('',#6581,#6582);
#6581 = CARTESIAN_POINT('',(81.,25.,0.));
#6582 = VECTOR('',#6583,1.);
#6583 = DIRECTION('',(0.,0.,1.));
#6584 = PCURVE('',#6524,#6585);
#6585 = DEFINITIONAL_REPRESENTATION('',(#6586),#6590);
#6586 = LINE('',#6587,#6588);
#6587 = CARTESIAN_POINT('',(0.,-50.));
#6588 = VECTOR('',#6589,1.);
#6589 = DIRECTION('',(1.,0.));
#6590 = ( GEOMETRIC_REPRESENTATION_CONTEXT(2) 
PARAMETRIC_REPRESENTATION_CONTEXT() REPRESENTATION_CONTEXT('2D SPACE',''
  ) );
#6591 = PCURVE('',#6592,#6597);
#6592 = PLANE('',#6593);
#6593 = AXIS2_PLACEMENT_3D('',#6594,#6595,#6596);
#6594 = CARTESIAN_POINT('',(81.,25.,0.));
#6595 = DIRECTION('',(0.,1.,0.));
#6596 = DIRECTION('',(0.,0.,1.));
#6597 = DEFINITIONAL_REPRESENTATION('',(#6598),#6602);
#6598 = LINE('',#6599,#6600);
#6599 = CARTESIAN_POINT('',(0.,0.));
#6600 = VECTOR('',#6601,1.);
#6601 = DIRECTION('',(1.,0.));
#6602 = ( GEOMETRIC_REPRESENTATION_CONTEXT(2) 
PARAMETRIC_REPRESENTATION_CONTEXT() REPRESENTATION_CONTEXT('2D SPACE',''
  ) );
#6603 = ORIENTED_EDGE('',*,*,#6604,.F.);
#6604 = EDGE_CURVE('',#6516,#6577,#6605,.T.);
#6605 = SURFACE_CURVE('',#6606,(#6610,#6617),.PCURVE_S1.);
#6606 = LINE('',#6607,#6608);
#6607 = CARTESIAN_POINT('',(81.,-25.,3.));
#6608 = VECTOR('',#6609,1.);
#6609 = DIRECTION('',(0.,1.,0.));
#6610 = PCURVE('',#6524,#6611);
#6611 = DEFINITIONAL_REPRESENTATION('',(#6612),#6616);
#6612 = LINE('',#6613,#6614);
#6613 = CARTESIAN_POINT('',(3.,0.));
#6614 = VECTOR('',#6615,1.);
#6615 = DIRECTION('',(0.,-1.));
#6616 = ( GEOMETRIC_REPRESENTATION_CONTEXT(2) 
PARAMETRIC_REPRESENTATION_CONTEXT() REPRESENTATION_CONTEXT('2D SPACE',''
  ) );
#6617 = PCURVE('',#6618,#6623);
#6618 = PLANE('',#6619);
#6619 = AXIS2_PLACEMENT_3D('',#6620,#6621,#6622);
#6620 = CARTESIAN_POINT('',(81.,-25.,3.));
#6621 = DIRECTION('',(0.,0.,1.));
#6622 = DIRECTION('',(1.,0.,0.));
#6623 = DEFINITIONAL_REPRESENTATION('',(#6624),#6628);
#6624 = LINE('',#6625,#6626);
#6625 = CARTESIAN_POINT('',(0.,0.));
#6626 = VECTOR('',#6627,1.);
#6627 = DIRECTION('',(0.,1.));
#6628 = ( GEOMETRIC_REPRESENTATION_CONTEXT(2) 
PARAMETRIC_REPRESENTATION_CONTEXT() REPRESENTATION_CONTEXT('2D SPACE',''
  ) );
#6629 = ADVANCED_FACE('',(#6630),#6536,.F.);
#6630 = FACE_BOUND('',#6631,.F.);
#6631 = EDGE_LOOP('',(#6632,#6655,#6656,#6679));
#6632 = ORIENTED_EDGE('',*,*,#6633,.F.);
#6633 = EDGE_CURVE('',#6514,#6634,#6636,.T.);
#6634 = VERTEX_POINT('',#6635);
#6635 = CARTESIAN_POINT('',(131.,-25.,0.));
#6636 = SURFACE_CURVE('',#6637,(#6641,#6648),.PCURVE_S1.);
#6637 = LINE('',#6638,#6639);
#6638 = CARTESIAN_POINT('',(81.,-25.,0.));
#6639 = VECTOR('',#6640,1.);
#6640 = DIRECTION('',(1.,0.,0.));
#6641 = PCURVE('',#6536,#6642);
#6642 = DEFINITIONAL_REPRESENTATION('',(#6643),#6647);
#6643 = LINE('',#6644,#6645);
#6644 = CARTESIAN_POINT('',(0.,0.));
#6645 = VECTOR('',#6646,1.);
#6646 = DIRECTION('',(0.,1.));
#6647 = ( GEOMETRIC_REPRESENTATION_CONTEXT(2) 
PARAMETRIC_REPRESENTATION_CONTEXT() REPRESENTATION_CONTEXT('2D SPACE',''
  ) );
#6648 = PCURVE('',#6564,#6649);
#6649 = DEFINITIONAL_REPRESENTATION('',(#6650),#6654);
#6650 = LINE('',#6651,#6652);
#6651 = CARTESIAN_POINT('',(0.,0.));
#6652 = VECTOR('',#6653,1.);
#6653 = DIRECTION('',(1.,0.));
#6654 = ( GEOMETRIC_REPRESENTATION_CONTEXT(2) 
PARAMETRIC_REPRESENTATION_CONTEXT() REPRESENTATION_CONTEXT('2D SPACE',''
  ) );
#6655 = ORIENTED_EDGE('',*,*,#6513,.T.);
#6656 = ORIENTED_EDGE('',*,*,#6657,.T.);
#6657 = EDGE_CURVE('',#6516,#6658,#6660,.T.);
#6658 = VERTEX_POINT('',#6659);
#6659 = CARTESIAN_POINT('',(131.,-25.,3.));
#6660 = SURFACE_CURVE('',#6661,(#6665,#6672),.PCURVE_S1.);
#6661 = LINE('',#6662,#6663);
#6662 = CARTESIAN_POINT('',(81.,-25.,3.));
#6663 = VECTOR('',#6664,1.);
#6664 = DIRECTION('',(1.,0.,0.));
#6665 = PCURVE('',#6536,#6666);
#6666 = DEFINITIONAL_REPRESENTATION('',(#6667),#6671);
#6667 = LINE('',#6668,#6669);
#6668 = CARTESIAN_POINT('',(3.,0.));
#6669 = VECTOR('',#6670,1.);
#6670 = DIRECTION('',(0.,1.));
#6671 = ( GEOMETRIC_REPRESENTATION_CONTEXT(2) 
PARAMETRIC_REPRESENTATION_CONTEXT() REPRESENTATION_CONTEXT('2D SPACE',''
  ) );
#6672 = PCURVE('',#6618,#6673);
#6673 = DEFINITIONAL_REPRESENTATION('',(#6674),#6678);
#6674 = LINE('',#6675,#6676);
#6675 = CARTESIAN_POINT('',(0.,0.));
#6676 = VECTOR('',#6677,1.);
#6677 = DIRECTION('',(1.,0.));
#6678 = ( GEOMETRIC_REPRESENTATION_CONTEXT(2) 
PARAMETRIC_REPRESENTATION_CONTEXT() REPRESENTATION_CONTEXT('2D SPACE',''
  ) );
#6679 = ORIENTED_EDGE('',*,*,#6680,.F.);
#6680 = EDGE_CURVE('',#6634,#6658,#6681,.T.);
#6681 = SURFACE_CURVE('',#6682,(#6686,#6693),.PCURVE_S1.);
#6682 = LINE('',#6683,#6684);
#6683 = CARTESIAN_POINT('',(131.,-25.,0.));
#6684 = VECTOR('',#6685,1.);
#6685 = DIRECTION('',(0.,0.,1.));
#6686 = PCURVE('',#6536,#6687);
#6687 = DEFINITIONAL_REPRESENTATION('',(#6688),#6692);
#6688 = LINE('',#6689,#6690);
#6689 = CARTESIAN_POINT('',(0.,50.));
#6690 = VECTOR('',#6691,1.);
#6691 = DIRECTION('',(1.,0.));
#6692 = ( GEOMETRIC_REPRESENTATION_CONTEXT(2) 
PARAMETRIC_REPRESENTATION_CONTEXT() REPRESENTATION_CONTEXT('2D SPACE',''
  ) );
#6693 = PCURVE('',#6694,#6699);
#6694 = PLANE('',#6695);
#6695 = AXIS2_PLACEMENT_3D('',#6696,#6697,#6698);
#6696 = CARTESIAN_POINT('',(131.,-25.,0.));
#6697 = DIRECTION('',(1.,0.,0.));
#6698 = DIRECTION('',(0.,0.,1.));
#6699 = DEFINITIONAL_REPRESENTATION('',(#6700),#6704);
#6700 = LINE('',#6701,#6702);
#6701 = CARTESIAN_POINT('',(0.,0.));
#6702 = VECTOR('',#6703,1.);
#6703 = DIRECTION('',(1.,0.));
#6704 = ( GEOMETRIC_REPRESENTATION_CONTEXT(2) 
PARAMETRIC_REPRESENTATION_CONTEXT() REPRESENTATION_CONTEXT('2D SPACE',''
  ) );
#6705 = ADVANCED_FACE('',(#6706,#6754,#7016,#7242),#6618,.T.);
#6706 = FACE_BOUND('',#6707,.T.);
#6707 = EDGE_LOOP('',(#6708,#6709,#6710,#6733));
#6708 = ORIENTED_EDGE('',*,*,#6604,.F.);
#6709 = ORIENTED_EDGE('',*,*,#6657,.T.);
#6710 = ORIENTED_EDGE('',*,*,#6711,.T.);
#6711 = EDGE_CURVE('',#6658,#6712,#6714,.T.);
#6712 = VERTEX_POINT('',#6713);
#6713 = CARTESIAN_POINT('',(131.,25.,3.));
#6714 = SURFACE_CURVE('',#6715,(#6719,#6726),.PCURVE_S1.);
#6715 = LINE('',#6716,#6717);
#6716 = CARTESIAN_POINT('',(131.,-25.,3.));
#6717 = VECTOR('',#6718,1.);
#6718 = DIRECTION('',(0.,1.,0.));
#6719 = PCURVE('',#6618,#6720);
#6720 = DEFINITIONAL_REPRESENTATION('',(#6721),#6725);
#6721 = LINE('',#6722,#6723);
#6722 = CARTESIAN_POINT('',(50.,0.));
#6723 = VECTOR('',#6724,1.);
#6724 = DIRECTION('',(0.,1.));
#6725 = ( GEOMETRIC_REPRESENTATION_CONTEXT(2) 
PARAMETRIC_REPRESENTATION_CONTEXT() REPRESENTATION_CONTEXT('2D SPACE',''
  ) );
#6726 = PCURVE('',#6694,#6727);
#6727 = DEFINITIONAL_REPRESENTATION('',(#6728),#6732);
#6728 = LINE('',#6729,#6730);
#6729 = CARTESIAN_POINT('',(3.,0.));
#6730 = VECTOR('',#6731,1.);
#6731 = DIRECTION('',(0.,-1.));
#6732 = ( GEOMETRIC_REPRESENTATION_CONTEXT(2) 
PARAMETRIC_REPRESENTATION_CONTEXT() REPRESENTATION_CONTEXT('2D SPACE',''
  ) );
#6733 = ORIENTED_EDGE('',*,*,#6734,.F.);
#6734 = EDGE_CURVE('',#6577,#6712,#6735,.T.);
#6735 = SURFACE_CURVE('',#6736,(#6740,#6747),.PCURVE_S1.);
#6736 = LINE('',#6737,#6738);
#6737 = CARTESIAN_POINT('',(81.,25.,3.));
#6738 = VECTOR('',#6739,1.);
#6739 = DIRECTION('',(1.,0.,0.));
#6740 = PCURVE('',#6618,#6741);
#6741 = DEFINITIONAL_REPRESENTATION('',(#6742),#6746);
#6742 = LINE('',#6743,#6744);
#6743 = CARTESIAN_POINT('',(0.,50.));
#6744 = VECTOR('',#6745,1.);
#6745 = DIRECTION('',(1.,0.));
#6746 = ( GEOMETRIC_REPRESENTATION_CONTEXT(2) 
PARAMETRIC_REPRESENTATION_CONTEXT() REPRESENTATION_CONTEXT('2D SPACE',''
  ) );
#6747 = PCURVE('',#6592,#6748);
#6748 = DEFINITIONAL_REPRESENTATION('',(#6749),#6753);
#6749 = LINE('',#6750,#6751);
#6750 = CARTESIAN_POINT('',(3.,0.));
#6751 = VECTOR('',#6752,1.);
#6752 = DIRECTION('',(0.,1.));
#6753 = ( GEOMETRIC_REPRESENTATION_CONTEXT(2) 
PARAMETRIC_REPRESENTATION_CONTEXT() REPRESENTATION_CONTEXT('2D SPACE',''
  ) );
#6754 = FACE_BOUND('',#6755,.T.);
#6755 = EDGE_LOOP('',(#6756,#6786,#6814,#6842,#6872,#6902,#6932,#6962,
    #6990));
#6756 = ORIENTED_EDGE('',*,*,#6757,.T.);
#6757 = EDGE_CURVE('',#6758,#6760,#6762,.T.);
#6758 = VERTEX_POINT('',#6759);
#6759 = CARTESIAN_POINT('',(90.4013671875,-21.42333984375,3.));
#6760 = VERTEX_POINT('',#6761);
#6761 = CARTESIAN_POINT('',(89.7109375,-21.42333984375,3.));
#6762 = SURFACE_CURVE('',#6763,(#6767,#6774),.PCURVE_S1.);
#6763 = LINE('',#6764,#6765);
#6764 = CARTESIAN_POINT('',(90.4013671875,-21.42333984375,3.));
#6765 = VECTOR('',#6766,1.);
#6766 = DIRECTION('',(-1.,0.,0.));
#6767 = PCURVE('',#6618,#6768);
#6768 = DEFINITIONAL_REPRESENTATION('',(#6769),#6773);
#6769 = LINE('',#6770,#6771);
#6770 = CARTESIAN_POINT('',(9.4013671875,3.57666015625));
#6771 = VECTOR('',#6772,1.);
#6772 = DIRECTION('',(-1.,0.));
#6773 = ( GEOMETRIC_REPRESENTATION_CONTEXT(2) 
PARAMETRIC_REPRESENTATION_CONTEXT() REPRESENTATION_CONTEXT('2D SPACE',''
  ) );
#6774 = PCURVE('',#6775,#6780);
#6775 = PLANE('',#6776);
#6776 = AXIS2_PLACEMENT_3D('',#6777,#6778,#6779);
#6777 = CARTESIAN_POINT('',(90.4013671875,-21.42333984375,3.));
#6778 = DIRECTION('',(0.,1.,0.));
#6779 = DIRECTION('',(-1.,0.,0.));
#6780 = DEFINITIONAL_REPRESENTATION('',(#6781),#6785);
#6781 = LINE('',#6782,#6783);
#6782 = CARTESIAN_POINT('',(0.,0.));
#6783 = VECTOR('',#6784,1.);
#6784 = DIRECTION('',(1.,0.));
#6785 = ( GEOMETRIC_REPRESENTATION_CONTEXT(2) 
PARAMETRIC_REPRESENTATION_CONTEXT() REPRESENTATION_CONTEXT('2D SPACE',''
  ) );
#6786 = ORIENTED_EDGE('',*,*,#6787,.T.);
#6787 = EDGE_CURVE('',#6760,#6788,#6790,.T.);
#6788 = VERTEX_POINT('',#6789);
#6789 = CARTESIAN_POINT('',(89.7109375,-16.3203125,3.));
#6790 = SURFACE_CURVE('',#6791,(#6795,#6802),.PCURVE_S1.);
#6791 = LINE('',#6792,#6793);
#6792 = CARTESIAN_POINT('',(89.7109375,-21.42333984375,3.));
#6793 = VECTOR('',#6794,1.);
#6794 = DIRECTION('',(0.,1.,0.));
#6795 = PCURVE('',#6618,#6796);
#6796 = DEFINITIONAL_REPRESENTATION('',(#6797),#6801);
#6797 = LINE('',#6798,#6799);
#6798 = CARTESIAN_POINT('',(8.7109375,3.57666015625));
#6799 = VECTOR('',#6800,1.);
#6800 = DIRECTION('',(0.,1.));
#6801 = ( GEOMETRIC_REPRESENTATION_CONTEXT(2) 
PARAMETRIC_REPRESENTATION_CONTEXT() REPRESENTATION_CONTEXT('2D SPACE',''
  ) );
#6802 = PCURVE('',#6803,#6808);
#6803 = PLANE('',#6804);
#6804 = AXIS2_PLACEMENT_3D('',#6805,#6806,#6807);
#6805 = CARTESIAN_POINT('',(89.7109375,-21.42333984375,3.));
#6806 = DIRECTION('',(1.,0.,0.));
#6807 = DIRECTION('',(0.,1.,0.));
#6808 = DEFINITIONAL_REPRESENTATION('',(#6809),#6813);
#6809 = LINE('',#6810,#6811);
#6810 = CARTESIAN_POINT('',(0.,0.));
#6811 = VECTOR('',#6812,1.);
#6812 = DIRECTION('',(1.,0.));
#6813 = ( GEOMETRIC_REPRESENTATION_CONTEXT(2) 
PARAMETRIC_REPRESENTATION_CONTEXT() REPRESENTATION_CONTEXT('2D SPACE',''
  ) );
#6814 = ORIENTED_EDGE('',*,*,#6815,.T.);
#6815 = EDGE_CURVE('',#6788,#6816,#6818,.T.);
#6816 = VERTEX_POINT('',#6817);
#6817 = CARTESIAN_POINT('',(91.26953125,-16.3203125,3.));
#6818 = SURFACE_CURVE('',#6819,(#6823,#6830),.PCURVE_S1.);
#6819 = LINE('',#6820,#6821);
#6820 = CARTESIAN_POINT('',(89.7109375,-16.3203125,3.));
#6821 = VECTOR('',#6822,1.);
#6822 = DIRECTION('',(1.,0.,0.));
#6823 = PCURVE('',#6618,#6824);
#6824 = DEFINITIONAL_REPRESENTATION('',(#6825),#6829);
#6825 = LINE('',#6826,#6827);
#6826 = CARTESIAN_POINT('',(8.7109375,8.6796875));
#6827 = VECTOR('',#6828,1.);
#6828 = DIRECTION('',(1.,0.));
#6829 = ( GEOMETRIC_REPRESENTATION_CONTEXT(2) 
PARAMETRIC_REPRESENTATION_CONTEXT() REPRESENTATION_CONTEXT('2D SPACE',''
  ) );
#6830 = PCURVE('',#6831,#6836);
#6831 = PLANE('',#6832);
#6832 = AXIS2_PLACEMENT_3D('',#6833,#6834,#6835);
#6833 = CARTESIAN_POINT('',(89.7109375,-16.3203125,3.));
#6834 = DIRECTION('',(0.,-1.,0.));
#6835 = DIRECTION('',(1.,0.,0.));
#6836 = DEFINITIONAL_REPRESENTATION('',(#6837),#6841);
#6837 = LINE('',#6838,#6839);
#6838 = CARTESIAN_POINT('',(0.,0.));
#6839 = VECTOR('',#6840,1.);
#6840 = DIRECTION('',(1.,0.));
#6841 = ( GEOMETRIC_REPRESENTATION_CONTEXT(2) 
PARAMETRIC_REPRESENTATION_CONTEXT() REPRESENTATION_CONTEXT('2D SPACE',''
  ) );
#6842 = ORIENTED_EDGE('',*,*,#6843,.T.);
#6843 = EDGE_CURVE('',#6816,#6844,#6846,.T.);
#6844 = VERTEX_POINT('',#6845);
#6845 = CARTESIAN_POINT('',(92.566650390625,-16.70825195312,3.));
#6846 = SURFACE_CURVE('',#6847,(#6851,#6858),.PCURVE_S1.);
#6847 = B_SPLINE_CURVE_WITH_KNOTS('',2,(#6848,#6849,#6850),
  .UNSPECIFIED.,.F.,.F.,(3,3),(0.,1.),.PIECEWISE_BEZIER_KNOTS.);
#6848 = CARTESIAN_POINT('',(91.26953125,-16.3203125,3.));
#6849 = CARTESIAN_POINT('',(92.12744140625,-16.3203125,3.));
#6850 = CARTESIAN_POINT('',(92.566650390625,-16.70825195312,3.));
#6851 = PCURVE('',#6618,#6852);
#6852 = DEFINITIONAL_REPRESENTATION('',(#6853),#6857);
#6853 = B_SPLINE_CURVE_WITH_KNOTS('',2,(#6854,#6855,#6856),
  .UNSPECIFIED.,.F.,.F.,(3,3),(0.,1.),.PIECEWISE_BEZIER_KNOTS.);
#6854 = CARTESIAN_POINT('',(10.26953125,8.6796875));
#6855 = CARTESIAN_POINT('',(11.12744140625,8.6796875));
#6856 = CARTESIAN_POINT('',(11.566650390625,8.291748046875));
#6857 = ( GEOMETRIC_REPRESENTATION_CONTEXT(2) 
PARAMETRIC_REPRESENTATION_CONTEXT() REPRESENTATION_CONTEXT('2D SPACE',''
  ) );
#6858 = PCURVE('',#6859,#6866);
#6859 = SURFACE_OF_LINEAR_EXTRUSION('',#6860,#6864);
#6860 = B_SPLINE_CURVE_WITH_KNOTS('',2,(#6861,#6862,#6863),
  .UNSPECIFIED.,.F.,.F.,(3,3),(0.,1.),.PIECEWISE_BEZIER_KNOTS.);
#6861 = CARTESIAN_POINT('',(91.26953125,-16.3203125,3.));
#6862 = CARTESIAN_POINT('',(92.12744140625,-16.3203125,3.));
#6863 = CARTESIAN_POINT('',(92.566650390625,-16.70825195312,3.));
#6864 = VECTOR('',#6865,1.);
#6865 = DIRECTION('',(0.,0.,1.));
#6866 = DEFINITIONAL_REPRESENTATION('',(#6867),#6871);
#6867 = LINE('',#6868,#6869);
#6868 = CARTESIAN_POINT('',(0.,0.));
#6869 = VECTOR('',#6870,1.);
#6870 = DIRECTION('',(1.,0.));
#6871 = ( GEOMETRIC_REPRESENTATION_CONTEXT(2) 
PARAMETRIC_REPRESENTATION_CONTEXT() REPRESENTATION_CONTEXT('2D SPACE',''
  ) );
#6872 = ORIENTED_EDGE('',*,*,#6873,.T.);
#6873 = EDGE_CURVE('',#6844,#6874,#6876,.T.);
#6874 = VERTEX_POINT('',#6875);
#6875 = CARTESIAN_POINT('',(93.005859375,-17.8447265625,3.));
#6876 = SURFACE_CURVE('',#6877,(#6881,#6888),.PCURVE_S1.);
#6877 = B_SPLINE_CURVE_WITH_KNOTS('',2,(#6878,#6879,#6880),
  .UNSPECIFIED.,.F.,.F.,(3,3),(0.,1.),.PIECEWISE_BEZIER_KNOTS.);
#6878 = CARTESIAN_POINT('',(92.566650390625,-16.70825195312,3.));
#6879 = CARTESIAN_POINT('',(93.005859375,-17.09619140625,3.));
#6880 = CARTESIAN_POINT('',(93.005859375,-17.8447265625,3.));
#6881 = PCURVE('',#6618,#6882);
#6882 = DEFINITIONAL_REPRESENTATION('',(#6883),#6887);
#6883 = B_SPLINE_CURVE_WITH_KNOTS('',2,(#6884,#6885,#6886),
  .UNSPECIFIED.,.F.,.F.,(3,3),(0.,1.),.PIECEWISE_BEZIER_KNOTS.);
#6884 = CARTESIAN_POINT('',(11.566650390625,8.291748046875));
#6885 = CARTESIAN_POINT('',(12.005859375,7.90380859375));
#6886 = CARTESIAN_POINT('',(12.005859375,7.1552734375));
#6887 = ( GEOMETRIC_REPRESENTATION_CONTEXT(2) 
PARAMETRIC_REPRESENTATION_CONTEXT() REPRESENTATION_CONTEXT('2D SPACE',''
  ) );
#6888 = PCURVE('',#6889,#6896);
#6889 = SURFACE_OF_LINEAR_EXTRUSION('',#6890,#6894);
#6890 = B_SPLINE_CURVE_WITH_KNOTS('',2,(#6891,#6892,#6893),
  .UNSPECIFIED.,.F.,.F.,(3,3),(0.,1.),.PIECEWISE_BEZIER_KNOTS.);
#6891 = CARTESIAN_POINT('',(92.566650390625,-16.70825195312,3.));
#6892 = CARTESIAN_POINT('',(93.005859375,-17.09619140625,3.));
#6893 = CARTESIAN_POINT('',(93.005859375,-17.8447265625,3.));
#6894 = VECTOR('',#6895,1.);
#6895 = DIRECTION('',(0.,0.,1.));
#6896 = DEFINITIONAL_REPRESENTATION('',(#6897),#6901);
#6897 = LINE('',#6898,#6899);
#6898 = CARTESIAN_POINT('',(0.,0.));
#6899 = VECTOR('',#6900,1.);
#6900 = DIRECTION('',(1.,0.));
#6901 = ( GEOMETRIC_REPRESENTATION_CONTEXT(2) 
PARAMETRIC_REPRESENTATION_CONTEXT() REPRESENTATION_CONTEXT('2D SPACE',''
  ) );
#6902 = ORIENTED_EDGE('',*,*,#6903,.T.);
#6903 = EDGE_CURVE('',#6874,#6904,#6906,.T.);
#6904 = VERTEX_POINT('',#6905);
#6905 = CARTESIAN_POINT('',(92.566650390625,-18.986328125,3.));
#6906 = SURFACE_CURVE('',#6907,(#6911,#6918),.PCURVE_S1.);
#6907 = B_SPLINE_CURVE_WITH_KNOTS('',2,(#6908,#6909,#6910),
  .UNSPECIFIED.,.F.,.F.,(3,3),(0.,1.),.PIECEWISE_BEZIER_KNOTS.);
#6908 = CARTESIAN_POINT('',(93.005859375,-17.8447265625,3.));
#6909 = CARTESIAN_POINT('',(93.005859375,-18.60009765625,3.));
#6910 = CARTESIAN_POINT('',(92.566650390625,-18.986328125,3.));
#6911 = PCURVE('',#6618,#6912);
#6912 = DEFINITIONAL_REPRESENTATION('',(#6913),#6917);
#6913 = B_SPLINE_CURVE_WITH_KNOTS('',2,(#6914,#6915,#6916),
  .UNSPECIFIED.,.F.,.F.,(3,3),(0.,1.),.PIECEWISE_BEZIER_KNOTS.);
#6914 = CARTESIAN_POINT('',(12.005859375,7.1552734375));
#6915 = CARTESIAN_POINT('',(12.005859375,6.39990234375));
#6916 = CARTESIAN_POINT('',(11.566650390625,6.013671875));
#6917 = ( GEOMETRIC_REPRESENTATION_CONTEXT(2) 
PARAMETRIC_REPRESENTATION_CONTEXT() REPRESENTATION_CONTEXT('2D SPACE',''
  ) );
#6918 = PCURVE('',#6919,#6926);
#6919 = SURFACE_OF_LINEAR_EXTRUSION('',#6920,#6924);
#6920 = B_SPLINE_CURVE_WITH_KNOTS('',2,(#6921,#6922,#6923),
  .UNSPECIFIED.,.F.,.F.,(3,3),(0.,1.),.PIECEWISE_BEZIER_KNOTS.);
#6921 = CARTESIAN_POINT('',(93.005859375,-17.8447265625,3.));
#6922 = CARTESIAN_POINT('',(93.005859375,-18.60009765625,3.));
#6923 = CARTESIAN_POINT('',(92.566650390625,-18.986328125,3.));
#6924 = VECTOR('',#6925,1.);
#6925 = DIRECTION('',(0.,0.,1.));
#6926 = DEFINITIONAL_REPRESENTATION('',(#6927),#6931);
#6927 = LINE('',#6928,#6929);
#6928 = CARTESIAN_POINT('',(0.,0.));
#6929 = VECTOR('',#6930,1.);
#6930 = DIRECTION('',(1.,0.));
#6931 = ( GEOMETRIC_REPRESENTATION_CONTEXT(2) 
PARAMETRIC_REPRESENTATION_CONTEXT() REPRESENTATION_CONTEXT('2D SPACE',''
  ) );
#6932 = ORIENTED_EDGE('',*,*,#6933,.T.);
#6933 = EDGE_CURVE('',#6904,#6934,#6936,.T.);
#6934 = VERTEX_POINT('',#6935);
#6935 = CARTESIAN_POINT('',(91.26953125,-19.37255859375,3.));
#6936 = SURFACE_CURVE('',#6937,(#6941,#6948),.PCURVE_S1.);
#6937 = B_SPLINE_CURVE_WITH_KNOTS('',2,(#6938,#6939,#6940),
  .UNSPECIFIED.,.F.,.F.,(3,3),(0.,1.),.PIECEWISE_BEZIER_KNOTS.);
#6938 = CARTESIAN_POINT('',(92.566650390625,-18.986328125,3.));
#6939 = CARTESIAN_POINT('',(92.12744140625,-19.37255859375,3.));
#6940 = CARTESIAN_POINT('',(91.26953125,-19.37255859375,3.));
#6941 = PCURVE('',#6618,#6942);
#6942 = DEFINITIONAL_REPRESENTATION('',(#6943),#6947);
#6943 = B_SPLINE_CURVE_WITH_KNOTS('',2,(#6944,#6945,#6946),
  .UNSPECIFIED.,.F.,.F.,(3,3),(0.,1.),.PIECEWISE_BEZIER_KNOTS.);
#6944 = CARTESIAN_POINT('',(11.566650390625,6.013671875));
#6945 = CARTESIAN_POINT('',(11.12744140625,5.62744140625));
#6946 = CARTESIAN_POINT('',(10.26953125,5.62744140625));
#6947 = ( GEOMETRIC_REPRESENTATION_CONTEXT(2) 
PARAMETRIC_REPRESENTATION_CONTEXT() REPRESENTATION_CONTEXT('2D SPACE',''
  ) );
#6948 = PCURVE('',#6949,#6956);
#6949 = SURFACE_OF_LINEAR_EXTRUSION('',#6950,#6954);
#6950 = B_SPLINE_CURVE_WITH_KNOTS('',2,(#6951,#6952,#6953),
  .UNSPECIFIED.,.F.,.F.,(3,3),(0.,1.),.PIECEWISE_BEZIER_KNOTS.);
#6951 = CARTESIAN_POINT('',(92.566650390625,-18.986328125,3.));
#6952 = CARTESIAN_POINT('',(92.12744140625,-19.37255859375,3.));
#6953 = CARTESIAN_POINT('',(91.26953125,-19.37255859375,3.));
#6954 = VECTOR('',#6955,1.);
#6955 = DIRECTION('',(0.,0.,1.));
#6956 = DEFINITIONAL_REPRESENTATION('',(#6957),#6961);
#6957 = LINE('',#6958,#6959);
#6958 = CARTESIAN_POINT('',(0.,0.));
#6959 = VECTOR('',#6960,1.);
#6960 = DIRECTION('',(1.,0.));
#6961 = ( GEOMETRIC_REPRESENTATION_CONTEXT(2) 
PARAMETRIC_REPRESENTATION_CONTEXT() REPRESENTATION_CONTEXT('2D SPACE',''
  ) );
#6962 = ORIENTED_EDGE('',*,*,#6963,.T.);
#6963 = EDGE_CURVE('',#6934,#6964,#6966,.T.);
#6964 = VERTEX_POINT('',#6965);
#6965 = CARTESIAN_POINT('',(90.4013671875,-19.37255859375,3.));
#6966 = SURFACE_CURVE('',#6967,(#6971,#6978),.PCURVE_S1.);
#6967 = LINE('',#6968,#6969);
#6968 = CARTESIAN_POINT('',(91.26953125,-19.37255859375,3.));
#6969 = VECTOR('',#6970,1.);
#6970 = DIRECTION('',(-1.,0.,0.));
#6971 = PCURVE('',#6618,#6972);
#6972 = DEFINITIONAL_REPRESENTATION('',(#6973),#6977);
#6973 = LINE('',#6974,#6975);
#6974 = CARTESIAN_POINT('',(10.26953125,5.62744140625));
#6975 = VECTOR('',#6976,1.);
#6976 = DIRECTION('',(-1.,0.));
#6977 = ( GEOMETRIC_REPRESENTATION_CONTEXT(2) 
PARAMETRIC_REPRESENTATION_CONTEXT() REPRESENTATION_CONTEXT('2D SPACE',''
  ) );
#6978 = PCURVE('',#6979,#6984);
#6979 = PLANE('',#6980);
#6980 = AXIS2_PLACEMENT_3D('',#6981,#6982,#6983);
#6981 = CARTESIAN_POINT('',(91.26953125,-19.37255859375,3.));
#6982 = DIRECTION('',(0.,1.,0.));
#6983 = DIRECTION('',(-1.,0.,0.));
#6984 = DEFINITIONAL_REPRESENTATION('',(#6985),#6989);
#6985 = LINE('',#6986,#6987);
#6986 = CARTESIAN_POINT('',(0.,0.));
#6987 = VECTOR('',#6988,1.);
#6988 = DIRECTION('',(1.,0.));
#6989 = ( GEOMETRIC_REPRESENTATION_CONTEXT(2) 
PARAMETRIC_REPRESENTATION_CONTEXT() REPRESENTATION_CONTEXT('2D SPACE',''
  ) );
#6990 = ORIENTED_EDGE('',*,*,#6991,.T.);
#6991 = EDGE_CURVE('',#6964,#6758,#6992,.T.);
#6992 = SURFACE_CURVE('',#6993,(#6997,#7004),.PCURVE_S1.);
#6993 = LINE('',#6994,#6995);
#6994 = CARTESIAN_POINT('',(90.4013671875,-19.37255859375,3.));
#6995 = VECTOR('',#6996,1.);
#6996 = DIRECTION('',(0.,-1.,0.));
#6997 = PCURVE('',#6618,#6998);
#6998 = DEFINITIONAL_REPRESENTATION('',(#6999),#7003);
#6999 = LINE('',#7000,#7001);
#7000 = CARTESIAN_POINT('',(9.4013671875,5.62744140625));
#7001 = VECTOR('',#7002,1.);
#7002 = DIRECTION('',(0.,-1.));
#7003 = ( GEOMETRIC_REPRESENTATION_CONTEXT(2) 
PARAMETRIC_REPRESENTATION_CONTEXT() REPRESENTATION_CONTEXT('2D SPACE',''
  ) );
#7004 = PCURVE('',#7005,#7010);
#7005 = PLANE('',#7006);
#7006 = AXIS2_PLACEMENT_3D('',#7007,#7008,#7009);
#7007 = CARTESIAN_POINT('',(90.4013671875,-19.37255859375,3.));
#7008 = DIRECTION('',(-1.,0.,0.));
#7009 = DIRECTION('',(0.,-1.,0.));
#7010 = DEFINITIONAL_REPRESENTATION('',(#7011),#7015);
#7011 = LINE('',#7012,#7013);
#7012 = CARTESIAN_POINT('',(0.,0.));
#7013 = VECTOR('',#7014,1.);
#7014 = DIRECTION('',(1.,0.));
#7015 = ( GEOMETRIC_REPRESENTATION_CONTEXT(2) 
PARAMETRIC_REPRESENTATION_CONTEXT() REPRESENTATION_CONTEXT('2D SPACE',''
  ) );
#7016 = FACE_BOUND('',#7017,.T.);
#7017 = EDGE_LOOP('',(#7018,#7048,#7076,#7104,#7132,#7160,#7188,#7216));
#7018 = ORIENTED_EDGE('',*,*,#7019,.T.);
#7019 = EDGE_CURVE('',#7020,#7022,#7024,.T.);
#7020 = VERTEX_POINT('',#7021);
#7021 = CARTESIAN_POINT('',(93.580078125,-21.42333984375,3.));
#7022 = VERTEX_POINT('',#7023);
#7023 = CARTESIAN_POINT('',(92.85205078125,-21.42333984375,3.));
#7024 = SURFACE_CURVE('',#7025,(#7029,#7036),.PCURVE_S1.);
#7025 = LINE('',#7026,#7027);
#7026 = CARTESIAN_POINT('',(93.580078125,-21.42333984375,3.));
#7027 = VECTOR('',#7028,1.);
#7028 = DIRECTION('',(-1.,0.,0.));
#7029 = PCURVE('',#6618,#7030);
#7030 = DEFINITIONAL_REPRESENTATION('',(#7031),#7035);
#7031 = LINE('',#7032,#7033);
#7032 = CARTESIAN_POINT('',(12.580078125,3.57666015625));
#7033 = VECTOR('',#7034,1.);
#7034 = DIRECTION('',(-1.,0.));
#7035 = ( GEOMETRIC_REPRESENTATION_CONTEXT(2) 
PARAMETRIC_REPRESENTATION_CONTEXT() REPRESENTATION_CONTEXT('2D SPACE',''
  ) );
#7036 = PCURVE('',#7037,#7042);
#7037 = PLANE('',#7038);
#7038 = AXIS2_PLACEMENT_3D('',#7039,#7040,#7041);
#7039 = CARTESIAN_POINT('',(93.580078125,-21.42333984375,3.));
#7040 = DIRECTION('',(0.,1.,0.));
#7041 = DIRECTION('',(-1.,0.,0.));
#7042 = DEFINITIONAL_REPRESENTATION('',(#7043),#7047);
#7043 = LINE('',#7044,#7045);
#7044 = CARTESIAN_POINT('',(0.,0.));
#7045 = VECTOR('',#7046,1.);
#7046 = DIRECTION('',(1.,0.));
#7047 = ( GEOMETRIC_REPRESENTATION_CONTEXT(2) 
PARAMETRIC_REPRESENTATION_CONTEXT() REPRESENTATION_CONTEXT('2D SPACE',''
  ) );
#7048 = ORIENTED_EDGE('',*,*,#7049,.T.);
#7049 = EDGE_CURVE('',#7022,#7050,#7052,.T.);
#7050 = VERTEX_POINT('',#7051);
#7051 = CARTESIAN_POINT('',(94.80029296875,-16.3203125,3.));
#7052 = SURFACE_CURVE('',#7053,(#7057,#7064),.PCURVE_S1.);
#7053 = LINE('',#7054,#7055);
#7054 = CARTESIAN_POINT('',(92.85205078125,-21.42333984375,3.));
#7055 = VECTOR('',#7056,1.);
#7056 = DIRECTION('',(0.356671776907,0.934229759512,0.));
#7057 = PCURVE('',#6618,#7058);
#7058 = DEFINITIONAL_REPRESENTATION('',(#7059),#7063);
#7059 = LINE('',#7060,#7061);
#7060 = CARTESIAN_POINT('',(11.85205078125,3.57666015625));
#7061 = VECTOR('',#7062,1.);
#7062 = DIRECTION('',(0.356671776907,0.934229759512));
#7063 = ( GEOMETRIC_REPRESENTATION_CONTEXT(2) 
PARAMETRIC_REPRESENTATION_CONTEXT() REPRESENTATION_CONTEXT('2D SPACE',''
  ) );
#7064 = PCURVE('',#7065,#7070);
#7065 = PLANE('',#7066);
#7066 = AXIS2_PLACEMENT_3D('',#7067,#7068,#7069);
#7067 = CARTESIAN_POINT('',(92.85205078125,-21.42333984375,3.));
#7068 = DIRECTION('',(0.934229759512,-0.356671776907,0.));
#7069 = DIRECTION('',(0.356671776907,0.934229759512,0.));
#7070 = DEFINITIONAL_REPRESENTATION('',(#7071),#7075);
#7071 = LINE('',#7072,#7073);
#7072 = CARTESIAN_POINT('',(0.,0.));
#7073 = VECTOR('',#7074,1.);
#7074 = DIRECTION('',(1.,0.));
#7075 = ( GEOMETRIC_REPRESENTATION_CONTEXT(2) 
PARAMETRIC_REPRESENTATION_CONTEXT() REPRESENTATION_CONTEXT('2D SPACE',''
  ) );
#7076 = ORIENTED_EDGE('',*,*,#7077,.T.);
#7077 = EDGE_CURVE('',#7050,#7078,#7080,.T.);
#7078 = VERTEX_POINT('',#7079);
#7079 = CARTESIAN_POINT('',(95.5830078125,-16.3203125,3.));
#7080 = SURFACE_CURVE('',#7081,(#7085,#7092),.PCURVE_S1.);
#7081 = LINE('',#7082,#7083);
#7082 = CARTESIAN_POINT('',(94.80029296875,-16.3203125,3.));
#7083 = VECTOR('',#7084,1.);
#7084 = DIRECTION('',(1.,0.,0.));
#7085 = PCURVE('',#6618,#7086);
#7086 = DEFINITIONAL_REPRESENTATION('',(#7087),#7091);
#7087 = LINE('',#7088,#7089);
#7088 = CARTESIAN_POINT('',(13.80029296875,8.6796875));
#7089 = VECTOR('',#7090,1.);
#7090 = DIRECTION('',(1.,0.));
#7091 = ( GEOMETRIC_REPRESENTATION_CONTEXT(2) 
PARAMETRIC_REPRESENTATION_CONTEXT() REPRESENTATION_CONTEXT('2D SPACE',''
  ) );
#7092 = PCURVE('',#7093,#7098);
#7093 = PLANE('',#7094);
#7094 = AXIS2_PLACEMENT_3D('',#7095,#7096,#7097);
#7095 = CARTESIAN_POINT('',(94.80029296875,-16.3203125,3.));
#7096 = DIRECTION('',(0.,-1.,0.));
#7097 = DIRECTION('',(1.,0.,0.));
#7098 = DEFINITIONAL_REPRESENTATION('',(#7099),#7103);
#7099 = LINE('',#7100,#7101);
#7100 = CARTESIAN_POINT('',(0.,0.));
#7101 = VECTOR('',#7102,1.);
#7102 = DIRECTION('',(1.,0.));
#7103 = ( GEOMETRIC_REPRESENTATION_CONTEXT(2) 
PARAMETRIC_REPRESENTATION_CONTEXT() REPRESENTATION_CONTEXT('2D SPACE',''
  ) );
#7104 = ORIENTED_EDGE('',*,*,#7105,.T.);
#7105 = EDGE_CURVE('',#7078,#7106,#7108,.T.);
#7106 = VERTEX_POINT('',#7107);
#7107 = CARTESIAN_POINT('',(97.52783203125,-21.42333984375,3.));
#7108 = SURFACE_CURVE('',#7109,(#7113,#7120),.PCURVE_S1.);
#7109 = LINE('',#7110,#7111);
#7110 = CARTESIAN_POINT('',(95.5830078125,-16.3203125,3.));
#7111 = VECTOR('',#7112,1.);
#7112 = DIRECTION('',(0.35612545751,-0.934438151251,0.));
#7113 = PCURVE('',#6618,#7114);
#7114 = DEFINITIONAL_REPRESENTATION('',(#7115),#7119);
#7115 = LINE('',#7116,#7117);
#7116 = CARTESIAN_POINT('',(14.5830078125,8.6796875));
#7117 = VECTOR('',#7118,1.);
#7118 = DIRECTION('',(0.35612545751,-0.934438151251));
#7119 = ( GEOMETRIC_REPRESENTATION_CONTEXT(2) 
PARAMETRIC_REPRESENTATION_CONTEXT() REPRESENTATION_CONTEXT('2D SPACE',''
  ) );
#7120 = PCURVE('',#7121,#7126);
#7121 = PLANE('',#7122);
#7122 = AXIS2_PLACEMENT_3D('',#7123,#7124,#7125);
#7123 = CARTESIAN_POINT('',(95.5830078125,-16.3203125,3.));
#7124 = DIRECTION('',(-0.934438151251,-0.35612545751,0.));
#7125 = DIRECTION('',(0.35612545751,-0.934438151251,0.));
#7126 = DEFINITIONAL_REPRESENTATION('',(#7127),#7131);
#7127 = LINE('',#7128,#7129);
#7128 = CARTESIAN_POINT('',(0.,0.));
#7129 = VECTOR('',#7130,1.);
#7130 = DIRECTION('',(1.,0.));
#7131 = ( GEOMETRIC_REPRESENTATION_CONTEXT(2) 
PARAMETRIC_REPRESENTATION_CONTEXT() REPRESENTATION_CONTEXT('2D SPACE',''
  ) );
#7132 = ORIENTED_EDGE('',*,*,#7133,.T.);
#7133 = EDGE_CURVE('',#7106,#7134,#7136,.T.);
#7134 = VERTEX_POINT('',#7135);
#7135 = CARTESIAN_POINT('',(96.81005859375,-21.42333984375,3.));
#7136 = SURFACE_CURVE('',#7137,(#7141,#7148),.PCURVE_S1.);
#7137 = LINE('',#7138,#7139);
#7138 = CARTESIAN_POINT('',(97.52783203125,-21.42333984375,3.));
#7139 = VECTOR('',#7140,1.);
#7140 = DIRECTION('',(-1.,0.,0.));
#7141 = PCURVE('',#6618,#7142);
#7142 = DEFINITIONAL_REPRESENTATION('',(#7143),#7147);
#7143 = LINE('',#7144,#7145);
#7144 = CARTESIAN_POINT('',(16.52783203125,3.57666015625));
#7145 = VECTOR('',#7146,1.);
#7146 = DIRECTION('',(-1.,0.));
#7147 = ( GEOMETRIC_REPRESENTATION_CONTEXT(2) 
PARAMETRIC_REPRESENTATION_CONTEXT() REPRESENTATION_CONTEXT('2D SPACE',''
  ) );
#7148 = PCURVE('',#7149,#7154);
#7149 = PLANE('',#7150);
#7150 = AXIS2_PLACEMENT_3D('',#7151,#7152,#7153);
#7151 = CARTESIAN_POINT('',(97.52783203125,-21.42333984375,3.));
#7152 = DIRECTION('',(0.,1.,0.));
#7153 = DIRECTION('',(-1.,0.,0.));
#7154 = DEFINITIONAL_REPRESENTATION('',(#7155),#7159);
#7155 = LINE('',#7156,#7157);
#7156 = CARTESIAN_POINT('',(0.,0.));
#7157 = VECTOR('',#7158,1.);
#7158 = DIRECTION('',(1.,0.));
#7159 = ( GEOMETRIC_REPRESENTATION_CONTEXT(2) 
PARAMETRIC_REPRESENTATION_CONTEXT() REPRESENTATION_CONTEXT('2D SPACE',''
  ) );
#7160 = ORIENTED_EDGE('',*,*,#7161,.T.);
#7161 = EDGE_CURVE('',#7134,#7162,#7164,.T.);
#7162 = VERTEX_POINT('',#7163);
#7163 = CARTESIAN_POINT('',(96.34521484375,-20.1142578125,3.));
#7164 = SURFACE_CURVE('',#7165,(#7169,#7176),.PCURVE_S1.);
#7165 = LINE('',#7166,#7167);
#7166 = CARTESIAN_POINT('',(96.81005859375,-21.42333984375,3.));
#7167 = VECTOR('',#7168,1.);
#7168 = DIRECTION('',(-0.334621317278,0.942352680276,0.));
#7169 = PCURVE('',#6618,#7170);
#7170 = DEFINITIONAL_REPRESENTATION('',(#7171),#7175);
#7171 = LINE('',#7172,#7173);
#7172 = CARTESIAN_POINT('',(15.81005859375,3.57666015625));
#7173 = VECTOR('',#7174,1.);
#7174 = DIRECTION('',(-0.334621317278,0.942352680276));
#7175 = ( GEOMETRIC_REPRESENTATION_CONTEXT(2) 
PARAMETRIC_REPRESENTATION_CONTEXT() REPRESENTATION_CONTEXT('2D SPACE',''
  ) );
#7176 = PCURVE('',#7177,#7182);
#7177 = PLANE('',#7178);
#7178 = AXIS2_PLACEMENT_3D('',#7179,#7180,#7181);
#7179 = CARTESIAN_POINT('',(96.81005859375,-21.42333984375,3.));
#7180 = DIRECTION('',(0.942352680276,0.334621317278,0.));
#7181 = DIRECTION('',(-0.334621317278,0.942352680276,0.));
#7182 = DEFINITIONAL_REPRESENTATION('',(#7183),#7187);
#7183 = LINE('',#7184,#7185);
#7184 = CARTESIAN_POINT('',(0.,0.));
#7185 = VECTOR('',#7186,1.);
#7186 = DIRECTION('',(1.,0.));
#7187 = ( GEOMETRIC_REPRESENTATION_CONTEXT(2) 
PARAMETRIC_REPRESENTATION_CONTEXT() REPRESENTATION_CONTEXT('2D SPACE',''
  ) );
#7188 = ORIENTED_EDGE('',*,*,#7189,.T.);
#7189 = EDGE_CURVE('',#7162,#7190,#7192,.T.);
#7190 = VERTEX_POINT('',#7191);
#7191 = CARTESIAN_POINT('',(94.044921875,-20.1142578125,3.));
#7192 = SURFACE_CURVE('',#7193,(#7197,#7204),.PCURVE_S1.);
#7193 = LINE('',#7194,#7195);
#7194 = CARTESIAN_POINT('',(96.34521484375,-20.1142578125,3.));
#7195 = VECTOR('',#7196,1.);
#7196 = DIRECTION('',(-1.,0.,0.));
#7197 = PCURVE('',#6618,#7198);
#7198 = DEFINITIONAL_REPRESENTATION('',(#7199),#7203);
#7199 = LINE('',#7200,#7201);
#7200 = CARTESIAN_POINT('',(15.34521484375,4.8857421875));
#7201 = VECTOR('',#7202,1.);
#7202 = DIRECTION('',(-1.,0.));
#7203 = ( GEOMETRIC_REPRESENTATION_CONTEXT(2) 
PARAMETRIC_REPRESENTATION_CONTEXT() REPRESENTATION_CONTEXT('2D SPACE',''
  ) );
#7204 = PCURVE('',#7205,#7210);
#7205 = PLANE('',#7206);
#7206 = AXIS2_PLACEMENT_3D('',#7207,#7208,#7209);
#7207 = CARTESIAN_POINT('',(96.34521484375,-20.1142578125,3.));
#7208 = DIRECTION('',(0.,1.,0.));
#7209 = DIRECTION('',(-1.,0.,0.));
#7210 = DEFINITIONAL_REPRESENTATION('',(#7211),#7215);
#7211 = LINE('',#7212,#7213);
#7212 = CARTESIAN_POINT('',(0.,0.));
#7213 = VECTOR('',#7214,1.);
#7214 = DIRECTION('',(1.,0.));
#7215 = ( GEOMETRIC_REPRESENTATION_CONTEXT(2) 
PARAMETRIC_REPRESENTATION_CONTEXT() REPRESENTATION_CONTEXT('2D SPACE',''
  ) );
#7216 = ORIENTED_EDGE('',*,*,#7217,.T.);
#7217 = EDGE_CURVE('',#7190,#7020,#7218,.T.);
#7218 = SURFACE_CURVE('',#7219,(#7223,#7230),.PCURVE_S1.);
#7219 = LINE('',#7220,#7221);
#7220 = CARTESIAN_POINT('',(94.044921875,-20.1142578125,3.));
#7221 = VECTOR('',#7222,1.);
#7222 = DIRECTION('',(-0.334621317278,-0.942352680276,0.));
#7223 = PCURVE('',#6618,#7224);
#7224 = DEFINITIONAL_REPRESENTATION('',(#7225),#7229);
#7225 = LINE('',#7226,#7227);
#7226 = CARTESIAN_POINT('',(13.044921875,4.8857421875));
#7227 = VECTOR('',#7228,1.);
#7228 = DIRECTION('',(-0.334621317278,-0.942352680276));
#7229 = ( GEOMETRIC_REPRESENTATION_CONTEXT(2) 
PARAMETRIC_REPRESENTATION_CONTEXT() REPRESENTATION_CONTEXT('2D SPACE',''
  ) );
#7230 = PCURVE('',#7231,#7236);
#7231 = PLANE('',#7232);
#7232 = AXIS2_PLACEMENT_3D('',#7233,#7234,#7235);
#7233 = CARTESIAN_POINT('',(94.044921875,-20.1142578125,3.));
#7234 = DIRECTION('',(-0.942352680276,0.334621317278,0.));
#7235 = DIRECTION('',(-0.334621317278,-0.942352680276,0.));
#7236 = DEFINITIONAL_REPRESENTATION('',(#7237),#7241);
#7237 = LINE('',#7238,#7239);
#7238 = CARTESIAN_POINT('',(0.,0.));
#7239 = VECTOR('',#7240,1.);
#7240 = DIRECTION('',(1.,0.));
#7241 = ( GEOMETRIC_REPRESENTATION_CONTEXT(2) 
PARAMETRIC_REPRESENTATION_CONTEXT() REPRESENTATION_CONTEXT('2D SPACE',''
  ) );
#7242 = FACE_BOUND('',#7243,.T.);
#7243 = EDGE_LOOP('',(#7244,#7274,#7302,#7330,#7360,#7390,#7420));
#7244 = ORIENTED_EDGE('',*,*,#7245,.T.);
#7245 = EDGE_CURVE('',#7246,#7248,#7250,.T.);
#7246 = VERTEX_POINT('',#7247);
#7247 = CARTESIAN_POINT('',(99.69140625,-21.42333984375,3.));
#7248 = VERTEX_POINT('',#7249);
#7249 = CARTESIAN_POINT('',(98.27294921875,-21.42333984375,3.));
#7250 = SURFACE_CURVE('',#7251,(#7255,#7262),.PCURVE_S1.);
#7251 = LINE('',#7252,#7253);
#7252 = CARTESIAN_POINT('',(99.69140625,-21.42333984375,3.));
#7253 = VECTOR('',#7254,1.);
#7254 = DIRECTION('',(-1.,0.,0.));
#7255 = PCURVE('',#6618,#7256);
#7256 = DEFINITIONAL_REPRESENTATION('',(#7257),#7261);
#7257 = LINE('',#7258,#7259);
#7258 = CARTESIAN_POINT('',(18.69140625,3.57666015625));
#7259 = VECTOR('',#7260,1.);
#7260 = DIRECTION('',(-1.,0.));
#7261 = ( GEOMETRIC_REPRESENTATION_CONTEXT(2) 
PARAMETRIC_REPRESENTATION_CONTEXT() REPRESENTATION_CONTEXT('2D SPACE',''
  ) );
#7262 = PCURVE('',#7263,#7268);
#7263 = PLANE('',#7264);
#7264 = AXIS2_PLACEMENT_3D('',#7265,#7266,#7267);
#7265 = CARTESIAN_POINT('',(99.69140625,-21.42333984375,3.));
#7266 = DIRECTION('',(0.,1.,0.));
#7267 = DIRECTION('',(-1.,0.,0.));
#7268 = DEFINITIONAL_REPRESENTATION('',(#7269),#7273);
#7269 = LINE('',#7270,#7271);
#7270 = CARTESIAN_POINT('',(0.,0.));
#7271 = VECTOR('',#7272,1.);
#7272 = DIRECTION('',(1.,0.));
#7273 = ( GEOMETRIC_REPRESENTATION_CONTEXT(2) 
PARAMETRIC_REPRESENTATION_CONTEXT() REPRESENTATION_CONTEXT('2D SPACE',''
  ) );
#7274 = ORIENTED_EDGE('',*,*,#7275,.T.);
#7275 = EDGE_CURVE('',#7248,#7276,#7278,.T.);
#7276 = VERTEX_POINT('',#7277);
#7277 = CARTESIAN_POINT('',(98.27294921875,-16.3203125,3.));
#7278 = SURFACE_CURVE('',#7279,(#7283,#7290),.PCURVE_S1.);
#7279 = LINE('',#7280,#7281);
#7280 = CARTESIAN_POINT('',(98.27294921875,-21.42333984375,3.));
#7281 = VECTOR('',#7282,1.);
#7282 = DIRECTION('',(0.,1.,0.));
#7283 = PCURVE('',#6618,#7284);
#7284 = DEFINITIONAL_REPRESENTATION('',(#7285),#7289);
#7285 = LINE('',#7286,#7287);
#7286 = CARTESIAN_POINT('',(17.27294921875,3.57666015625));
#7287 = VECTOR('',#7288,1.);
#7288 = DIRECTION('',(0.,1.));
#7289 = ( GEOMETRIC_REPRESENTATION_CONTEXT(2) 
PARAMETRIC_REPRESENTATION_CONTEXT() REPRESENTATION_CONTEXT('2D SPACE',''
  ) );
#7290 = PCURVE('',#7291,#7296);
#7291 = PLANE('',#7292);
#7292 = AXIS2_PLACEMENT_3D('',#7293,#7294,#7295);
#7293 = CARTESIAN_POINT('',(98.27294921875,-21.42333984375,3.));
#7294 = DIRECTION('',(1.,0.,0.));
#7295 = DIRECTION('',(0.,1.,0.));
#7296 = DEFINITIONAL_REPRESENTATION('',(#7297),#7301);
#7297 = LINE('',#7298,#7299);
#7298 = CARTESIAN_POINT('',(0.,0.));
#7299 = VECTOR('',#7300,1.);
#7300 = DIRECTION('',(1.,0.));
#7301 = ( GEOMETRIC_REPRESENTATION_CONTEXT(2) 
PARAMETRIC_REPRESENTATION_CONTEXT() REPRESENTATION_CONTEXT('2D SPACE',''
  ) );
#7302 = ORIENTED_EDGE('',*,*,#7303,.T.);
#7303 = EDGE_CURVE('',#7276,#7304,#7306,.T.);
#7304 = VERTEX_POINT('',#7305);
#7305 = CARTESIAN_POINT('',(99.69140625,-16.3203125,3.));
#7306 = SURFACE_CURVE('',#7307,(#7311,#7318),.PCURVE_S1.);
#7307 = LINE('',#7308,#7309);
#7308 = CARTESIAN_POINT('',(98.27294921875,-16.3203125,3.));
#7309 = VECTOR('',#7310,1.);
#7310 = DIRECTION('',(1.,0.,0.));
#7311 = PCURVE('',#6618,#7312);
#7312 = DEFINITIONAL_REPRESENTATION('',(#7313),#7317);
#7313 = LINE('',#7314,#7315);
#7314 = CARTESIAN_POINT('',(17.27294921875,8.6796875));
#7315 = VECTOR('',#7316,1.);
#7316 = DIRECTION('',(1.,0.));
#7317 = ( GEOMETRIC_REPRESENTATION_CONTEXT(2) 
PARAMETRIC_REPRESENTATION_CONTEXT() REPRESENTATION_CONTEXT('2D SPACE',''
  ) );
#7318 = PCURVE('',#7319,#7324);
#7319 = PLANE('',#7320);
#7320 = AXIS2_PLACEMENT_3D('',#7321,#7322,#7323);
#7321 = CARTESIAN_POINT('',(98.27294921875,-16.3203125,3.));
#7322 = DIRECTION('',(0.,-1.,0.));
#7323 = DIRECTION('',(1.,0.,0.));
#7324 = DEFINITIONAL_REPRESENTATION('',(#7325),#7329);
#7325 = LINE('',#7326,#7327);
#7326 = CARTESIAN_POINT('',(0.,0.));
#7327 = VECTOR('',#7328,1.);
#7328 = DIRECTION('',(1.,0.));
#7329 = ( GEOMETRIC_REPRESENTATION_CONTEXT(2) 
PARAMETRIC_REPRESENTATION_CONTEXT() REPRESENTATION_CONTEXT('2D SPACE',''
  ) );
#7330 = ORIENTED_EDGE('',*,*,#7331,.T.);
#7331 = EDGE_CURVE('',#7304,#7332,#7334,.T.);
#7332 = VERTEX_POINT('',#7333);
#7333 = CARTESIAN_POINT('',(101.86865234375,-16.93725585937,3.));
#7334 = SURFACE_CURVE('',#7335,(#7339,#7346),.PCURVE_S1.);
#7335 = B_SPLINE_CURVE_WITH_KNOTS('',2,(#7336,#7337,#7338),
  .UNSPECIFIED.,.F.,.F.,(3,3),(0.,1.),.PIECEWISE_BEZIER_KNOTS.);
#7336 = CARTESIAN_POINT('',(99.69140625,-16.3203125,3.));
#7337 = CARTESIAN_POINT('',(101.1748046875,-16.3203125,3.));
#7338 = CARTESIAN_POINT('',(101.86865234375,-16.93725585937,3.));
#7339 = PCURVE('',#6618,#7340);
#7340 = DEFINITIONAL_REPRESENTATION('',(#7341),#7345);
#7341 = B_SPLINE_CURVE_WITH_KNOTS('',2,(#7342,#7343,#7344),
  .UNSPECIFIED.,.F.,.F.,(3,3),(0.,1.),.PIECEWISE_BEZIER_KNOTS.);
#7342 = CARTESIAN_POINT('',(18.69140625,8.6796875));
#7343 = CARTESIAN_POINT('',(20.1748046875,8.6796875));
#7344 = CARTESIAN_POINT('',(20.86865234375,8.062744140625));
#7345 = ( GEOMETRIC_REPRESENTATION_CONTEXT(2) 
PARAMETRIC_REPRESENTATION_CONTEXT() REPRESENTATION_CONTEXT('2D SPACE',''
  ) );
#7346 = PCURVE('',#7347,#7354);
#7347 = SURFACE_OF_LINEAR_EXTRUSION('',#7348,#7352);
#7348 = B_SPLINE_CURVE_WITH_KNOTS('',2,(#7349,#7350,#7351),
  .UNSPECIFIED.,.F.,.F.,(3,3),(0.,1.),.PIECEWISE_BEZIER_KNOTS.);
#7349 = CARTESIAN_POINT('',(99.69140625,-16.3203125,3.));
#7350 = CARTESIAN_POINT('',(101.1748046875,-16.3203125,3.));
#7351 = CARTESIAN_POINT('',(101.86865234375,-16.93725585937,3.));
#7352 = VECTOR('',#7353,1.);
#7353 = DIRECTION('',(0.,0.,1.));
#7354 = DEFINITIONAL_REPRESENTATION('',(#7355),#7359);
#7355 = LINE('',#7356,#7357);
#7356 = CARTESIAN_POINT('',(0.,0.));
#7357 = VECTOR('',#7358,1.);
#7358 = DIRECTION('',(1.,0.));
#7359 = ( GEOMETRIC_REPRESENTATION_CONTEXT(2) 
PARAMETRIC_REPRESENTATION_CONTEXT() REPRESENTATION_CONTEXT('2D SPACE',''
  ) );
#7360 = ORIENTED_EDGE('',*,*,#7361,.T.);
#7361 = EDGE_CURVE('',#7332,#7362,#7364,.T.);
#7362 = VERTEX_POINT('',#7363);
#7363 = CARTESIAN_POINT('',(102.5625,-18.86669921875,3.));
#7364 = SURFACE_CURVE('',#7365,(#7369,#7376),.PCURVE_S1.);
#7365 = B_SPLINE_CURVE_WITH_KNOTS('',2,(#7366,#7367,#7368),
  .UNSPECIFIED.,.F.,.F.,(3,3),(0.,1.),.PIECEWISE_BEZIER_KNOTS.);
#7366 = CARTESIAN_POINT('',(101.86865234375,-16.93725585937,3.));
#7367 = CARTESIAN_POINT('',(102.5625,-17.55419921875,3.));
#7368 = CARTESIAN_POINT('',(102.5625,-18.86669921875,3.));
#7369 = PCURVE('',#6618,#7370);
#7370 = DEFINITIONAL_REPRESENTATION('',(#7371),#7375);
#7371 = B_SPLINE_CURVE_WITH_KNOTS('',2,(#7372,#7373,#7374),
  .UNSPECIFIED.,.F.,.F.,(3,3),(0.,1.),.PIECEWISE_BEZIER_KNOTS.);
#7372 = CARTESIAN_POINT('',(20.86865234375,8.062744140625));
#7373 = CARTESIAN_POINT('',(21.5625,7.44580078125));
#7374 = CARTESIAN_POINT('',(21.5625,6.13330078125));
#7375 = ( GEOMETRIC_REPRESENTATION_CONTEXT(2) 
PARAMETRIC_REPRESENTATION_CONTEXT() REPRESENTATION_CONTEXT('2D SPACE',''
  ) );
#7376 = PCURVE('',#7377,#7384);
#7377 = SURFACE_OF_LINEAR_EXTRUSION('',#7378,#7382);
#7378 = B_SPLINE_CURVE_WITH_KNOTS('',2,(#7379,#7380,#7381),
  .UNSPECIFIED.,.F.,.F.,(3,3),(0.,1.),.PIECEWISE_BEZIER_KNOTS.);
#7379 = CARTESIAN_POINT('',(101.86865234375,-16.93725585937,3.));
#7380 = CARTESIAN_POINT('',(102.5625,-17.55419921875,3.));
#7381 = CARTESIAN_POINT('',(102.5625,-18.86669921875,3.));
#7382 = VECTOR('',#7383,1.);
#7383 = DIRECTION('',(0.,0.,1.));
#7384 = DEFINITIONAL_REPRESENTATION('',(#7385),#7389);
#7385 = LINE('',#7386,#7387);
#7386 = CARTESIAN_POINT('',(0.,0.));
#7387 = VECTOR('',#7388,1.);
#7388 = DIRECTION('',(1.,0.));
#7389 = ( GEOMETRIC_REPRESENTATION_CONTEXT(2) 
PARAMETRIC_REPRESENTATION_CONTEXT() REPRESENTATION_CONTEXT('2D SPACE',''
  ) );
#7390 = ORIENTED_EDGE('',*,*,#7391,.T.);
#7391 = EDGE_CURVE('',#7362,#7392,#7394,.T.);
#7392 = VERTEX_POINT('',#7393);
#7393 = CARTESIAN_POINT('',(101.865234375,-20.8046875,3.));
#7394 = SURFACE_CURVE('',#7395,(#7399,#7406),.PCURVE_S1.);
#7395 = B_SPLINE_CURVE_WITH_KNOTS('',2,(#7396,#7397,#7398),
  .UNSPECIFIED.,.F.,.F.,(3,3),(0.,1.),.PIECEWISE_BEZIER_KNOTS.);
#7396 = CARTESIAN_POINT('',(102.5625,-18.86669921875,3.));
#7397 = CARTESIAN_POINT('',(102.5625,-20.18603515625,3.));
#7398 = CARTESIAN_POINT('',(101.865234375,-20.8046875,3.));
#7399 = PCURVE('',#6618,#7400);
#7400 = DEFINITIONAL_REPRESENTATION('',(#7401),#7405);
#7401 = B_SPLINE_CURVE_WITH_KNOTS('',2,(#7402,#7403,#7404),
  .UNSPECIFIED.,.F.,.F.,(3,3),(0.,1.),.PIECEWISE_BEZIER_KNOTS.);
#7402 = CARTESIAN_POINT('',(21.5625,6.13330078125));
#7403 = CARTESIAN_POINT('',(21.5625,4.81396484375));
#7404 = CARTESIAN_POINT('',(20.865234375,4.1953125));
#7405 = ( GEOMETRIC_REPRESENTATION_CONTEXT(2) 
PARAMETRIC_REPRESENTATION_CONTEXT() REPRESENTATION_CONTEXT('2D SPACE',''
  ) );
#7406 = PCURVE('',#7407,#7414);
#7407 = SURFACE_OF_LINEAR_EXTRUSION('',#7408,#7412);
#7408 = B_SPLINE_CURVE_WITH_KNOTS('',2,(#7409,#7410,#7411),
  .UNSPECIFIED.,.F.,.F.,(3,3),(0.,1.),.PIECEWISE_BEZIER_KNOTS.);
#7409 = CARTESIAN_POINT('',(102.5625,-18.86669921875,3.));
#7410 = CARTESIAN_POINT('',(102.5625,-20.18603515625,3.));
#7411 = CARTESIAN_POINT('',(101.865234375,-20.8046875,3.));
#7412 = VECTOR('',#7413,1.);
#7413 = DIRECTION('',(0.,0.,1.));
#7414 = DEFINITIONAL_REPRESENTATION('',(#7415),#7419);
#7415 = LINE('',#7416,#7417);
#7416 = CARTESIAN_POINT('',(0.,0.));
#7417 = VECTOR('',#7418,1.);
#7418 = DIRECTION('',(1.,0.));
#7419 = ( GEOMETRIC_REPRESENTATION_CONTEXT(2) 
PARAMETRIC_REPRESENTATION_CONTEXT() REPRESENTATION_CONTEXT('2D SPACE',''
  ) );
#7420 = ORIENTED_EDGE('',*,*,#7421,.T.);
#7421 = EDGE_CURVE('',#7392,#7246,#7422,.T.);
#7422 = SURFACE_CURVE('',#7423,(#7427,#7434),.PCURVE_S1.);
#7423 = B_SPLINE_CURVE_WITH_KNOTS('',2,(#7424,#7425,#7426),
  .UNSPECIFIED.,.F.,.F.,(3,3),(0.,1.),.PIECEWISE_BEZIER_KNOTS.);
#7424 = CARTESIAN_POINT('',(101.865234375,-20.8046875,3.));
#7425 = CARTESIAN_POINT('',(101.16796875,-21.42333984375,3.));
#7426 = CARTESIAN_POINT('',(99.69140625,-21.42333984375,3.));
#7427 = PCURVE('',#6618,#7428);
#7428 = DEFINITIONAL_REPRESENTATION('',(#7429),#7433);
#7429 = B_SPLINE_CURVE_WITH_KNOTS('',2,(#7430,#7431,#7432),
  .UNSPECIFIED.,.F.,.F.,(3,3),(0.,1.),.PIECEWISE_BEZIER_KNOTS.);
#7430 = CARTESIAN_POINT('',(20.865234375,4.1953125));
#7431 = CARTESIAN_POINT('',(20.16796875,3.57666015625));
#7432 = CARTESIAN_POINT('',(18.69140625,3.57666015625));
#7433 = ( GEOMETRIC_REPRESENTATION_CONTEXT(2) 
PARAMETRIC_REPRESENTATION_CONTEXT() REPRESENTATION_CONTEXT('2D SPACE',''
  ) );
#7434 = PCURVE('',#7435,#7442);
#7435 = SURFACE_OF_LINEAR_EXTRUSION('',#7436,#7440);
#7436 = B_SPLINE_CURVE_WITH_KNOTS('',2,(#7437,#7438,#7439),
  .UNSPECIFIED.,.F.,.F.,(3,3),(0.,1.),.PIECEWISE_BEZIER_KNOTS.);
#7437 = CARTESIAN_POINT('',(101.865234375,-20.8046875,3.));
#7438 = CARTESIAN_POINT('',(101.16796875,-21.42333984375,3.));
#7439 = CARTESIAN_POINT('',(99.69140625,-21.42333984375,3.));
#7440 = VECTOR('',#7441,1.);
#7441 = DIRECTION('',(0.,0.,1.));
#7442 = DEFINITIONAL_REPRESENTATION('',(#7443),#7447);
#7443 = LINE('',#7444,#7445);
#7444 = CARTESIAN_POINT('',(0.,0.));
#7445 = VECTOR('',#7446,1.);
#7446 = DIRECTION('',(1.,0.));
#7447 = ( GEOMETRIC_REPRESENTATION_CONTEXT(2) 
PARAMETRIC_REPRESENTATION_CONTEXT() REPRESENTATION_CONTEXT('2D SPACE',''
  ) );
#7448 = ADVANCED_FACE('',(#7449),#6592,.T.);
#7449 = FACE_BOUND('',#7450,.T.);
#7450 = EDGE_LOOP('',(#7451,#7474,#7475,#7476));
#7451 = ORIENTED_EDGE('',*,*,#7452,.F.);
#7452 = EDGE_CURVE('',#6549,#7453,#7455,.T.);
#7453 = VERTEX_POINT('',#7454);
#7454 = CARTESIAN_POINT('',(131.,25.,0.));
#7455 = SURFACE_CURVE('',#7456,(#7460,#7467),.PCURVE_S1.);
#7456 = LINE('',#7457,#7458);
#7457 = CARTESIAN_POINT('',(81.,25.,0.));
#7458 = VECTOR('',#7459,1.);
#7459 = DIRECTION('',(1.,0.,0.));
#7460 = PCURVE('',#6592,#7461);
#7461 = DEFINITIONAL_REPRESENTATION('',(#7462),#7466);
#7462 = LINE('',#7463,#7464);
#7463 = CARTESIAN_POINT('',(0.,0.));
#7464 = VECTOR('',#7465,1.);
#7465 = DIRECTION('',(0.,1.));
#7466 = ( GEOMETRIC_REPRESENTATION_CONTEXT(2) 
PARAMETRIC_REPRESENTATION_CONTEXT() REPRESENTATION_CONTEXT('2D SPACE',''
  ) );
#7467 = PCURVE('',#6564,#7468);
#7468 = DEFINITIONAL_REPRESENTATION('',(#7469),#7473);
#7469 = LINE('',#7470,#7471);
#7470 = CARTESIAN_POINT('',(0.,50.));
#7471 = VECTOR('',#7472,1.);
#7472 = DIRECTION('',(1.,0.));
#7473 = ( GEOMETRIC_REPRESENTATION_CONTEXT(2) 
PARAMETRIC_REPRESENTATION_CONTEXT() REPRESENTATION_CONTEXT('2D SPACE',''
  ) );
#7474 = ORIENTED_EDGE('',*,*,#6576,.T.);
#7475 = ORIENTED_EDGE('',*,*,#6734,.T.);
#7476 = ORIENTED_EDGE('',*,*,#7477,.F.);
#7477 = EDGE_CURVE('',#7453,#6712,#7478,.T.);
#7478 = SURFACE_CURVE('',#7479,(#7483,#7490),.PCURVE_S1.);
#7479 = LINE('',#7480,#7481);
#7480 = CARTESIAN_POINT('',(131.,25.,0.));
#7481 = VECTOR('',#7482,1.);
#7482 = DIRECTION('',(0.,0.,1.));
#7483 = PCURVE('',#6592,#7484);
#7484 = DEFINITIONAL_REPRESENTATION('',(#7485),#7489);
#7485 = LINE('',#7486,#7487);
#7486 = CARTESIAN_POINT('',(0.,50.));
#7487 = VECTOR('',#7488,1.);
#7488 = DIRECTION('',(1.,0.));
#7489 = ( GEOMETRIC_REPRESENTATION_CONTEXT(2) 
PARAMETRIC_REPRESENTATION_CONTEXT() REPRESENTATION_CONTEXT('2D SPACE',''
  ) );
#7490 = PCURVE('',#6694,#7491);
#7491 = DEFINITIONAL_REPRESENTATION('',(#7492),#7496);
#7492 = LINE('',#7493,#7494);
#7493 = CARTESIAN_POINT('',(0.,-50.));
#7494 = VECTOR('',#7495,1.);
#7495 = DIRECTION('',(1.,0.));
#7496 = ( GEOMETRIC_REPRESENTATION_CONTEXT(2) 
PARAMETRIC_REPRESENTATION_CONTEXT() REPRESENTATION_CONTEXT('2D SPACE',''
  ) );
#7497 = ADVANCED_FACE('',(#7498),#6564,.F.);
#7498 = FACE_BOUND('',#7499,.F.);
#7499 = EDGE_LOOP('',(#7500,#7501,#7502,#7523));
#7500 = ORIENTED_EDGE('',*,*,#6548,.F.);
#7501 = ORIENTED_EDGE('',*,*,#6633,.T.);
#7502 = ORIENTED_EDGE('',*,*,#7503,.T.);
#7503 = EDGE_CURVE('',#6634,#7453,#7504,.T.);
#7504 = SURFACE_CURVE('',#7505,(#7509,#7516),.PCURVE_S1.);
#7505 = LINE('',#7506,#7507);
#7506 = CARTESIAN_POINT('',(131.,-25.,0.));
#7507 = VECTOR('',#7508,1.);
#7508 = DIRECTION('',(0.,1.,0.));
#7509 = PCURVE('',#6564,#7510);
#7510 = DEFINITIONAL_REPRESENTATION('',(#7511),#7515);
#7511 = LINE('',#7512,#7513);
#7512 = CARTESIAN_POINT('',(50.,0.));
#7513 = VECTOR('',#7514,1.);
#7514 = DIRECTION('',(0.,1.));
#7515 = ( GEOMETRIC_REPRESENTATION_CONTEXT(2) 
PARAMETRIC_REPRESENTATION_CONTEXT() REPRESENTATION_CONTEXT('2D SPACE',''
  ) );
#7516 = PCURVE('',#6694,#7517);
#7517 = DEFINITIONAL_REPRESENTATION('',(#7518),#7522);
#7518 = LINE('',#7519,#7520);
#7519 = CARTESIAN_POINT('',(0.,0.));
#7520 = VECTOR('',#7521,1.);
#7521 = DIRECTION('',(0.,-1.));
#7522 = ( GEOMETRIC_REPRESENTATION_CONTEXT(2) 
PARAMETRIC_REPRESENTATION_CONTEXT() REPRESENTATION_CONTEXT('2D SPACE',''
  ) );
#7523 = ORIENTED_EDGE('',*,*,#7452,.F.);
#7524 = ADVANCED_FACE('',(#7525),#6694,.T.);
#7525 = FACE_BOUND('',#7526,.T.);
#7526 = EDGE_LOOP('',(#7527,#7528,#7529,#7530));
#7527 = ORIENTED_EDGE('',*,*,#6680,.F.);
#7528 = ORIENTED_EDGE('',*,*,#7503,.T.);
#7529 = ORIENTED_EDGE('',*,*,#7477,.T.);
#7530 = ORIENTED_EDGE('',*,*,#6711,.F.);
#7531 = ADVANCED_FACE('',(#7532),#6775,.T.);
#7532 = FACE_BOUND('',#7533,.T.);
#7533 = EDGE_LOOP('',(#7534,#7557,#7585,#7606));
#7534 = ORIENTED_EDGE('',*,*,#7535,.T.);
#7535 = EDGE_CURVE('',#6758,#7536,#7538,.T.);
#7536 = VERTEX_POINT('',#7537);
#7537 = CARTESIAN_POINT('',(90.4013671875,-21.42333984375,2.2));
#7538 = SURFACE_CURVE('',#7539,(#7543,#7550),.PCURVE_S1.);
#7539 = LINE('',#7540,#7541);
#7540 = CARTESIAN_POINT('',(90.4013671875,-21.42333984375,3.));
#7541 = VECTOR('',#7542,1.);
#7542 = DIRECTION('',(-0.,-0.,-1.));
#7543 = PCURVE('',#6775,#7544);
#7544 = DEFINITIONAL_REPRESENTATION('',(#7545),#7549);
#7545 = LINE('',#7546,#7547);
#7546 = CARTESIAN_POINT('',(0.,0.));
#7547 = VECTOR('',#7548,1.);
#7548 = DIRECTION('',(0.,-1.));
#7549 = ( GEOMETRIC_REPRESENTATION_CONTEXT(2) 
PARAMETRIC_REPRESENTATION_CONTEXT() REPRESENTATION_CONTEXT('2D SPACE',''
  ) );
#7550 = PCURVE('',#7005,#7551);
#7551 = DEFINITIONAL_REPRESENTATION('',(#7552),#7556);
#7552 = LINE('',#7553,#7554);
#7553 = CARTESIAN_POINT('',(2.05078125,0.));
#7554 = VECTOR('',#7555,1.);
#7555 = DIRECTION('',(0.,-1.));
#7556 = ( GEOMETRIC_REPRESENTATION_CONTEXT(2) 
PARAMETRIC_REPRESENTATION_CONTEXT() REPRESENTATION_CONTEXT('2D SPACE',''
  ) );
#7557 = ORIENTED_EDGE('',*,*,#7558,.T.);
#7558 = EDGE_CURVE('',#7536,#7559,#7561,.T.);
#7559 = VERTEX_POINT('',#7560);
#7560 = CARTESIAN_POINT('',(89.7109375,-21.42333984375,2.2));
#7561 = SURFACE_CURVE('',#7562,(#7566,#7573),.PCURVE_S1.);
#7562 = LINE('',#7563,#7564);
#7563 = CARTESIAN_POINT('',(90.4013671875,-21.42333984375,2.2));
#7564 = VECTOR('',#7565,1.);
#7565 = DIRECTION('',(-1.,0.,0.));
#7566 = PCURVE('',#6775,#7567);
#7567 = DEFINITIONAL_REPRESENTATION('',(#7568),#7572);
#7568 = LINE('',#7569,#7570);
#7569 = CARTESIAN_POINT('',(0.,-0.8));
#7570 = VECTOR('',#7571,1.);
#7571 = DIRECTION('',(1.,0.));
#7572 = ( GEOMETRIC_REPRESENTATION_CONTEXT(2) 
PARAMETRIC_REPRESENTATION_CONTEXT() REPRESENTATION_CONTEXT('2D SPACE',''
  ) );
#7573 = PCURVE('',#7574,#7579);
#7574 = PLANE('',#7575);
#7575 = AXIS2_PLACEMENT_3D('',#7576,#7577,#7578);
#7576 = CARTESIAN_POINT('',(89.02392578125,-21.42333984375,2.2));
#7577 = DIRECTION('',(0.,0.,1.));
#7578 = DIRECTION('',(1.,0.,0.));
#7579 = DEFINITIONAL_REPRESENTATION('',(#7580),#7584);
#7580 = LINE('',#7581,#7582);
#7581 = CARTESIAN_POINT('',(1.37744140625,0.));
#7582 = VECTOR('',#7583,1.);
#7583 = DIRECTION('',(-1.,0.));
#7584 = ( GEOMETRIC_REPRESENTATION_CONTEXT(2) 
PARAMETRIC_REPRESENTATION_CONTEXT() REPRESENTATION_CONTEXT('2D SPACE',''
  ) );
#7585 = ORIENTED_EDGE('',*,*,#7586,.F.);
#7586 = EDGE_CURVE('',#6760,#7559,#7587,.T.);
#7587 = SURFACE_CURVE('',#7588,(#7592,#7599),.PCURVE_S1.);
#7588 = LINE('',#7589,#7590);
#7589 = CARTESIAN_POINT('',(89.7109375,-21.42333984375,3.));
#7590 = VECTOR('',#7591,1.);
#7591 = DIRECTION('',(-0.,-0.,-1.));
#7592 = PCURVE('',#6775,#7593);
#7593 = DEFINITIONAL_REPRESENTATION('',(#7594),#7598);
#7594 = LINE('',#7595,#7596);
#7595 = CARTESIAN_POINT('',(0.6904296875,0.));
#7596 = VECTOR('',#7597,1.);
#7597 = DIRECTION('',(0.,-1.));
#7598 = ( GEOMETRIC_REPRESENTATION_CONTEXT(2) 
PARAMETRIC_REPRESENTATION_CONTEXT() REPRESENTATION_CONTEXT('2D SPACE',''
  ) );
#7599 = PCURVE('',#6803,#7600);
#7600 = DEFINITIONAL_REPRESENTATION('',(#7601),#7605);
#7601 = LINE('',#7602,#7603);
#7602 = CARTESIAN_POINT('',(0.,0.));
#7603 = VECTOR('',#7604,1.);
#7604 = DIRECTION('',(0.,-1.));
#7605 = ( GEOMETRIC_REPRESENTATION_CONTEXT(2) 
PARAMETRIC_REPRESENTATION_CONTEXT() REPRESENTATION_CONTEXT('2D SPACE',''
  ) );
#7606 = ORIENTED_EDGE('',*,*,#6757,.F.);
#7607 = ADVANCED_FACE('',(#7608),#7005,.T.);
#7608 = FACE_BOUND('',#7609,.T.);
#7609 = EDGE_LOOP('',(#7610,#7633,#7654,#7655));
#7610 = ORIENTED_EDGE('',*,*,#7611,.T.);
#7611 = EDGE_CURVE('',#6964,#7612,#7614,.T.);
#7612 = VERTEX_POINT('',#7613);
#7613 = CARTESIAN_POINT('',(90.4013671875,-19.37255859375,2.2));
#7614 = SURFACE_CURVE('',#7615,(#7619,#7626),.PCURVE_S1.);
#7615 = LINE('',#7616,#7617);
#7616 = CARTESIAN_POINT('',(90.4013671875,-19.37255859375,3.));
#7617 = VECTOR('',#7618,1.);
#7618 = DIRECTION('',(-0.,-0.,-1.));
#7619 = PCURVE('',#7005,#7620);
#7620 = DEFINITIONAL_REPRESENTATION('',(#7621),#7625);
#7621 = LINE('',#7622,#7623);
#7622 = CARTESIAN_POINT('',(0.,0.));
#7623 = VECTOR('',#7624,1.);
#7624 = DIRECTION('',(0.,-1.));
#7625 = ( GEOMETRIC_REPRESENTATION_CONTEXT(2) 
PARAMETRIC_REPRESENTATION_CONTEXT() REPRESENTATION_CONTEXT('2D SPACE',''
  ) );
#7626 = PCURVE('',#6979,#7627);
#7627 = DEFINITIONAL_REPRESENTATION('',(#7628),#7632);
#7628 = LINE('',#7629,#7630);
#7629 = CARTESIAN_POINT('',(0.8681640625,0.));
#7630 = VECTOR('',#7631,1.);
#7631 = DIRECTION('',(0.,-1.));
#7632 = ( GEOMETRIC_REPRESENTATION_CONTEXT(2) 
PARAMETRIC_REPRESENTATION_CONTEXT() REPRESENTATION_CONTEXT('2D SPACE',''
  ) );
#7633 = ORIENTED_EDGE('',*,*,#7634,.T.);
#7634 = EDGE_CURVE('',#7612,#7536,#7635,.T.);
#7635 = SURFACE_CURVE('',#7636,(#7640,#7647),.PCURVE_S1.);
#7636 = LINE('',#7637,#7638);
#7637 = CARTESIAN_POINT('',(90.4013671875,-19.37255859375,2.2));
#7638 = VECTOR('',#7639,1.);
#7639 = DIRECTION('',(0.,-1.,0.));
#7640 = PCURVE('',#7005,#7641);
#7641 = DEFINITIONAL_REPRESENTATION('',(#7642),#7646);
#7642 = LINE('',#7643,#7644);
#7643 = CARTESIAN_POINT('',(0.,-0.8));
#7644 = VECTOR('',#7645,1.);
#7645 = DIRECTION('',(1.,0.));
#7646 = ( GEOMETRIC_REPRESENTATION_CONTEXT(2) 
PARAMETRIC_REPRESENTATION_CONTEXT() REPRESENTATION_CONTEXT('2D SPACE',''
  ) );
#7647 = PCURVE('',#7574,#7648);
#7648 = DEFINITIONAL_REPRESENTATION('',(#7649),#7653);
#7649 = LINE('',#7650,#7651);
#7650 = CARTESIAN_POINT('',(1.37744140625,2.05078125));
#7651 = VECTOR('',#7652,1.);
#7652 = DIRECTION('',(0.,-1.));
#7653 = ( GEOMETRIC_REPRESENTATION_CONTEXT(2) 
PARAMETRIC_REPRESENTATION_CONTEXT() REPRESENTATION_CONTEXT('2D SPACE',''
  ) );
#7654 = ORIENTED_EDGE('',*,*,#7535,.F.);
#7655 = ORIENTED_EDGE('',*,*,#6991,.F.);
#7656 = ADVANCED_FACE('',(#7657),#6979,.T.);
#7657 = FACE_BOUND('',#7658,.T.);
#7658 = EDGE_LOOP('',(#7659,#7682,#7703,#7704));
#7659 = ORIENTED_EDGE('',*,*,#7660,.T.);
#7660 = EDGE_CURVE('',#6934,#7661,#7663,.T.);
#7661 = VERTEX_POINT('',#7662);
#7662 = CARTESIAN_POINT('',(91.26953125,-19.37255859375,2.2));
#7663 = SURFACE_CURVE('',#7664,(#7668,#7675),.PCURVE_S1.);
#7664 = LINE('',#7665,#7666);
#7665 = CARTESIAN_POINT('',(91.26953125,-19.37255859375,3.));
#7666 = VECTOR('',#7667,1.);
#7667 = DIRECTION('',(-0.,-0.,-1.));
#7668 = PCURVE('',#6979,#7669);
#7669 = DEFINITIONAL_REPRESENTATION('',(#7670),#7674);
#7670 = LINE('',#7671,#7672);
#7671 = CARTESIAN_POINT('',(0.,0.));
#7672 = VECTOR('',#7673,1.);
#7673 = DIRECTION('',(0.,-1.));
#7674 = ( GEOMETRIC_REPRESENTATION_CONTEXT(2) 
PARAMETRIC_REPRESENTATION_CONTEXT() REPRESENTATION_CONTEXT('2D SPACE',''
  ) );
#7675 = PCURVE('',#6949,#7676);
#7676 = DEFINITIONAL_REPRESENTATION('',(#7677),#7681);
#7677 = LINE('',#7678,#7679);
#7678 = CARTESIAN_POINT('',(1.,0.));
#7679 = VECTOR('',#7680,1.);
#7680 = DIRECTION('',(0.,-1.));
#7681 = ( GEOMETRIC_REPRESENTATION_CONTEXT(2) 
PARAMETRIC_REPRESENTATION_CONTEXT() REPRESENTATION_CONTEXT('2D SPACE',''
  ) );
#7682 = ORIENTED_EDGE('',*,*,#7683,.T.);
#7683 = EDGE_CURVE('',#7661,#7612,#7684,.T.);
#7684 = SURFACE_CURVE('',#7685,(#7689,#7696),.PCURVE_S1.);
#7685 = LINE('',#7686,#7687);
#7686 = CARTESIAN_POINT('',(91.26953125,-19.37255859375,2.2));
#7687 = VECTOR('',#7688,1.);
#7688 = DIRECTION('',(-1.,0.,0.));
#7689 = PCURVE('',#6979,#7690);
#7690 = DEFINITIONAL_REPRESENTATION('',(#7691),#7695);
#7691 = LINE('',#7692,#7693);
#7692 = CARTESIAN_POINT('',(0.,-0.8));
#7693 = VECTOR('',#7694,1.);
#7694 = DIRECTION('',(1.,0.));
#7695 = ( GEOMETRIC_REPRESENTATION_CONTEXT(2) 
PARAMETRIC_REPRESENTATION_CONTEXT() REPRESENTATION_CONTEXT('2D SPACE',''
  ) );
#7696 = PCURVE('',#7574,#7697);
#7697 = DEFINITIONAL_REPRESENTATION('',(#7698),#7702);
#7698 = LINE('',#7699,#7700);
#7699 = CARTESIAN_POINT('',(2.24560546875,2.05078125));
#7700 = VECTOR('',#7701,1.);
#7701 = DIRECTION('',(-1.,0.));
#7702 = ( GEOMETRIC_REPRESENTATION_CONTEXT(2) 
PARAMETRIC_REPRESENTATION_CONTEXT() REPRESENTATION_CONTEXT('2D SPACE',''
  ) );
#7703 = ORIENTED_EDGE('',*,*,#7611,.F.);
#7704 = ORIENTED_EDGE('',*,*,#6963,.F.);
#7705 = ADVANCED_FACE('',(#7706),#6949,.T.);
#7706 = FACE_BOUND('',#7707,.T.);
#7707 = EDGE_LOOP('',(#7708,#7731,#7752,#7753));
#7708 = ORIENTED_EDGE('',*,*,#7709,.T.);
#7709 = EDGE_CURVE('',#6904,#7710,#7712,.T.);
#7710 = VERTEX_POINT('',#7711);
#7711 = CARTESIAN_POINT('',(92.566650390625,-18.986328125,2.2));
#7712 = SURFACE_CURVE('',#7713,(#7717,#7724),.PCURVE_S1.);
#7713 = LINE('',#7714,#7715);
#7714 = CARTESIAN_POINT('',(92.566650390625,-18.986328125,3.));
#7715 = VECTOR('',#7716,1.);
#7716 = DIRECTION('',(-0.,-0.,-1.));
#7717 = PCURVE('',#6949,#7718);
#7718 = DEFINITIONAL_REPRESENTATION('',(#7719),#7723);
#7719 = LINE('',#7720,#7721);
#7720 = CARTESIAN_POINT('',(0.,0.));
#7721 = VECTOR('',#7722,1.);
#7722 = DIRECTION('',(0.,-1.));
#7723 = ( GEOMETRIC_REPRESENTATION_CONTEXT(2) 
PARAMETRIC_REPRESENTATION_CONTEXT() REPRESENTATION_CONTEXT('2D SPACE',''
  ) );
#7724 = PCURVE('',#6919,#7725);
#7725 = DEFINITIONAL_REPRESENTATION('',(#7726),#7730);
#7726 = LINE('',#7727,#7728);
#7727 = CARTESIAN_POINT('',(1.,0.));
#7728 = VECTOR('',#7729,1.);
#7729 = DIRECTION('',(0.,-1.));
#7730 = ( GEOMETRIC_REPRESENTATION_CONTEXT(2) 
PARAMETRIC_REPRESENTATION_CONTEXT() REPRESENTATION_CONTEXT('2D SPACE',''
  ) );
#7731 = ORIENTED_EDGE('',*,*,#7732,.T.);
#7732 = EDGE_CURVE('',#7710,#7661,#7733,.T.);
#7733 = SURFACE_CURVE('',#7734,(#7738,#7745),.PCURVE_S1.);
#7734 = B_SPLINE_CURVE_WITH_KNOTS('',2,(#7735,#7736,#7737),
  .UNSPECIFIED.,.F.,.F.,(3,3),(0.,1.),.PIECEWISE_BEZIER_KNOTS.);
#7735 = CARTESIAN_POINT('',(92.566650390625,-18.986328125,2.2));
#7736 = CARTESIAN_POINT('',(92.12744140625,-19.37255859375,2.2));
#7737 = CARTESIAN_POINT('',(91.26953125,-19.37255859375,2.2));
#7738 = PCURVE('',#6949,#7739);
#7739 = DEFINITIONAL_REPRESENTATION('',(#7740),#7744);
#7740 = LINE('',#7741,#7742);
#7741 = CARTESIAN_POINT('',(0.,-0.8));
#7742 = VECTOR('',#7743,1.);
#7743 = DIRECTION('',(1.,0.));
#7744 = ( GEOMETRIC_REPRESENTATION_CONTEXT(2) 
PARAMETRIC_REPRESENTATION_CONTEXT() REPRESENTATION_CONTEXT('2D SPACE',''
  ) );
#7745 = PCURVE('',#7574,#7746);
#7746 = DEFINITIONAL_REPRESENTATION('',(#7747),#7751);
#7747 = B_SPLINE_CURVE_WITH_KNOTS('',2,(#7748,#7749,#7750),
  .UNSPECIFIED.,.F.,.F.,(3,3),(0.,1.),.PIECEWISE_BEZIER_KNOTS.);
#7748 = CARTESIAN_POINT('',(3.542724609375,2.43701171875));
#7749 = CARTESIAN_POINT('',(3.103515625,2.05078125));
#7750 = CARTESIAN_POINT('',(2.24560546875,2.05078125));
#7751 = ( GEOMETRIC_REPRESENTATION_CONTEXT(2) 
PARAMETRIC_REPRESENTATION_CONTEXT() REPRESENTATION_CONTEXT('2D SPACE',''
  ) );
#7752 = ORIENTED_EDGE('',*,*,#7660,.F.);
#7753 = ORIENTED_EDGE('',*,*,#6933,.F.);
#7754 = ADVANCED_FACE('',(#7755),#6919,.T.);
#7755 = FACE_BOUND('',#7756,.T.);
#7756 = EDGE_LOOP('',(#7757,#7780,#7801,#7802));
#7757 = ORIENTED_EDGE('',*,*,#7758,.T.);
#7758 = EDGE_CURVE('',#6874,#7759,#7761,.T.);
#7759 = VERTEX_POINT('',#7760);
#7760 = CARTESIAN_POINT('',(93.005859375,-17.8447265625,2.2));
#7761 = SURFACE_CURVE('',#7762,(#7766,#7773),.PCURVE_S1.);
#7762 = LINE('',#7763,#7764);
#7763 = CARTESIAN_POINT('',(93.005859375,-17.8447265625,3.));
#7764 = VECTOR('',#7765,1.);
#7765 = DIRECTION('',(-0.,-0.,-1.));
#7766 = PCURVE('',#6919,#7767);
#7767 = DEFINITIONAL_REPRESENTATION('',(#7768),#7772);
#7768 = LINE('',#7769,#7770);
#7769 = CARTESIAN_POINT('',(0.,0.));
#7770 = VECTOR('',#7771,1.);
#7771 = DIRECTION('',(0.,-1.));
#7772 = ( GEOMETRIC_REPRESENTATION_CONTEXT(2) 
PARAMETRIC_REPRESENTATION_CONTEXT() REPRESENTATION_CONTEXT('2D SPACE',''
  ) );
#7773 = PCURVE('',#6889,#7774);
#7774 = DEFINITIONAL_REPRESENTATION('',(#7775),#7779);
#7775 = LINE('',#7776,#7777);
#7776 = CARTESIAN_POINT('',(1.,0.));
#7777 = VECTOR('',#7778,1.);
#7778 = DIRECTION('',(0.,-1.));
#7779 = ( GEOMETRIC_REPRESENTATION_CONTEXT(2) 
PARAMETRIC_REPRESENTATION_CONTEXT() REPRESENTATION_CONTEXT('2D SPACE',''
  ) );
#7780 = ORIENTED_EDGE('',*,*,#7781,.T.);
#7781 = EDGE_CURVE('',#7759,#7710,#7782,.T.);
#7782 = SURFACE_CURVE('',#7783,(#7787,#7794),.PCURVE_S1.);
#7783 = B_SPLINE_CURVE_WITH_KNOTS('',2,(#7784,#7785,#7786),
  .UNSPECIFIED.,.F.,.F.,(3,3),(0.,1.),.PIECEWISE_BEZIER_KNOTS.);
#7784 = CARTESIAN_POINT('',(93.005859375,-17.8447265625,2.2));
#7785 = CARTESIAN_POINT('',(93.005859375,-18.60009765625,2.2));
#7786 = CARTESIAN_POINT('',(92.566650390625,-18.986328125,2.2));
#7787 = PCURVE('',#6919,#7788);
#7788 = DEFINITIONAL_REPRESENTATION('',(#7789),#7793);
#7789 = LINE('',#7790,#7791);
#7790 = CARTESIAN_POINT('',(0.,-0.8));
#7791 = VECTOR('',#7792,1.);
#7792 = DIRECTION('',(1.,0.));
#7793 = ( GEOMETRIC_REPRESENTATION_CONTEXT(2) 
PARAMETRIC_REPRESENTATION_CONTEXT() REPRESENTATION_CONTEXT('2D SPACE',''
  ) );
#7794 = PCURVE('',#7574,#7795);
#7795 = DEFINITIONAL_REPRESENTATION('',(#7796),#7800);
#7796 = B_SPLINE_CURVE_WITH_KNOTS('',2,(#7797,#7798,#7799),
  .UNSPECIFIED.,.F.,.F.,(3,3),(0.,1.),.PIECEWISE_BEZIER_KNOTS.);
#7797 = CARTESIAN_POINT('',(3.98193359375,3.57861328125));
#7798 = CARTESIAN_POINT('',(3.98193359375,2.8232421875));
#7799 = CARTESIAN_POINT('',(3.542724609375,2.43701171875));
#7800 = ( GEOMETRIC_REPRESENTATION_CONTEXT(2) 
PARAMETRIC_REPRESENTATION_CONTEXT() REPRESENTATION_CONTEXT('2D SPACE',''
  ) );
#7801 = ORIENTED_EDGE('',*,*,#7709,.F.);
#7802 = ORIENTED_EDGE('',*,*,#6903,.F.);
#7803 = ADVANCED_FACE('',(#7804),#6889,.T.);
#7804 = FACE_BOUND('',#7805,.T.);
#7805 = EDGE_LOOP('',(#7806,#7829,#7850,#7851));
#7806 = ORIENTED_EDGE('',*,*,#7807,.T.);
#7807 = EDGE_CURVE('',#6844,#7808,#7810,.T.);
#7808 = VERTEX_POINT('',#7809);
#7809 = CARTESIAN_POINT('',(92.566650390625,-16.70825195312,2.2));
#7810 = SURFACE_CURVE('',#7811,(#7815,#7822),.PCURVE_S1.);
#7811 = LINE('',#7812,#7813);
#7812 = CARTESIAN_POINT('',(92.566650390625,-16.70825195312,3.));
#7813 = VECTOR('',#7814,1.);
#7814 = DIRECTION('',(-0.,-0.,-1.));
#7815 = PCURVE('',#6889,#7816);
#7816 = DEFINITIONAL_REPRESENTATION('',(#7817),#7821);
#7817 = LINE('',#7818,#7819);
#7818 = CARTESIAN_POINT('',(0.,0.));
#7819 = VECTOR('',#7820,1.);
#7820 = DIRECTION('',(0.,-1.));
#7821 = ( GEOMETRIC_REPRESENTATION_CONTEXT(2) 
PARAMETRIC_REPRESENTATION_CONTEXT() REPRESENTATION_CONTEXT('2D SPACE',''
  ) );
#7822 = PCURVE('',#6859,#7823);
#7823 = DEFINITIONAL_REPRESENTATION('',(#7824),#7828);
#7824 = LINE('',#7825,#7826);
#7825 = CARTESIAN_POINT('',(1.,0.));
#7826 = VECTOR('',#7827,1.);
#7827 = DIRECTION('',(0.,-1.));
#7828 = ( GEOMETRIC_REPRESENTATION_CONTEXT(2) 
PARAMETRIC_REPRESENTATION_CONTEXT() REPRESENTATION_CONTEXT('2D SPACE',''
  ) );
#7829 = ORIENTED_EDGE('',*,*,#7830,.T.);
#7830 = EDGE_CURVE('',#7808,#7759,#7831,.T.);
#7831 = SURFACE_CURVE('',#7832,(#7836,#7843),.PCURVE_S1.);
#7832 = B_SPLINE_CURVE_WITH_KNOTS('',2,(#7833,#7834,#7835),
  .UNSPECIFIED.,.F.,.F.,(3,3),(0.,1.),.PIECEWISE_BEZIER_KNOTS.);
#7833 = CARTESIAN_POINT('',(92.566650390625,-16.70825195312,2.2));
#7834 = CARTESIAN_POINT('',(93.005859375,-17.09619140625,2.2));
#7835 = CARTESIAN_POINT('',(93.005859375,-17.8447265625,2.2));
#7836 = PCURVE('',#6889,#7837);
#7837 = DEFINITIONAL_REPRESENTATION('',(#7838),#7842);
#7838 = LINE('',#7839,#7840);
#7839 = CARTESIAN_POINT('',(0.,-0.8));
#7840 = VECTOR('',#7841,1.);
#7841 = DIRECTION('',(1.,0.));
#7842 = ( GEOMETRIC_REPRESENTATION_CONTEXT(2) 
PARAMETRIC_REPRESENTATION_CONTEXT() REPRESENTATION_CONTEXT('2D SPACE',''
  ) );
#7843 = PCURVE('',#7574,#7844);
#7844 = DEFINITIONAL_REPRESENTATION('',(#7845),#7849);
#7845 = B_SPLINE_CURVE_WITH_KNOTS('',2,(#7846,#7847,#7848),
  .UNSPECIFIED.,.F.,.F.,(3,3),(0.,1.),.PIECEWISE_BEZIER_KNOTS.);
#7846 = CARTESIAN_POINT('',(3.542724609375,4.715087890625));
#7847 = CARTESIAN_POINT('',(3.98193359375,4.3271484375));
#7848 = CARTESIAN_POINT('',(3.98193359375,3.57861328125));
#7849 = ( GEOMETRIC_REPRESENTATION_CONTEXT(2) 
PARAMETRIC_REPRESENTATION_CONTEXT() REPRESENTATION_CONTEXT('2D SPACE',''
  ) );
#7850 = ORIENTED_EDGE('',*,*,#7758,.F.);
#7851 = ORIENTED_EDGE('',*,*,#6873,.F.);
#7852 = ADVANCED_FACE('',(#7853),#6859,.T.);
#7853 = FACE_BOUND('',#7854,.T.);
#7854 = EDGE_LOOP('',(#7855,#7878,#7899,#7900));
#7855 = ORIENTED_EDGE('',*,*,#7856,.T.);
#7856 = EDGE_CURVE('',#6816,#7857,#7859,.T.);
#7857 = VERTEX_POINT('',#7858);
#7858 = CARTESIAN_POINT('',(91.26953125,-16.3203125,2.2));
#7859 = SURFACE_CURVE('',#7860,(#7864,#7871),.PCURVE_S1.);
#7860 = LINE('',#7861,#7862);
#7861 = CARTESIAN_POINT('',(91.26953125,-16.3203125,3.));
#7862 = VECTOR('',#7863,1.);
#7863 = DIRECTION('',(-0.,-0.,-1.));
#7864 = PCURVE('',#6859,#7865);
#7865 = DEFINITIONAL_REPRESENTATION('',(#7866),#7870);
#7866 = LINE('',#7867,#7868);
#7867 = CARTESIAN_POINT('',(0.,0.));
#7868 = VECTOR('',#7869,1.);
#7869 = DIRECTION('',(0.,-1.));
#7870 = ( GEOMETRIC_REPRESENTATION_CONTEXT(2) 
PARAMETRIC_REPRESENTATION_CONTEXT() REPRESENTATION_CONTEXT('2D SPACE',''
  ) );
#7871 = PCURVE('',#6831,#7872);
#7872 = DEFINITIONAL_REPRESENTATION('',(#7873),#7877);
#7873 = LINE('',#7874,#7875);
#7874 = CARTESIAN_POINT('',(1.55859375,0.));
#7875 = VECTOR('',#7876,1.);
#7876 = DIRECTION('',(0.,-1.));
#7877 = ( GEOMETRIC_REPRESENTATION_CONTEXT(2) 
PARAMETRIC_REPRESENTATION_CONTEXT() REPRESENTATION_CONTEXT('2D SPACE',''
  ) );
#7878 = ORIENTED_EDGE('',*,*,#7879,.T.);
#7879 = EDGE_CURVE('',#7857,#7808,#7880,.T.);
#7880 = SURFACE_CURVE('',#7881,(#7885,#7892),.PCURVE_S1.);
#7881 = B_SPLINE_CURVE_WITH_KNOTS('',2,(#7882,#7883,#7884),
  .UNSPECIFIED.,.F.,.F.,(3,3),(0.,1.),.PIECEWISE_BEZIER_KNOTS.);
#7882 = CARTESIAN_POINT('',(91.26953125,-16.3203125,2.2));
#7883 = CARTESIAN_POINT('',(92.12744140625,-16.3203125,2.2));
#7884 = CARTESIAN_POINT('',(92.566650390625,-16.70825195312,2.2));
#7885 = PCURVE('',#6859,#7886);
#7886 = DEFINITIONAL_REPRESENTATION('',(#7887),#7891);
#7887 = LINE('',#7888,#7889);
#7888 = CARTESIAN_POINT('',(0.,-0.8));
#7889 = VECTOR('',#7890,1.);
#7890 = DIRECTION('',(1.,0.));
#7891 = ( GEOMETRIC_REPRESENTATION_CONTEXT(2) 
PARAMETRIC_REPRESENTATION_CONTEXT() REPRESENTATION_CONTEXT('2D SPACE',''
  ) );
#7892 = PCURVE('',#7574,#7893);
#7893 = DEFINITIONAL_REPRESENTATION('',(#7894),#7898);
#7894 = B_SPLINE_CURVE_WITH_KNOTS('',2,(#7895,#7896,#7897),
  .UNSPECIFIED.,.F.,.F.,(3,3),(0.,1.),.PIECEWISE_BEZIER_KNOTS.);
#7895 = CARTESIAN_POINT('',(2.24560546875,5.10302734375));
#7896 = CARTESIAN_POINT('',(3.103515625,5.10302734375));
#7897 = CARTESIAN_POINT('',(3.542724609375,4.715087890625));
#7898 = ( GEOMETRIC_REPRESENTATION_CONTEXT(2) 
PARAMETRIC_REPRESENTATION_CONTEXT() REPRESENTATION_CONTEXT('2D SPACE',''
  ) );
#7899 = ORIENTED_EDGE('',*,*,#7807,.F.);
#7900 = ORIENTED_EDGE('',*,*,#6843,.F.);
#7901 = ADVANCED_FACE('',(#7902),#6831,.T.);
#7902 = FACE_BOUND('',#7903,.T.);
#7903 = EDGE_LOOP('',(#7904,#7927,#7948,#7949));
#7904 = ORIENTED_EDGE('',*,*,#7905,.T.);
#7905 = EDGE_CURVE('',#6788,#7906,#7908,.T.);
#7906 = VERTEX_POINT('',#7907);
#7907 = CARTESIAN_POINT('',(89.7109375,-16.3203125,2.2));
#7908 = SURFACE_CURVE('',#7909,(#7913,#7920),.PCURVE_S1.);
#7909 = LINE('',#7910,#7911);
#7910 = CARTESIAN_POINT('',(89.7109375,-16.3203125,3.));
#7911 = VECTOR('',#7912,1.);
#7912 = DIRECTION('',(-0.,-0.,-1.));
#7913 = PCURVE('',#6831,#7914);
#7914 = DEFINITIONAL_REPRESENTATION('',(#7915),#7919);
#7915 = LINE('',#7916,#7917);
#7916 = CARTESIAN_POINT('',(0.,0.));
#7917 = VECTOR('',#7918,1.);
#7918 = DIRECTION('',(0.,-1.));
#7919 = ( GEOMETRIC_REPRESENTATION_CONTEXT(2) 
PARAMETRIC_REPRESENTATION_CONTEXT() REPRESENTATION_CONTEXT('2D SPACE',''
  ) );
#7920 = PCURVE('',#6803,#7921);
#7921 = DEFINITIONAL_REPRESENTATION('',(#7922),#7926);
#7922 = LINE('',#7923,#7924);
#7923 = CARTESIAN_POINT('',(5.10302734375,0.));
#7924 = VECTOR('',#7925,1.);
#7925 = DIRECTION('',(0.,-1.));
#7926 = ( GEOMETRIC_REPRESENTATION_CONTEXT(2) 
PARAMETRIC_REPRESENTATION_CONTEXT() REPRESENTATION_CONTEXT('2D SPACE',''
  ) );
#7927 = ORIENTED_EDGE('',*,*,#7928,.T.);
#7928 = EDGE_CURVE('',#7906,#7857,#7929,.T.);
#7929 = SURFACE_CURVE('',#7930,(#7934,#7941),.PCURVE_S1.);
#7930 = LINE('',#7931,#7932);
#7931 = CARTESIAN_POINT('',(89.7109375,-16.3203125,2.2));
#7932 = VECTOR('',#7933,1.);
#7933 = DIRECTION('',(1.,0.,0.));
#7934 = PCURVE('',#6831,#7935);
#7935 = DEFINITIONAL_REPRESENTATION('',(#7936),#7940);
#7936 = LINE('',#7937,#7938);
#7937 = CARTESIAN_POINT('',(0.,-0.8));
#7938 = VECTOR('',#7939,1.);
#7939 = DIRECTION('',(1.,0.));
#7940 = ( GEOMETRIC_REPRESENTATION_CONTEXT(2) 
PARAMETRIC_REPRESENTATION_CONTEXT() REPRESENTATION_CONTEXT('2D SPACE',''
  ) );
#7941 = PCURVE('',#7574,#7942);
#7942 = DEFINITIONAL_REPRESENTATION('',(#7943),#7947);
#7943 = LINE('',#7944,#7945);
#7944 = CARTESIAN_POINT('',(0.68701171875,5.10302734375));
#7945 = VECTOR('',#7946,1.);
#7946 = DIRECTION('',(1.,0.));
#7947 = ( GEOMETRIC_REPRESENTATION_CONTEXT(2) 
PARAMETRIC_REPRESENTATION_CONTEXT() REPRESENTATION_CONTEXT('2D SPACE',''
  ) );
#7948 = ORIENTED_EDGE('',*,*,#7856,.F.);
#7949 = ORIENTED_EDGE('',*,*,#6815,.F.);
#7950 = ADVANCED_FACE('',(#7951),#6803,.T.);
#7951 = FACE_BOUND('',#7952,.T.);
#7952 = EDGE_LOOP('',(#7953,#7954,#7975,#7976));
#7953 = ORIENTED_EDGE('',*,*,#7586,.T.);
#7954 = ORIENTED_EDGE('',*,*,#7955,.T.);
#7955 = EDGE_CURVE('',#7559,#7906,#7956,.T.);
#7956 = SURFACE_CURVE('',#7957,(#7961,#7968),.PCURVE_S1.);
#7957 = LINE('',#7958,#7959);
#7958 = CARTESIAN_POINT('',(89.7109375,-21.42333984375,2.2));
#7959 = VECTOR('',#7960,1.);
#7960 = DIRECTION('',(0.,1.,0.));
#7961 = PCURVE('',#6803,#7962);
#7962 = DEFINITIONAL_REPRESENTATION('',(#7963),#7967);
#7963 = LINE('',#7964,#7965);
#7964 = CARTESIAN_POINT('',(0.,-0.8));
#7965 = VECTOR('',#7966,1.);
#7966 = DIRECTION('',(1.,0.));
#7967 = ( GEOMETRIC_REPRESENTATION_CONTEXT(2) 
PARAMETRIC_REPRESENTATION_CONTEXT() REPRESENTATION_CONTEXT('2D SPACE',''
  ) );
#7968 = PCURVE('',#7574,#7969);
#7969 = DEFINITIONAL_REPRESENTATION('',(#7970),#7974);
#7970 = LINE('',#7971,#7972);
#7971 = CARTESIAN_POINT('',(0.68701171875,0.));
#7972 = VECTOR('',#7973,1.);
#7973 = DIRECTION('',(0.,1.));
#7974 = ( GEOMETRIC_REPRESENTATION_CONTEXT(2) 
PARAMETRIC_REPRESENTATION_CONTEXT() REPRESENTATION_CONTEXT('2D SPACE',''
  ) );
#7975 = ORIENTED_EDGE('',*,*,#7905,.F.);
#7976 = ORIENTED_EDGE('',*,*,#6787,.F.);
#7977 = ADVANCED_FACE('',(#7978),#7037,.T.);
#7978 = FACE_BOUND('',#7979,.T.);
#7979 = EDGE_LOOP('',(#7980,#8003,#8031,#8052));
#7980 = ORIENTED_EDGE('',*,*,#7981,.T.);
#7981 = EDGE_CURVE('',#7020,#7982,#7984,.T.);
#7982 = VERTEX_POINT('',#7983);
#7983 = CARTESIAN_POINT('',(93.580078125,-21.42333984375,2.2));
#7984 = SURFACE_CURVE('',#7985,(#7989,#7996),.PCURVE_S1.);
#7985 = LINE('',#7986,#7987);
#7986 = CARTESIAN_POINT('',(93.580078125,-21.42333984375,3.));
#7987 = VECTOR('',#7988,1.);
#7988 = DIRECTION('',(-0.,-0.,-1.));
#7989 = PCURVE('',#7037,#7990);
#7990 = DEFINITIONAL_REPRESENTATION('',(#7991),#7995);
#7991 = LINE('',#7992,#7993);
#7992 = CARTESIAN_POINT('',(0.,0.));
#7993 = VECTOR('',#7994,1.);
#7994 = DIRECTION('',(0.,-1.));
#7995 = ( GEOMETRIC_REPRESENTATION_CONTEXT(2) 
PARAMETRIC_REPRESENTATION_CONTEXT() REPRESENTATION_CONTEXT('2D SPACE',''
  ) );
#7996 = PCURVE('',#7231,#7997);
#7997 = DEFINITIONAL_REPRESENTATION('',(#7998),#8002);
#7998 = LINE('',#7999,#8000);
#7999 = CARTESIAN_POINT('',(1.389163588803,0.));
#8000 = VECTOR('',#8001,1.);
#8001 = DIRECTION('',(0.,-1.));
#8002 = ( GEOMETRIC_REPRESENTATION_CONTEXT(2) 
PARAMETRIC_REPRESENTATION_CONTEXT() REPRESENTATION_CONTEXT('2D SPACE',''
  ) );
#8003 = ORIENTED_EDGE('',*,*,#8004,.T.);
#8004 = EDGE_CURVE('',#7982,#8005,#8007,.T.);
#8005 = VERTEX_POINT('',#8006);
#8006 = CARTESIAN_POINT('',(92.85205078125,-21.42333984375,2.2));
#8007 = SURFACE_CURVE('',#8008,(#8012,#8019),.PCURVE_S1.);
#8008 = LINE('',#8009,#8010);
#8009 = CARTESIAN_POINT('',(93.580078125,-21.42333984375,2.2));
#8010 = VECTOR('',#8011,1.);
#8011 = DIRECTION('',(-1.,0.,0.));
#8012 = PCURVE('',#7037,#8013);
#8013 = DEFINITIONAL_REPRESENTATION('',(#8014),#8018);
#8014 = LINE('',#8015,#8016);
#8015 = CARTESIAN_POINT('',(0.,-0.8));
#8016 = VECTOR('',#8017,1.);
#8017 = DIRECTION('',(1.,0.));
#8018 = ( GEOMETRIC_REPRESENTATION_CONTEXT(2) 
PARAMETRIC_REPRESENTATION_CONTEXT() REPRESENTATION_CONTEXT('2D SPACE',''
  ) );
#8019 = PCURVE('',#8020,#8025);
#8020 = PLANE('',#8021);
#8021 = AXIS2_PLACEMENT_3D('',#8022,#8023,#8024);
#8022 = CARTESIAN_POINT('',(92.79736328125,-21.42333984375,2.2));
#8023 = DIRECTION('',(0.,0.,1.));
#8024 = DIRECTION('',(1.,0.,0.));
#8025 = DEFINITIONAL_REPRESENTATION('',(#8026),#8030);
#8026 = LINE('',#8027,#8028);
#8027 = CARTESIAN_POINT('',(0.78271484375,0.));
#8028 = VECTOR('',#8029,1.);
#8029 = DIRECTION('',(-1.,0.));
#8030 = ( GEOMETRIC_REPRESENTATION_CONTEXT(2) 
PARAMETRIC_REPRESENTATION_CONTEXT() REPRESENTATION_CONTEXT('2D SPACE',''
  ) );
#8031 = ORIENTED_EDGE('',*,*,#8032,.F.);
#8032 = EDGE_CURVE('',#7022,#8005,#8033,.T.);
#8033 = SURFACE_CURVE('',#8034,(#8038,#8045),.PCURVE_S1.);
#8034 = LINE('',#8035,#8036);
#8035 = CARTESIAN_POINT('',(92.85205078125,-21.42333984375,3.));
#8036 = VECTOR('',#8037,1.);
#8037 = DIRECTION('',(-0.,-0.,-1.));
#8038 = PCURVE('',#7037,#8039);
#8039 = DEFINITIONAL_REPRESENTATION('',(#8040),#8044);
#8040 = LINE('',#8041,#8042);
#8041 = CARTESIAN_POINT('',(0.72802734375,0.));
#8042 = VECTOR('',#8043,1.);
#8043 = DIRECTION('',(0.,-1.));
#8044 = ( GEOMETRIC_REPRESENTATION_CONTEXT(2) 
PARAMETRIC_REPRESENTATION_CONTEXT() REPRESENTATION_CONTEXT('2D SPACE',''
  ) );
#8045 = PCURVE('',#7065,#8046);
#8046 = DEFINITIONAL_REPRESENTATION('',(#8047),#8051);
#8047 = LINE('',#8048,#8049);
#8048 = CARTESIAN_POINT('',(0.,0.));
#8049 = VECTOR('',#8050,1.);
#8050 = DIRECTION('',(0.,-1.));
#8051 = ( GEOMETRIC_REPRESENTATION_CONTEXT(2) 
PARAMETRIC_REPRESENTATION_CONTEXT() REPRESENTATION_CONTEXT('2D SPACE',''
  ) );
#8052 = ORIENTED_EDGE('',*,*,#7019,.F.);
#8053 = ADVANCED_FACE('',(#8054),#7231,.T.);
#8054 = FACE_BOUND('',#8055,.T.);
#8055 = EDGE_LOOP('',(#8056,#8079,#8100,#8101));
#8056 = ORIENTED_EDGE('',*,*,#8057,.T.);
#8057 = EDGE_CURVE('',#7190,#8058,#8060,.T.);
#8058 = VERTEX_POINT('',#8059);
#8059 = CARTESIAN_POINT('',(94.044921875,-20.1142578125,2.2));
#8060 = SURFACE_CURVE('',#8061,(#8065,#8072),.PCURVE_S1.);
#8061 = LINE('',#8062,#8063);
#8062 = CARTESIAN_POINT('',(94.044921875,-20.1142578125,3.));
#8063 = VECTOR('',#8064,1.);
#8064 = DIRECTION('',(-0.,-0.,-1.));
#8065 = PCURVE('',#7231,#8066);
#8066 = DEFINITIONAL_REPRESENTATION('',(#8067),#8071);
#8067 = LINE('',#8068,#8069);
#8068 = CARTESIAN_POINT('',(0.,0.));
#8069 = VECTOR('',#8070,1.);
#8070 = DIRECTION('',(0.,-1.));
#8071 = ( GEOMETRIC_REPRESENTATION_CONTEXT(2) 
PARAMETRIC_REPRESENTATION_CONTEXT() REPRESENTATION_CONTEXT('2D SPACE',''
  ) );
#8072 = PCURVE('',#7205,#8073);
#8073 = DEFINITIONAL_REPRESENTATION('',(#8074),#8078);
#8074 = LINE('',#8075,#8076);
#8075 = CARTESIAN_POINT('',(2.30029296875,0.));
#8076 = VECTOR('',#8077,1.);
#8077 = DIRECTION('',(0.,-1.));
#8078 = ( GEOMETRIC_REPRESENTATION_CONTEXT(2) 
PARAMETRIC_REPRESENTATION_CONTEXT() REPRESENTATION_CONTEXT('2D SPACE',''
  ) );
#8079 = ORIENTED_EDGE('',*,*,#8080,.T.);
#8080 = EDGE_CURVE('',#8058,#7982,#8081,.T.);
#8081 = SURFACE_CURVE('',#8082,(#8086,#8093),.PCURVE_S1.);
#8082 = LINE('',#8083,#8084);
#8083 = CARTESIAN_POINT('',(94.044921875,-20.1142578125,2.2));
#8084 = VECTOR('',#8085,1.);
#8085 = DIRECTION('',(-0.334621317278,-0.942352680276,0.));
#8086 = PCURVE('',#7231,#8087);
#8087 = DEFINITIONAL_REPRESENTATION('',(#8088),#8092);
#8088 = LINE('',#8089,#8090);
#8089 = CARTESIAN_POINT('',(-0.,-0.8));
#8090 = VECTOR('',#8091,1.);
#8091 = DIRECTION('',(1.,0.));
#8092 = ( GEOMETRIC_REPRESENTATION_CONTEXT(2) 
PARAMETRIC_REPRESENTATION_CONTEXT() REPRESENTATION_CONTEXT('2D SPACE',''
  ) );
#8093 = PCURVE('',#8020,#8094);
#8094 = DEFINITIONAL_REPRESENTATION('',(#8095),#8099);
#8095 = LINE('',#8096,#8097);
#8096 = CARTESIAN_POINT('',(1.24755859375,1.30908203125));
#8097 = VECTOR('',#8098,1.);
#8098 = DIRECTION('',(-0.334621317278,-0.942352680276));
#8099 = ( GEOMETRIC_REPRESENTATION_CONTEXT(2) 
PARAMETRIC_REPRESENTATION_CONTEXT() REPRESENTATION_CONTEXT('2D SPACE',''
  ) );
#8100 = ORIENTED_EDGE('',*,*,#7981,.F.);
#8101 = ORIENTED_EDGE('',*,*,#7217,.F.);
#8102 = ADVANCED_FACE('',(#8103),#7205,.T.);
#8103 = FACE_BOUND('',#8104,.T.);
#8104 = EDGE_LOOP('',(#8105,#8128,#8149,#8150));
#8105 = ORIENTED_EDGE('',*,*,#8106,.T.);
#8106 = EDGE_CURVE('',#7162,#8107,#8109,.T.);
#8107 = VERTEX_POINT('',#8108);
#8108 = CARTESIAN_POINT('',(96.34521484375,-20.1142578125,2.2));
#8109 = SURFACE_CURVE('',#8110,(#8114,#8121),.PCURVE_S1.);
#8110 = LINE('',#8111,#8112);
#8111 = CARTESIAN_POINT('',(96.34521484375,-20.1142578125,3.));
#8112 = VECTOR('',#8113,1.);
#8113 = DIRECTION('',(-0.,-0.,-1.));
#8114 = PCURVE('',#7205,#8115);
#8115 = DEFINITIONAL_REPRESENTATION('',(#8116),#8120);
#8116 = LINE('',#8117,#8118);
#8117 = CARTESIAN_POINT('',(0.,0.));
#8118 = VECTOR('',#8119,1.);
#8119 = DIRECTION('',(0.,-1.));
#8120 = ( GEOMETRIC_REPRESENTATION_CONTEXT(2) 
PARAMETRIC_REPRESENTATION_CONTEXT() REPRESENTATION_CONTEXT('2D SPACE',''
  ) );
#8121 = PCURVE('',#7177,#8122);
#8122 = DEFINITIONAL_REPRESENTATION('',(#8123),#8127);
#8123 = LINE('',#8124,#8125);
#8124 = CARTESIAN_POINT('',(1.389163588803,0.));
#8125 = VECTOR('',#8126,1.);
#8126 = DIRECTION('',(0.,-1.));
#8127 = ( GEOMETRIC_REPRESENTATION_CONTEXT(2) 
PARAMETRIC_REPRESENTATION_CONTEXT() REPRESENTATION_CONTEXT('2D SPACE',''
  ) );
#8128 = ORIENTED_EDGE('',*,*,#8129,.T.);
#8129 = EDGE_CURVE('',#8107,#8058,#8130,.T.);
#8130 = SURFACE_CURVE('',#8131,(#8135,#8142),.PCURVE_S1.);
#8131 = LINE('',#8132,#8133);
#8132 = CARTESIAN_POINT('',(96.34521484375,-20.1142578125,2.2));
#8133 = VECTOR('',#8134,1.);
#8134 = DIRECTION('',(-1.,0.,0.));
#8135 = PCURVE('',#7205,#8136);
#8136 = DEFINITIONAL_REPRESENTATION('',(#8137),#8141);
#8137 = LINE('',#8138,#8139);
#8138 = CARTESIAN_POINT('',(0.,-0.8));
#8139 = VECTOR('',#8140,1.);
#8140 = DIRECTION('',(1.,0.));
#8141 = ( GEOMETRIC_REPRESENTATION_CONTEXT(2) 
PARAMETRIC_REPRESENTATION_CONTEXT() REPRESENTATION_CONTEXT('2D SPACE',''
  ) );
#8142 = PCURVE('',#8020,#8143);
#8143 = DEFINITIONAL_REPRESENTATION('',(#8144),#8148);
#8144 = LINE('',#8145,#8146);
#8145 = CARTESIAN_POINT('',(3.5478515625,1.30908203125));
#8146 = VECTOR('',#8147,1.);
#8147 = DIRECTION('',(-1.,0.));
#8148 = ( GEOMETRIC_REPRESENTATION_CONTEXT(2) 
PARAMETRIC_REPRESENTATION_CONTEXT() REPRESENTATION_CONTEXT('2D SPACE',''
  ) );
#8149 = ORIENTED_EDGE('',*,*,#8057,.F.);
#8150 = ORIENTED_EDGE('',*,*,#7189,.F.);
#8151 = ADVANCED_FACE('',(#8152),#7177,.T.);
#8152 = FACE_BOUND('',#8153,.T.);
#8153 = EDGE_LOOP('',(#8154,#8177,#8198,#8199));
#8154 = ORIENTED_EDGE('',*,*,#8155,.T.);
#8155 = EDGE_CURVE('',#7134,#8156,#8158,.T.);
#8156 = VERTEX_POINT('',#8157);
#8157 = CARTESIAN_POINT('',(96.81005859375,-21.42333984375,2.2));
#8158 = SURFACE_CURVE('',#8159,(#8163,#8170),.PCURVE_S1.);
#8159 = LINE('',#8160,#8161);
#8160 = CARTESIAN_POINT('',(96.81005859375,-21.42333984375,3.));
#8161 = VECTOR('',#8162,1.);
#8162 = DIRECTION('',(-0.,-0.,-1.));
#8163 = PCURVE('',#7177,#8164);
#8164 = DEFINITIONAL_REPRESENTATION('',(#8165),#8169);
#8165 = LINE('',#8166,#8167);
#8166 = CARTESIAN_POINT('',(0.,0.));
#8167 = VECTOR('',#8168,1.);
#8168 = DIRECTION('',(0.,-1.));
#8169 = ( GEOMETRIC_REPRESENTATION_CONTEXT(2) 
PARAMETRIC_REPRESENTATION_CONTEXT() REPRESENTATION_CONTEXT('2D SPACE',''
  ) );
#8170 = PCURVE('',#7149,#8171);
#8171 = DEFINITIONAL_REPRESENTATION('',(#8172),#8176);
#8172 = LINE('',#8173,#8174);
#8173 = CARTESIAN_POINT('',(0.7177734375,0.));
#8174 = VECTOR('',#8175,1.);
#8175 = DIRECTION('',(0.,-1.));
#8176 = ( GEOMETRIC_REPRESENTATION_CONTEXT(2) 
PARAMETRIC_REPRESENTATION_CONTEXT() REPRESENTATION_CONTEXT('2D SPACE',''
  ) );
#8177 = ORIENTED_EDGE('',*,*,#8178,.T.);
#8178 = EDGE_CURVE('',#8156,#8107,#8179,.T.);
#8179 = SURFACE_CURVE('',#8180,(#8184,#8191),.PCURVE_S1.);
#8180 = LINE('',#8181,#8182);
#8181 = CARTESIAN_POINT('',(96.81005859375,-21.42333984375,2.2));
#8182 = VECTOR('',#8183,1.);
#8183 = DIRECTION('',(-0.334621317278,0.942352680276,0.));
#8184 = PCURVE('',#7177,#8185);
#8185 = DEFINITIONAL_REPRESENTATION('',(#8186),#8190);
#8186 = LINE('',#8187,#8188);
#8187 = CARTESIAN_POINT('',(0.,-0.8));
#8188 = VECTOR('',#8189,1.);
#8189 = DIRECTION('',(1.,0.));
#8190 = ( GEOMETRIC_REPRESENTATION_CONTEXT(2) 
PARAMETRIC_REPRESENTATION_CONTEXT() REPRESENTATION_CONTEXT('2D SPACE',''
  ) );
#8191 = PCURVE('',#8020,#8192);
#8192 = DEFINITIONAL_REPRESENTATION('',(#8193),#8197);
#8193 = LINE('',#8194,#8195);
#8194 = CARTESIAN_POINT('',(4.0126953125,0.));
#8195 = VECTOR('',#8196,1.);
#8196 = DIRECTION('',(-0.334621317278,0.942352680276));
#8197 = ( GEOMETRIC_REPRESENTATION_CONTEXT(2) 
PARAMETRIC_REPRESENTATION_CONTEXT() REPRESENTATION_CONTEXT('2D SPACE',''
  ) );
#8198 = ORIENTED_EDGE('',*,*,#8106,.F.);
#8199 = ORIENTED_EDGE('',*,*,#7161,.F.);
#8200 = ADVANCED_FACE('',(#8201),#7149,.T.);
#8201 = FACE_BOUND('',#8202,.T.);
#8202 = EDGE_LOOP('',(#8203,#8226,#8247,#8248));
#8203 = ORIENTED_EDGE('',*,*,#8204,.T.);
#8204 = EDGE_CURVE('',#7106,#8205,#8207,.T.);
#8205 = VERTEX_POINT('',#8206);
#8206 = CARTESIAN_POINT('',(97.52783203125,-21.42333984375,2.2));
#8207 = SURFACE_CURVE('',#8208,(#8212,#8219),.PCURVE_S1.);
#8208 = LINE('',#8209,#8210);
#8209 = CARTESIAN_POINT('',(97.52783203125,-21.42333984375,3.));
#8210 = VECTOR('',#8211,1.);
#8211 = DIRECTION('',(-0.,-0.,-1.));
#8212 = PCURVE('',#7149,#8213);
#8213 = DEFINITIONAL_REPRESENTATION('',(#8214),#8218);
#8214 = LINE('',#8215,#8216);
#8215 = CARTESIAN_POINT('',(0.,0.));
#8216 = VECTOR('',#8217,1.);
#8217 = DIRECTION('',(0.,-1.));
#8218 = ( GEOMETRIC_REPRESENTATION_CONTEXT(2) 
PARAMETRIC_REPRESENTATION_CONTEXT() REPRESENTATION_CONTEXT('2D SPACE',''
  ) );
#8219 = PCURVE('',#7121,#8220);
#8220 = DEFINITIONAL_REPRESENTATION('',(#8221),#8225);
#8221 = LINE('',#8222,#8223);
#8222 = CARTESIAN_POINT('',(5.461064851556,0.));
#8223 = VECTOR('',#8224,1.);
#8224 = DIRECTION('',(0.,-1.));
#8225 = ( GEOMETRIC_REPRESENTATION_CONTEXT(2) 
PARAMETRIC_REPRESENTATION_CONTEXT() REPRESENTATION_CONTEXT('2D SPACE',''
  ) );
#8226 = ORIENTED_EDGE('',*,*,#8227,.T.);
#8227 = EDGE_CURVE('',#8205,#8156,#8228,.T.);
#8228 = SURFACE_CURVE('',#8229,(#8233,#8240),.PCURVE_S1.);
#8229 = LINE('',#8230,#8231);
#8230 = CARTESIAN_POINT('',(97.52783203125,-21.42333984375,2.2));
#8231 = VECTOR('',#8232,1.);
#8232 = DIRECTION('',(-1.,0.,0.));
#8233 = PCURVE('',#7149,#8234);
#8234 = DEFINITIONAL_REPRESENTATION('',(#8235),#8239);
#8235 = LINE('',#8236,#8237);
#8236 = CARTESIAN_POINT('',(0.,-0.8));
#8237 = VECTOR('',#8238,1.);
#8238 = DIRECTION('',(1.,0.));
#8239 = ( GEOMETRIC_REPRESENTATION_CONTEXT(2) 
PARAMETRIC_REPRESENTATION_CONTEXT() REPRESENTATION_CONTEXT('2D SPACE',''
  ) );
#8240 = PCURVE('',#8020,#8241);
#8241 = DEFINITIONAL_REPRESENTATION('',(#8242),#8246);
#8242 = LINE('',#8243,#8244);
#8243 = CARTESIAN_POINT('',(4.73046875,0.));
#8244 = VECTOR('',#8245,1.);
#8245 = DIRECTION('',(-1.,0.));
#8246 = ( GEOMETRIC_REPRESENTATION_CONTEXT(2) 
PARAMETRIC_REPRESENTATION_CONTEXT() REPRESENTATION_CONTEXT('2D SPACE',''
  ) );
#8247 = ORIENTED_EDGE('',*,*,#8155,.F.);
#8248 = ORIENTED_EDGE('',*,*,#7133,.F.);
#8249 = ADVANCED_FACE('',(#8250),#7121,.T.);
#8250 = FACE_BOUND('',#8251,.T.);
#8251 = EDGE_LOOP('',(#8252,#8275,#8296,#8297));
#8252 = ORIENTED_EDGE('',*,*,#8253,.T.);
#8253 = EDGE_CURVE('',#7078,#8254,#8256,.T.);
#8254 = VERTEX_POINT('',#8255);
#8255 = CARTESIAN_POINT('',(95.5830078125,-16.3203125,2.2));
#8256 = SURFACE_CURVE('',#8257,(#8261,#8268),.PCURVE_S1.);
#8257 = LINE('',#8258,#8259);
#8258 = CARTESIAN_POINT('',(95.5830078125,-16.3203125,3.));
#8259 = VECTOR('',#8260,1.);
#8260 = DIRECTION('',(-0.,-0.,-1.));
#8261 = PCURVE('',#7121,#8262);
#8262 = DEFINITIONAL_REPRESENTATION('',(#8263),#8267);
#8263 = LINE('',#8264,#8265);
#8264 = CARTESIAN_POINT('',(0.,0.));
#8265 = VECTOR('',#8266,1.);
#8266 = DIRECTION('',(0.,-1.));
#8267 = ( GEOMETRIC_REPRESENTATION_CONTEXT(2) 
PARAMETRIC_REPRESENTATION_CONTEXT() REPRESENTATION_CONTEXT('2D SPACE',''
  ) );
#8268 = PCURVE('',#7093,#8269);
#8269 = DEFINITIONAL_REPRESENTATION('',(#8270),#8274);
#8270 = LINE('',#8271,#8272);
#8271 = CARTESIAN_POINT('',(0.78271484375,0.));
#8272 = VECTOR('',#8273,1.);
#8273 = DIRECTION('',(0.,-1.));
#8274 = ( GEOMETRIC_REPRESENTATION_CONTEXT(2) 
PARAMETRIC_REPRESENTATION_CONTEXT() REPRESENTATION_CONTEXT('2D SPACE',''
  ) );
#8275 = ORIENTED_EDGE('',*,*,#8276,.T.);
#8276 = EDGE_CURVE('',#8254,#8205,#8277,.T.);
#8277 = SURFACE_CURVE('',#8278,(#8282,#8289),.PCURVE_S1.);
#8278 = LINE('',#8279,#8280);
#8279 = CARTESIAN_POINT('',(95.5830078125,-16.3203125,2.2));
#8280 = VECTOR('',#8281,1.);
#8281 = DIRECTION('',(0.35612545751,-0.934438151251,0.));
#8282 = PCURVE('',#7121,#8283);
#8283 = DEFINITIONAL_REPRESENTATION('',(#8284),#8288);
#8284 = LINE('',#8285,#8286);
#8285 = CARTESIAN_POINT('',(0.,-0.8));
#8286 = VECTOR('',#8287,1.);
#8287 = DIRECTION('',(1.,0.));
#8288 = ( GEOMETRIC_REPRESENTATION_CONTEXT(2) 
PARAMETRIC_REPRESENTATION_CONTEXT() REPRESENTATION_CONTEXT('2D SPACE',''
  ) );
#8289 = PCURVE('',#8020,#8290);
#8290 = DEFINITIONAL_REPRESENTATION('',(#8291),#8295);
#8291 = LINE('',#8292,#8293);
#8292 = CARTESIAN_POINT('',(2.78564453125,5.10302734375));
#8293 = VECTOR('',#8294,1.);
#8294 = DIRECTION('',(0.35612545751,-0.934438151251));
#8295 = ( GEOMETRIC_REPRESENTATION_CONTEXT(2) 
PARAMETRIC_REPRESENTATION_CONTEXT() REPRESENTATION_CONTEXT('2D SPACE',''
  ) );
#8296 = ORIENTED_EDGE('',*,*,#8204,.F.);
#8297 = ORIENTED_EDGE('',*,*,#7105,.F.);
#8298 = ADVANCED_FACE('',(#8299),#7093,.T.);
#8299 = FACE_BOUND('',#8300,.T.);
#8300 = EDGE_LOOP('',(#8301,#8324,#8345,#8346));
#8301 = ORIENTED_EDGE('',*,*,#8302,.T.);
#8302 = EDGE_CURVE('',#7050,#8303,#8305,.T.);
#8303 = VERTEX_POINT('',#8304);
#8304 = CARTESIAN_POINT('',(94.80029296875,-16.3203125,2.2));
#8305 = SURFACE_CURVE('',#8306,(#8310,#8317),.PCURVE_S1.);
#8306 = LINE('',#8307,#8308);
#8307 = CARTESIAN_POINT('',(94.80029296875,-16.3203125,3.));
#8308 = VECTOR('',#8309,1.);
#8309 = DIRECTION('',(-0.,-0.,-1.));
#8310 = PCURVE('',#7093,#8311);
#8311 = DEFINITIONAL_REPRESENTATION('',(#8312),#8316);
#8312 = LINE('',#8313,#8314);
#8313 = CARTESIAN_POINT('',(0.,0.));
#8314 = VECTOR('',#8315,1.);
#8315 = DIRECTION('',(0.,-1.));
#8316 = ( GEOMETRIC_REPRESENTATION_CONTEXT(2) 
PARAMETRIC_REPRESENTATION_CONTEXT() REPRESENTATION_CONTEXT('2D SPACE',''
  ) );
#8317 = PCURVE('',#7065,#8318);
#8318 = DEFINITIONAL_REPRESENTATION('',(#8319),#8323);
#8319 = LINE('',#8320,#8321);
#8320 = CARTESIAN_POINT('',(5.462283010996,0.));
#8321 = VECTOR('',#8322,1.);
#8322 = DIRECTION('',(0.,-1.));
#8323 = ( GEOMETRIC_REPRESENTATION_CONTEXT(2) 
PARAMETRIC_REPRESENTATION_CONTEXT() REPRESENTATION_CONTEXT('2D SPACE',''
  ) );
#8324 = ORIENTED_EDGE('',*,*,#8325,.T.);
#8325 = EDGE_CURVE('',#8303,#8254,#8326,.T.);
#8326 = SURFACE_CURVE('',#8327,(#8331,#8338),.PCURVE_S1.);
#8327 = LINE('',#8328,#8329);
#8328 = CARTESIAN_POINT('',(94.80029296875,-16.3203125,2.2));
#8329 = VECTOR('',#8330,1.);
#8330 = DIRECTION('',(1.,0.,0.));
#8331 = PCURVE('',#7093,#8332);
#8332 = DEFINITIONAL_REPRESENTATION('',(#8333),#8337);
#8333 = LINE('',#8334,#8335);
#8334 = CARTESIAN_POINT('',(0.,-0.8));
#8335 = VECTOR('',#8336,1.);
#8336 = DIRECTION('',(1.,0.));
#8337 = ( GEOMETRIC_REPRESENTATION_CONTEXT(2) 
PARAMETRIC_REPRESENTATION_CONTEXT() REPRESENTATION_CONTEXT('2D SPACE',''
  ) );
#8338 = PCURVE('',#8020,#8339);
#8339 = DEFINITIONAL_REPRESENTATION('',(#8340),#8344);
#8340 = LINE('',#8341,#8342);
#8341 = CARTESIAN_POINT('',(2.0029296875,5.10302734375));
#8342 = VECTOR('',#8343,1.);
#8343 = DIRECTION('',(1.,0.));
#8344 = ( GEOMETRIC_REPRESENTATION_CONTEXT(2) 
PARAMETRIC_REPRESENTATION_CONTEXT() REPRESENTATION_CONTEXT('2D SPACE',''
  ) );
#8345 = ORIENTED_EDGE('',*,*,#8253,.F.);
#8346 = ORIENTED_EDGE('',*,*,#7077,.F.);
#8347 = ADVANCED_FACE('',(#8348),#7065,.T.);
#8348 = FACE_BOUND('',#8349,.T.);
#8349 = EDGE_LOOP('',(#8350,#8351,#8372,#8373));
#8350 = ORIENTED_EDGE('',*,*,#8032,.T.);
#8351 = ORIENTED_EDGE('',*,*,#8352,.T.);
#8352 = EDGE_CURVE('',#8005,#8303,#8353,.T.);
#8353 = SURFACE_CURVE('',#8354,(#8358,#8365),.PCURVE_S1.);
#8354 = LINE('',#8355,#8356);
#8355 = CARTESIAN_POINT('',(92.85205078125,-21.42333984375,2.2));
#8356 = VECTOR('',#8357,1.);
#8357 = DIRECTION('',(0.356671776907,0.934229759512,0.));
#8358 = PCURVE('',#7065,#8359);
#8359 = DEFINITIONAL_REPRESENTATION('',(#8360),#8364);
#8360 = LINE('',#8361,#8362);
#8361 = CARTESIAN_POINT('',(0.,-0.8));
#8362 = VECTOR('',#8363,1.);
#8363 = DIRECTION('',(1.,0.));
#8364 = ( GEOMETRIC_REPRESENTATION_CONTEXT(2) 
PARAMETRIC_REPRESENTATION_CONTEXT() REPRESENTATION_CONTEXT('2D SPACE',''
  ) );
#8365 = PCURVE('',#8020,#8366);
#8366 = DEFINITIONAL_REPRESENTATION('',(#8367),#8371);
#8367 = LINE('',#8368,#8369);
#8368 = CARTESIAN_POINT('',(5.46875E-02,0.));
#8369 = VECTOR('',#8370,1.);
#8370 = DIRECTION('',(0.356671776907,0.934229759512));
#8371 = ( GEOMETRIC_REPRESENTATION_CONTEXT(2) 
PARAMETRIC_REPRESENTATION_CONTEXT() REPRESENTATION_CONTEXT('2D SPACE',''
  ) );
#8372 = ORIENTED_EDGE('',*,*,#8302,.F.);
#8373 = ORIENTED_EDGE('',*,*,#7049,.F.);
#8374 = ADVANCED_FACE('',(#8375),#7263,.T.);
#8375 = FACE_BOUND('',#8376,.T.);
#8376 = EDGE_LOOP('',(#8377,#8400,#8428,#8449));
#8377 = ORIENTED_EDGE('',*,*,#8378,.T.);
#8378 = EDGE_CURVE('',#7246,#8379,#8381,.T.);
#8379 = VERTEX_POINT('',#8380);
#8380 = CARTESIAN_POINT('',(99.69140625,-21.42333984375,2.2));
#8381 = SURFACE_CURVE('',#8382,(#8386,#8393),.PCURVE_S1.);
#8382 = LINE('',#8383,#8384);
#8383 = CARTESIAN_POINT('',(99.69140625,-21.42333984375,3.));
#8384 = VECTOR('',#8385,1.);
#8385 = DIRECTION('',(-0.,-0.,-1.));
#8386 = PCURVE('',#7263,#8387);
#8387 = DEFINITIONAL_REPRESENTATION('',(#8388),#8392);
#8388 = LINE('',#8389,#8390);
#8389 = CARTESIAN_POINT('',(0.,0.));
#8390 = VECTOR('',#8391,1.);
#8391 = DIRECTION('',(0.,-1.));
#8392 = ( GEOMETRIC_REPRESENTATION_CONTEXT(2) 
PARAMETRIC_REPRESENTATION_CONTEXT() REPRESENTATION_CONTEXT('2D SPACE',''
  ) );
#8393 = PCURVE('',#7435,#8394);
#8394 = DEFINITIONAL_REPRESENTATION('',(#8395),#8399);
#8395 = LINE('',#8396,#8397);
#8396 = CARTESIAN_POINT('',(1.,0.));
#8397 = VECTOR('',#8398,1.);
#8398 = DIRECTION('',(0.,-1.));
#8399 = ( GEOMETRIC_REPRESENTATION_CONTEXT(2) 
PARAMETRIC_REPRESENTATION_CONTEXT() REPRESENTATION_CONTEXT('2D SPACE',''
  ) );
#8400 = ORIENTED_EDGE('',*,*,#8401,.T.);
#8401 = EDGE_CURVE('',#8379,#8402,#8404,.T.);
#8402 = VERTEX_POINT('',#8403);
#8403 = CARTESIAN_POINT('',(98.27294921875,-21.42333984375,2.2));
#8404 = SURFACE_CURVE('',#8405,(#8409,#8416),.PCURVE_S1.);
#8405 = LINE('',#8406,#8407);
#8406 = CARTESIAN_POINT('',(99.69140625,-21.42333984375,2.2));
#8407 = VECTOR('',#8408,1.);
#8408 = DIRECTION('',(-1.,0.,0.));
#8409 = PCURVE('',#7263,#8410);
#8410 = DEFINITIONAL_REPRESENTATION('',(#8411),#8415);
#8411 = LINE('',#8412,#8413);
#8412 = CARTESIAN_POINT('',(0.,-0.8));
#8413 = VECTOR('',#8414,1.);
#8414 = DIRECTION('',(1.,0.));
#8415 = ( GEOMETRIC_REPRESENTATION_CONTEXT(2) 
PARAMETRIC_REPRESENTATION_CONTEXT() REPRESENTATION_CONTEXT('2D SPACE',''
  ) );
#8416 = PCURVE('',#8417,#8422);
#8417 = PLANE('',#8418);
#8418 = AXIS2_PLACEMENT_3D('',#8419,#8420,#8421);
#8419 = CARTESIAN_POINT('',(97.5859375,-21.42333984375,2.2));
#8420 = DIRECTION('',(0.,0.,1.));
#8421 = DIRECTION('',(1.,0.,0.));
#8422 = DEFINITIONAL_REPRESENTATION('',(#8423),#8427);
#8423 = LINE('',#8424,#8425);
#8424 = CARTESIAN_POINT('',(2.10546875,0.));
#8425 = VECTOR('',#8426,1.);
#8426 = DIRECTION('',(-1.,0.));
#8427 = ( GEOMETRIC_REPRESENTATION_CONTEXT(2) 
PARAMETRIC_REPRESENTATION_CONTEXT() REPRESENTATION_CONTEXT('2D SPACE',''
  ) );
#8428 = ORIENTED_EDGE('',*,*,#8429,.F.);
#8429 = EDGE_CURVE('',#7248,#8402,#8430,.T.);
#8430 = SURFACE_CURVE('',#8431,(#8435,#8442),.PCURVE_S1.);
#8431 = LINE('',#8432,#8433);
#8432 = CARTESIAN_POINT('',(98.27294921875,-21.42333984375,3.));
#8433 = VECTOR('',#8434,1.);
#8434 = DIRECTION('',(-0.,-0.,-1.));
#8435 = PCURVE('',#7263,#8436);
#8436 = DEFINITIONAL_REPRESENTATION('',(#8437),#8441);
#8437 = LINE('',#8438,#8439);
#8438 = CARTESIAN_POINT('',(1.41845703125,0.));
#8439 = VECTOR('',#8440,1.);
#8440 = DIRECTION('',(0.,-1.));
#8441 = ( GEOMETRIC_REPRESENTATION_CONTEXT(2) 
PARAMETRIC_REPRESENTATION_CONTEXT() REPRESENTATION_CONTEXT('2D SPACE',''
  ) );
#8442 = PCURVE('',#7291,#8443);
#8443 = DEFINITIONAL_REPRESENTATION('',(#8444),#8448);
#8444 = LINE('',#8445,#8446);
#8445 = CARTESIAN_POINT('',(0.,0.));
#8446 = VECTOR('',#8447,1.);
#8447 = DIRECTION('',(0.,-1.));
#8448 = ( GEOMETRIC_REPRESENTATION_CONTEXT(2) 
PARAMETRIC_REPRESENTATION_CONTEXT() REPRESENTATION_CONTEXT('2D SPACE',''
  ) );
#8449 = ORIENTED_EDGE('',*,*,#7245,.F.);
#8450 = ADVANCED_FACE('',(#8451),#7435,.T.);
#8451 = FACE_BOUND('',#8452,.T.);
#8452 = EDGE_LOOP('',(#8453,#8476,#8497,#8498));
#8453 = ORIENTED_EDGE('',*,*,#8454,.T.);
#8454 = EDGE_CURVE('',#7392,#8455,#8457,.T.);
#8455 = VERTEX_POINT('',#8456);
#8456 = CARTESIAN_POINT('',(101.865234375,-20.8046875,2.2));
#8457 = SURFACE_CURVE('',#8458,(#8462,#8469),.PCURVE_S1.);
#8458 = LINE('',#8459,#8460);
#8459 = CARTESIAN_POINT('',(101.865234375,-20.8046875,3.));
#8460 = VECTOR('',#8461,1.);
#8461 = DIRECTION('',(-0.,-0.,-1.));
#8462 = PCURVE('',#7435,#8463);
#8463 = DEFINITIONAL_REPRESENTATION('',(#8464),#8468);
#8464 = LINE('',#8465,#8466);
#8465 = CARTESIAN_POINT('',(0.,0.));
#8466 = VECTOR('',#8467,1.);
#8467 = DIRECTION('',(0.,-1.));
#8468 = ( GEOMETRIC_REPRESENTATION_CONTEXT(2) 
PARAMETRIC_REPRESENTATION_CONTEXT() REPRESENTATION_CONTEXT('2D SPACE',''
  ) );
#8469 = PCURVE('',#7407,#8470);
#8470 = DEFINITIONAL_REPRESENTATION('',(#8471),#8475);
#8471 = LINE('',#8472,#8473);
#8472 = CARTESIAN_POINT('',(1.,0.));
#8473 = VECTOR('',#8474,1.);
#8474 = DIRECTION('',(0.,-1.));
#8475 = ( GEOMETRIC_REPRESENTATION_CONTEXT(2) 
PARAMETRIC_REPRESENTATION_CONTEXT() REPRESENTATION_CONTEXT('2D SPACE',''
  ) );
#8476 = ORIENTED_EDGE('',*,*,#8477,.T.);
#8477 = EDGE_CURVE('',#8455,#8379,#8478,.T.);
#8478 = SURFACE_CURVE('',#8479,(#8483,#8490),.PCURVE_S1.);
#8479 = B_SPLINE_CURVE_WITH_KNOTS('',2,(#8480,#8481,#8482),
  .UNSPECIFIED.,.F.,.F.,(3,3),(0.,1.),.PIECEWISE_BEZIER_KNOTS.);
#8480 = CARTESIAN_POINT('',(101.865234375,-20.8046875,2.2));
#8481 = CARTESIAN_POINT('',(101.16796875,-21.42333984375,2.2));
#8482 = CARTESIAN_POINT('',(99.69140625,-21.42333984375,2.2));
#8483 = PCURVE('',#7435,#8484);
#8484 = DEFINITIONAL_REPRESENTATION('',(#8485),#8489);
#8485 = LINE('',#8486,#8487);
#8486 = CARTESIAN_POINT('',(0.,-0.8));
#8487 = VECTOR('',#8488,1.);
#8488 = DIRECTION('',(1.,0.));
#8489 = ( GEOMETRIC_REPRESENTATION_CONTEXT(2) 
PARAMETRIC_REPRESENTATION_CONTEXT() REPRESENTATION_CONTEXT('2D SPACE',''
  ) );
#8490 = PCURVE('',#8417,#8491);
#8491 = DEFINITIONAL_REPRESENTATION('',(#8492),#8496);
#8492 = B_SPLINE_CURVE_WITH_KNOTS('',2,(#8493,#8494,#8495),
  .UNSPECIFIED.,.F.,.F.,(3,3),(0.,1.),.PIECEWISE_BEZIER_KNOTS.);
#8493 = CARTESIAN_POINT('',(4.279296875,0.61865234375));
#8494 = CARTESIAN_POINT('',(3.58203125,0.));
#8495 = CARTESIAN_POINT('',(2.10546875,0.));
#8496 = ( GEOMETRIC_REPRESENTATION_CONTEXT(2) 
PARAMETRIC_REPRESENTATION_CONTEXT() REPRESENTATION_CONTEXT('2D SPACE',''
  ) );
#8497 = ORIENTED_EDGE('',*,*,#8378,.F.);
#8498 = ORIENTED_EDGE('',*,*,#7421,.F.);
#8499 = ADVANCED_FACE('',(#8500),#7407,.T.);
#8500 = FACE_BOUND('',#8501,.T.);
#8501 = EDGE_LOOP('',(#8502,#8525,#8546,#8547));
#8502 = ORIENTED_EDGE('',*,*,#8503,.T.);
#8503 = EDGE_CURVE('',#7362,#8504,#8506,.T.);
#8504 = VERTEX_POINT('',#8505);
#8505 = CARTESIAN_POINT('',(102.5625,-18.86669921875,2.2));
#8506 = SURFACE_CURVE('',#8507,(#8511,#8518),.PCURVE_S1.);
#8507 = LINE('',#8508,#8509);
#8508 = CARTESIAN_POINT('',(102.5625,-18.86669921875,3.));
#8509 = VECTOR('',#8510,1.);
#8510 = DIRECTION('',(-0.,-0.,-1.));
#8511 = PCURVE('',#7407,#8512);
#8512 = DEFINITIONAL_REPRESENTATION('',(#8513),#8517);
#8513 = LINE('',#8514,#8515);
#8514 = CARTESIAN_POINT('',(0.,0.));
#8515 = VECTOR('',#8516,1.);
#8516 = DIRECTION('',(0.,-1.));
#8517 = ( GEOMETRIC_REPRESENTATION_CONTEXT(2) 
PARAMETRIC_REPRESENTATION_CONTEXT() REPRESENTATION_CONTEXT('2D SPACE',''
  ) );
#8518 = PCURVE('',#7377,#8519);
#8519 = DEFINITIONAL_REPRESENTATION('',(#8520),#8524);
#8520 = LINE('',#8521,#8522);
#8521 = CARTESIAN_POINT('',(1.,0.));
#8522 = VECTOR('',#8523,1.);
#8523 = DIRECTION('',(0.,-1.));
#8524 = ( GEOMETRIC_REPRESENTATION_CONTEXT(2) 
PARAMETRIC_REPRESENTATION_CONTEXT() REPRESENTATION_CONTEXT('2D SPACE',''
  ) );
#8525 = ORIENTED_EDGE('',*,*,#8526,.T.);
#8526 = EDGE_CURVE('',#8504,#8455,#8527,.T.);
#8527 = SURFACE_CURVE('',#8528,(#8532,#8539),.PCURVE_S1.);
#8528 = B_SPLINE_CURVE_WITH_KNOTS('',2,(#8529,#8530,#8531),
  .UNSPECIFIED.,.F.,.F.,(3,3),(0.,1.),.PIECEWISE_BEZIER_KNOTS.);
#8529 = CARTESIAN_POINT('',(102.5625,-18.86669921875,2.2));
#8530 = CARTESIAN_POINT('',(102.5625,-20.18603515625,2.2));
#8531 = CARTESIAN_POINT('',(101.865234375,-20.8046875,2.2));
#8532 = PCURVE('',#7407,#8533);
#8533 = DEFINITIONAL_REPRESENTATION('',(#8534),#8538);
#8534 = LINE('',#8535,#8536);
#8535 = CARTESIAN_POINT('',(0.,-0.8));
#8536 = VECTOR('',#8537,1.);
#8537 = DIRECTION('',(1.,0.));
#8538 = ( GEOMETRIC_REPRESENTATION_CONTEXT(2) 
PARAMETRIC_REPRESENTATION_CONTEXT() REPRESENTATION_CONTEXT('2D SPACE',''
  ) );
#8539 = PCURVE('',#8417,#8540);
#8540 = DEFINITIONAL_REPRESENTATION('',(#8541),#8545);
#8541 = B_SPLINE_CURVE_WITH_KNOTS('',2,(#8542,#8543,#8544),
  .UNSPECIFIED.,.F.,.F.,(3,3),(0.,1.),.PIECEWISE_BEZIER_KNOTS.);
#8542 = CARTESIAN_POINT('',(4.9765625,2.556640625));
#8543 = CARTESIAN_POINT('',(4.9765625,1.2373046875));
#8544 = CARTESIAN_POINT('',(4.279296875,0.61865234375));
#8545 = ( GEOMETRIC_REPRESENTATION_CONTEXT(2) 
PARAMETRIC_REPRESENTATION_CONTEXT() REPRESENTATION_CONTEXT('2D SPACE',''
  ) );
#8546 = ORIENTED_EDGE('',*,*,#8454,.F.);
#8547 = ORIENTED_EDGE('',*,*,#7391,.F.);
#8548 = ADVANCED_FACE('',(#8549),#7377,.T.);
#8549 = FACE_BOUND('',#8550,.T.);
#8550 = EDGE_LOOP('',(#8551,#8574,#8595,#8596));
#8551 = ORIENTED_EDGE('',*,*,#8552,.T.);
#8552 = EDGE_CURVE('',#7332,#8553,#8555,.T.);
#8553 = VERTEX_POINT('',#8554);
#8554 = CARTESIAN_POINT('',(101.86865234375,-16.93725585937,2.2));
#8555 = SURFACE_CURVE('',#8556,(#8560,#8567),.PCURVE_S1.);
#8556 = LINE('',#8557,#8558);
#8557 = CARTESIAN_POINT('',(101.86865234375,-16.93725585937,3.));
#8558 = VECTOR('',#8559,1.);
#8559 = DIRECTION('',(-0.,-0.,-1.));
#8560 = PCURVE('',#7377,#8561);
#8561 = DEFINITIONAL_REPRESENTATION('',(#8562),#8566);
#8562 = LINE('',#8563,#8564);
#8563 = CARTESIAN_POINT('',(0.,0.));
#8564 = VECTOR('',#8565,1.);
#8565 = DIRECTION('',(0.,-1.));
#8566 = ( GEOMETRIC_REPRESENTATION_CONTEXT(2) 
PARAMETRIC_REPRESENTATION_CONTEXT() REPRESENTATION_CONTEXT('2D SPACE',''
  ) );
#8567 = PCURVE('',#7347,#8568);
#8568 = DEFINITIONAL_REPRESENTATION('',(#8569),#8573);
#8569 = LINE('',#8570,#8571);
#8570 = CARTESIAN_POINT('',(1.,0.));
#8571 = VECTOR('',#8572,1.);
#8572 = DIRECTION('',(0.,-1.));
#8573 = ( GEOMETRIC_REPRESENTATION_CONTEXT(2) 
PARAMETRIC_REPRESENTATION_CONTEXT() REPRESENTATION_CONTEXT('2D SPACE',''
  ) );
#8574 = ORIENTED_EDGE('',*,*,#8575,.T.);
#8575 = EDGE_CURVE('',#8553,#8504,#8576,.T.);
#8576 = SURFACE_CURVE('',#8577,(#8581,#8588),.PCURVE_S1.);
#8577 = B_SPLINE_CURVE_WITH_KNOTS('',2,(#8578,#8579,#8580),
  .UNSPECIFIED.,.F.,.F.,(3,3),(0.,1.),.PIECEWISE_BEZIER_KNOTS.);
#8578 = CARTESIAN_POINT('',(101.86865234375,-16.93725585937,2.2));
#8579 = CARTESIAN_POINT('',(102.5625,-17.55419921875,2.2));
#8580 = CARTESIAN_POINT('',(102.5625,-18.86669921875,2.2));
#8581 = PCURVE('',#7377,#8582);
#8582 = DEFINITIONAL_REPRESENTATION('',(#8583),#8587);
#8583 = LINE('',#8584,#8585);
#8584 = CARTESIAN_POINT('',(0.,-0.8));
#8585 = VECTOR('',#8586,1.);
#8586 = DIRECTION('',(1.,0.));
#8587 = ( GEOMETRIC_REPRESENTATION_CONTEXT(2) 
PARAMETRIC_REPRESENTATION_CONTEXT() REPRESENTATION_CONTEXT('2D SPACE',''
  ) );
#8588 = PCURVE('',#8417,#8589);
#8589 = DEFINITIONAL_REPRESENTATION('',(#8590),#8594);
#8590 = B_SPLINE_CURVE_WITH_KNOTS('',2,(#8591,#8592,#8593),
  .UNSPECIFIED.,.F.,.F.,(3,3),(0.,1.),.PIECEWISE_BEZIER_KNOTS.);
#8591 = CARTESIAN_POINT('',(4.28271484375,4.486083984375));
#8592 = CARTESIAN_POINT('',(4.9765625,3.869140625));
#8593 = CARTESIAN_POINT('',(4.9765625,2.556640625));
#8594 = ( GEOMETRIC_REPRESENTATION_CONTEXT(2) 
PARAMETRIC_REPRESENTATION_CONTEXT() REPRESENTATION_CONTEXT('2D SPACE',''
  ) );
#8595 = ORIENTED_EDGE('',*,*,#8503,.F.);
#8596 = ORIENTED_EDGE('',*,*,#7361,.F.);
#8597 = ADVANCED_FACE('',(#8598),#7347,.T.);
#8598 = FACE_BOUND('',#8599,.T.);
#8599 = EDGE_LOOP('',(#8600,#8623,#8644,#8645));
#8600 = ORIENTED_EDGE('',*,*,#8601,.T.);
#8601 = EDGE_CURVE('',#7304,#8602,#8604,.T.);
#8602 = VERTEX_POINT('',#8603);
#8603 = CARTESIAN_POINT('',(99.69140625,-16.3203125,2.2));
#8604 = SURFACE_CURVE('',#8605,(#8609,#8616),.PCURVE_S1.);
#8605 = LINE('',#8606,#8607);
#8606 = CARTESIAN_POINT('',(99.69140625,-16.3203125,3.));
#8607 = VECTOR('',#8608,1.);
#8608 = DIRECTION('',(-0.,-0.,-1.));
#8609 = PCURVE('',#7347,#8610);
#8610 = DEFINITIONAL_REPRESENTATION('',(#8611),#8615);
#8611 = LINE('',#8612,#8613);
#8612 = CARTESIAN_POINT('',(0.,0.));
#8613 = VECTOR('',#8614,1.);
#8614 = DIRECTION('',(0.,-1.));
#8615 = ( GEOMETRIC_REPRESENTATION_CONTEXT(2) 
PARAMETRIC_REPRESENTATION_CONTEXT() REPRESENTATION_CONTEXT('2D SPACE',''
  ) );
#8616 = PCURVE('',#7319,#8617);
#8617 = DEFINITIONAL_REPRESENTATION('',(#8618),#8622);
#8618 = LINE('',#8619,#8620);
#8619 = CARTESIAN_POINT('',(1.41845703125,0.));
#8620 = VECTOR('',#8621,1.);
#8621 = DIRECTION('',(0.,-1.));
#8622 = ( GEOMETRIC_REPRESENTATION_CONTEXT(2) 
PARAMETRIC_REPRESENTATION_CONTEXT() REPRESENTATION_CONTEXT('2D SPACE',''
  ) );
#8623 = ORIENTED_EDGE('',*,*,#8624,.T.);
#8624 = EDGE_CURVE('',#8602,#8553,#8625,.T.);
#8625 = SURFACE_CURVE('',#8626,(#8630,#8637),.PCURVE_S1.);
#8626 = B_SPLINE_CURVE_WITH_KNOTS('',2,(#8627,#8628,#8629),
  .UNSPECIFIED.,.F.,.F.,(3,3),(0.,1.),.PIECEWISE_BEZIER_KNOTS.);
#8627 = CARTESIAN_POINT('',(99.69140625,-16.3203125,2.2));
#8628 = CARTESIAN_POINT('',(101.1748046875,-16.3203125,2.2));
#8629 = CARTESIAN_POINT('',(101.86865234375,-16.93725585937,2.2));
#8630 = PCURVE('',#7347,#8631);
#8631 = DEFINITIONAL_REPRESENTATION('',(#8632),#8636);
#8632 = LINE('',#8633,#8634);
#8633 = CARTESIAN_POINT('',(0.,-0.8));
#8634 = VECTOR('',#8635,1.);
#8635 = DIRECTION('',(1.,0.));
#8636 = ( GEOMETRIC_REPRESENTATION_CONTEXT(2) 
PARAMETRIC_REPRESENTATION_CONTEXT() REPRESENTATION_CONTEXT('2D SPACE',''
  ) );
#8637 = PCURVE('',#8417,#8638);
#8638 = DEFINITIONAL_REPRESENTATION('',(#8639),#8643);
#8639 = B_SPLINE_CURVE_WITH_KNOTS('',2,(#8640,#8641,#8642),
  .UNSPECIFIED.,.F.,.F.,(3,3),(0.,1.),.PIECEWISE_BEZIER_KNOTS.);
#8640 = CARTESIAN_POINT('',(2.10546875,5.10302734375));
#8641 = CARTESIAN_POINT('',(3.5888671875,5.10302734375));
#8642 = CARTESIAN_POINT('',(4.28271484375,4.486083984375));
#8643 = ( GEOMETRIC_REPRESENTATION_CONTEXT(2) 
PARAMETRIC_REPRESENTATION_CONTEXT() REPRESENTATION_CONTEXT('2D SPACE',''
  ) );
#8644 = ORIENTED_EDGE('',*,*,#8552,.F.);
#8645 = ORIENTED_EDGE('',*,*,#7331,.F.);
#8646 = ADVANCED_FACE('',(#8647),#7319,.T.);
#8647 = FACE_BOUND('',#8648,.T.);
#8648 = EDGE_LOOP('',(#8649,#8672,#8693,#8694));
#8649 = ORIENTED_EDGE('',*,*,#8650,.T.);
#8650 = EDGE_CURVE('',#7276,#8651,#8653,.T.);
#8651 = VERTEX_POINT('',#8652);
#8652 = CARTESIAN_POINT('',(98.27294921875,-16.3203125,2.2));
#8653 = SURFACE_CURVE('',#8654,(#8658,#8665),.PCURVE_S1.);
#8654 = LINE('',#8655,#8656);
#8655 = CARTESIAN_POINT('',(98.27294921875,-16.3203125,3.));
#8656 = VECTOR('',#8657,1.);
#8657 = DIRECTION('',(-0.,-0.,-1.));
#8658 = PCURVE('',#7319,#8659);
#8659 = DEFINITIONAL_REPRESENTATION('',(#8660),#8664);
#8660 = LINE('',#8661,#8662);
#8661 = CARTESIAN_POINT('',(0.,0.));
#8662 = VECTOR('',#8663,1.);
#8663 = DIRECTION('',(0.,-1.));
#8664 = ( GEOMETRIC_REPRESENTATION_CONTEXT(2) 
PARAMETRIC_REPRESENTATION_CONTEXT() REPRESENTATION_CONTEXT('2D SPACE',''
  ) );
#8665 = PCURVE('',#7291,#8666);
#8666 = DEFINITIONAL_REPRESENTATION('',(#8667),#8671);
#8667 = LINE('',#8668,#8669);
#8668 = CARTESIAN_POINT('',(5.10302734375,0.));
#8669 = VECTOR('',#8670,1.);
#8670 = DIRECTION('',(0.,-1.));
#8671 = ( GEOMETRIC_REPRESENTATION_CONTEXT(2) 
PARAMETRIC_REPRESENTATION_CONTEXT() REPRESENTATION_CONTEXT('2D SPACE',''
  ) );
#8672 = ORIENTED_EDGE('',*,*,#8673,.T.);
#8673 = EDGE_CURVE('',#8651,#8602,#8674,.T.);
#8674 = SURFACE_CURVE('',#8675,(#8679,#8686),.PCURVE_S1.);
#8675 = LINE('',#8676,#8677);
#8676 = CARTESIAN_POINT('',(98.27294921875,-16.3203125,2.2));
#8677 = VECTOR('',#8678,1.);
#8678 = DIRECTION('',(1.,0.,0.));
#8679 = PCURVE('',#7319,#8680);
#8680 = DEFINITIONAL_REPRESENTATION('',(#8681),#8685);
#8681 = LINE('',#8682,#8683);
#8682 = CARTESIAN_POINT('',(0.,-0.8));
#8683 = VECTOR('',#8684,1.);
#8684 = DIRECTION('',(1.,0.));
#8685 = ( GEOMETRIC_REPRESENTATION_CONTEXT(2) 
PARAMETRIC_REPRESENTATION_CONTEXT() REPRESENTATION_CONTEXT('2D SPACE',''
  ) );
#8686 = PCURVE('',#8417,#8687);
#8687 = DEFINITIONAL_REPRESENTATION('',(#8688),#8692);
#8688 = LINE('',#8689,#8690);
#8689 = CARTESIAN_POINT('',(0.68701171875,5.10302734375));
#8690 = VECTOR('',#8691,1.);
#8691 = DIRECTION('',(1.,0.));
#8692 = ( GEOMETRIC_REPRESENTATION_CONTEXT(2) 
PARAMETRIC_REPRESENTATION_CONTEXT() REPRESENTATION_CONTEXT('2D SPACE',''
  ) );
#8693 = ORIENTED_EDGE('',*,*,#8601,.F.);
#8694 = ORIENTED_EDGE('',*,*,#7303,.F.);
#8695 = ADVANCED_FACE('',(#8696),#7291,.T.);
#8696 = FACE_BOUND('',#8697,.T.);
#8697 = EDGE_LOOP('',(#8698,#8699,#8720,#8721));
#8698 = ORIENTED_EDGE('',*,*,#8429,.T.);
#8699 = ORIENTED_EDGE('',*,*,#8700,.T.);
#8700 = EDGE_CURVE('',#8402,#8651,#8701,.T.);
#8701 = SURFACE_CURVE('',#8702,(#8706,#8713),.PCURVE_S1.);
#8702 = LINE('',#8703,#8704);
#8703 = CARTESIAN_POINT('',(98.27294921875,-21.42333984375,2.2));
#8704 = VECTOR('',#8705,1.);
#8705 = DIRECTION('',(0.,1.,0.));
#8706 = PCURVE('',#7291,#8707);
#8707 = DEFINITIONAL_REPRESENTATION('',(#8708),#8712);
#8708 = LINE('',#8709,#8710);
#8709 = CARTESIAN_POINT('',(0.,-0.8));
#8710 = VECTOR('',#8711,1.);
#8711 = DIRECTION('',(1.,0.));
#8712 = ( GEOMETRIC_REPRESENTATION_CONTEXT(2) 
PARAMETRIC_REPRESENTATION_CONTEXT() REPRESENTATION_CONTEXT('2D SPACE',''
  ) );
#8713 = PCURVE('',#8417,#8714);
#8714 = DEFINITIONAL_REPRESENTATION('',(#8715),#8719);
#8715 = LINE('',#8716,#8717);
#8716 = CARTESIAN_POINT('',(0.68701171875,0.));
#8717 = VECTOR('',#8718,1.);
#8718 = DIRECTION('',(0.,1.));
#8719 = ( GEOMETRIC_REPRESENTATION_CONTEXT(2) 
PARAMETRIC_REPRESENTATION_CONTEXT() REPRESENTATION_CONTEXT('2D SPACE',''
  ) );
#8720 = ORIENTED_EDGE('',*,*,#8650,.F.);
#8721 = ORIENTED_EDGE('',*,*,#7275,.F.);
#8722 = ADVANCED_FACE('',(#8723,#8734),#7574,.T.);
#8723 = FACE_BOUND('',#8724,.F.);
#8724 = EDGE_LOOP('',(#8725,#8726,#8727,#8728,#8729,#8730,#8731,#8732,
    #8733));
#8725 = ORIENTED_EDGE('',*,*,#7955,.T.);
#8726 = ORIENTED_EDGE('',*,*,#7928,.T.);
#8727 = ORIENTED_EDGE('',*,*,#7879,.T.);
#8728 = ORIENTED_EDGE('',*,*,#7830,.T.);
#8729 = ORIENTED_EDGE('',*,*,#7781,.T.);
#8730 = ORIENTED_EDGE('',*,*,#7732,.T.);
#8731 = ORIENTED_EDGE('',*,*,#7683,.T.);
#8732 = ORIENTED_EDGE('',*,*,#7634,.T.);
#8733 = ORIENTED_EDGE('',*,*,#7558,.T.);
#8734 = FACE_BOUND('',#8735,.F.);
#8735 = EDGE_LOOP('',(#8736,#8766,#8794,#8822,#8852,#8882,#8912));
#8736 = ORIENTED_EDGE('',*,*,#8737,.T.);
#8737 = EDGE_CURVE('',#8738,#8740,#8742,.T.);
#8738 = VERTEX_POINT('',#8739);
#8739 = CARTESIAN_POINT('',(91.26953125,-16.8876953125,2.2));
#8740 = VERTEX_POINT('',#8741);
#8741 = CARTESIAN_POINT('',(90.4013671875,-16.8876953125,2.2));
#8742 = SURFACE_CURVE('',#8743,(#8747,#8754),.PCURVE_S1.);
#8743 = LINE('',#8744,#8745);
#8744 = CARTESIAN_POINT('',(91.26953125,-16.8876953125,2.2));
#8745 = VECTOR('',#8746,1.);
#8746 = DIRECTION('',(-1.,0.,0.));
#8747 = PCURVE('',#7574,#8748);
#8748 = DEFINITIONAL_REPRESENTATION('',(#8749),#8753);
#8749 = LINE('',#8750,#8751);
#8750 = CARTESIAN_POINT('',(2.24560546875,4.53564453125));
#8751 = VECTOR('',#8752,1.);
#8752 = DIRECTION('',(-1.,0.));
#8753 = ( GEOMETRIC_REPRESENTATION_CONTEXT(2) 
PARAMETRIC_REPRESENTATION_CONTEXT() REPRESENTATION_CONTEXT('2D SPACE',''
  ) );
#8754 = PCURVE('',#8755,#8760);
#8755 = PLANE('',#8756);
#8756 = AXIS2_PLACEMENT_3D('',#8757,#8758,#8759);
#8757 = CARTESIAN_POINT('',(91.26953125,-16.8876953125,3.));
#8758 = DIRECTION('',(0.,1.,0.));
#8759 = DIRECTION('',(-1.,0.,0.));
#8760 = DEFINITIONAL_REPRESENTATION('',(#8761),#8765);
#8761 = LINE('',#8762,#8763);
#8762 = CARTESIAN_POINT('',(0.,-0.8));
#8763 = VECTOR('',#8764,1.);
#8764 = DIRECTION('',(1.,0.));
#8765 = ( GEOMETRIC_REPRESENTATION_CONTEXT(2) 
PARAMETRIC_REPRESENTATION_CONTEXT() REPRESENTATION_CONTEXT('2D SPACE',''
  ) );
#8766 = ORIENTED_EDGE('',*,*,#8767,.T.);
#8767 = EDGE_CURVE('',#8740,#8768,#8770,.T.);
#8768 = VERTEX_POINT('',#8769);
#8769 = CARTESIAN_POINT('',(90.4013671875,-18.80517578125,2.2));
#8770 = SURFACE_CURVE('',#8771,(#8775,#8782),.PCURVE_S1.);
#8771 = LINE('',#8772,#8773);
#8772 = CARTESIAN_POINT('',(90.4013671875,-16.8876953125,2.2));
#8773 = VECTOR('',#8774,1.);
#8774 = DIRECTION('',(0.,-1.,0.));
#8775 = PCURVE('',#7574,#8776);
#8776 = DEFINITIONAL_REPRESENTATION('',(#8777),#8781);
#8777 = LINE('',#8778,#8779);
#8778 = CARTESIAN_POINT('',(1.37744140625,4.53564453125));
#8779 = VECTOR('',#8780,1.);
#8780 = DIRECTION('',(0.,-1.));
#8781 = ( GEOMETRIC_REPRESENTATION_CONTEXT(2) 
PARAMETRIC_REPRESENTATION_CONTEXT() REPRESENTATION_CONTEXT('2D SPACE',''
  ) );
#8782 = PCURVE('',#8783,#8788);
#8783 = PLANE('',#8784);
#8784 = AXIS2_PLACEMENT_3D('',#8785,#8786,#8787);
#8785 = CARTESIAN_POINT('',(90.4013671875,-16.8876953125,3.));
#8786 = DIRECTION('',(-1.,0.,0.));
#8787 = DIRECTION('',(0.,-1.,0.));
#8788 = DEFINITIONAL_REPRESENTATION('',(#8789),#8793);
#8789 = LINE('',#8790,#8791);
#8790 = CARTESIAN_POINT('',(0.,-0.8));
#8791 = VECTOR('',#8792,1.);
#8792 = DIRECTION('',(1.,0.));
#8793 = ( GEOMETRIC_REPRESENTATION_CONTEXT(2) 
PARAMETRIC_REPRESENTATION_CONTEXT() REPRESENTATION_CONTEXT('2D SPACE',''
  ) );
#8794 = ORIENTED_EDGE('',*,*,#8795,.T.);
#8795 = EDGE_CURVE('',#8768,#8796,#8798,.T.);
#8796 = VERTEX_POINT('',#8797);
#8797 = CARTESIAN_POINT('',(91.26953125,-18.80517578125,2.2));
#8798 = SURFACE_CURVE('',#8799,(#8803,#8810),.PCURVE_S1.);
#8799 = LINE('',#8800,#8801);
#8800 = CARTESIAN_POINT('',(90.4013671875,-18.80517578125,2.2));
#8801 = VECTOR('',#8802,1.);
#8802 = DIRECTION('',(1.,0.,0.));
#8803 = PCURVE('',#7574,#8804);
#8804 = DEFINITIONAL_REPRESENTATION('',(#8805),#8809);
#8805 = LINE('',#8806,#8807);
#8806 = CARTESIAN_POINT('',(1.37744140625,2.6181640625));
#8807 = VECTOR('',#8808,1.);
#8808 = DIRECTION('',(1.,0.));
#8809 = ( GEOMETRIC_REPRESENTATION_CONTEXT(2) 
PARAMETRIC_REPRESENTATION_CONTEXT() REPRESENTATION_CONTEXT('2D SPACE',''
  ) );
#8810 = PCURVE('',#8811,#8816);
#8811 = PLANE('',#8812);
#8812 = AXIS2_PLACEMENT_3D('',#8813,#8814,#8815);
#8813 = CARTESIAN_POINT('',(90.4013671875,-18.80517578125,3.));
#8814 = DIRECTION('',(0.,-1.,0.));
#8815 = DIRECTION('',(1.,0.,0.));
#8816 = DEFINITIONAL_REPRESENTATION('',(#8817),#8821);
#8817 = LINE('',#8818,#8819);
#8818 = CARTESIAN_POINT('',(0.,-0.8));
#8819 = VECTOR('',#8820,1.);
#8820 = DIRECTION('',(1.,0.));
#8821 = ( GEOMETRIC_REPRESENTATION_CONTEXT(2) 
PARAMETRIC_REPRESENTATION_CONTEXT() REPRESENTATION_CONTEXT('2D SPACE',''
  ) );
#8822 = ORIENTED_EDGE('',*,*,#8823,.T.);
#8823 = EDGE_CURVE('',#8796,#8824,#8826,.T.);
#8824 = VERTEX_POINT('',#8825);
#8825 = CARTESIAN_POINT('',(92.0146484375,-18.5556640625,2.2));
#8826 = SURFACE_CURVE('',#8827,(#8831,#8838),.PCURVE_S1.);
#8827 = B_SPLINE_CURVE_WITH_KNOTS('',2,(#8828,#8829,#8830),
  .UNSPECIFIED.,.F.,.F.,(3,3),(0.,1.),.PIECEWISE_BEZIER_KNOTS.);
#8828 = CARTESIAN_POINT('',(91.26953125,-18.80517578125,2.2));
#8829 = CARTESIAN_POINT('',(91.75146484375,-18.80517578125,2.2));
#8830 = CARTESIAN_POINT('',(92.0146484375,-18.5556640625,2.2));
#8831 = PCURVE('',#7574,#8832);
#8832 = DEFINITIONAL_REPRESENTATION('',(#8833),#8837);
#8833 = B_SPLINE_CURVE_WITH_KNOTS('',2,(#8834,#8835,#8836),
  .UNSPECIFIED.,.F.,.F.,(3,3),(0.,1.),.PIECEWISE_BEZIER_KNOTS.);
#8834 = CARTESIAN_POINT('',(2.24560546875,2.6181640625));
#8835 = CARTESIAN_POINT('',(2.7275390625,2.6181640625));
#8836 = CARTESIAN_POINT('',(2.99072265625,2.86767578125));
#8837 = ( GEOMETRIC_REPRESENTATION_CONTEXT(2) 
PARAMETRIC_REPRESENTATION_CONTEXT() REPRESENTATION_CONTEXT('2D SPACE',''
  ) );
#8838 = PCURVE('',#8839,#8846);
#8839 = SURFACE_OF_LINEAR_EXTRUSION('',#8840,#8844);
#8840 = B_SPLINE_CURVE_WITH_KNOTS('',2,(#8841,#8842,#8843),
  .UNSPECIFIED.,.F.,.F.,(3,3),(0.,1.),.PIECEWISE_BEZIER_KNOTS.);
#8841 = CARTESIAN_POINT('',(91.26953125,-18.80517578125,3.));
#8842 = CARTESIAN_POINT('',(91.75146484375,-18.80517578125,3.));
#8843 = CARTESIAN_POINT('',(92.0146484375,-18.5556640625,3.));
#8844 = VECTOR('',#8845,1.);
#8845 = DIRECTION('',(0.,0.,1.));
#8846 = DEFINITIONAL_REPRESENTATION('',(#8847),#8851);
#8847 = LINE('',#8848,#8849);
#8848 = CARTESIAN_POINT('',(0.,-0.8));
#8849 = VECTOR('',#8850,1.);
#8850 = DIRECTION('',(1.,0.));
#8851 = ( GEOMETRIC_REPRESENTATION_CONTEXT(2) 
PARAMETRIC_REPRESENTATION_CONTEXT() REPRESENTATION_CONTEXT('2D SPACE',''
  ) );
#8852 = ORIENTED_EDGE('',*,*,#8853,.T.);
#8853 = EDGE_CURVE('',#8824,#8854,#8856,.T.);
#8854 = VERTEX_POINT('',#8855);
#8855 = CARTESIAN_POINT('',(92.27783203125,-17.8447265625,2.2));
#8856 = SURFACE_CURVE('',#8857,(#8861,#8868),.PCURVE_S1.);
#8857 = B_SPLINE_CURVE_WITH_KNOTS('',2,(#8858,#8859,#8860),
  .UNSPECIFIED.,.F.,.F.,(3,3),(0.,1.),.PIECEWISE_BEZIER_KNOTS.);
#8858 = CARTESIAN_POINT('',(92.0146484375,-18.5556640625,2.2));
#8859 = CARTESIAN_POINT('',(92.27783203125,-18.30615234375,2.2));
#8860 = CARTESIAN_POINT('',(92.27783203125,-17.8447265625,2.2));
#8861 = PCURVE('',#7574,#8862);
#8862 = DEFINITIONAL_REPRESENTATION('',(#8863),#8867);
#8863 = B_SPLINE_CURVE_WITH_KNOTS('',2,(#8864,#8865,#8866),
  .UNSPECIFIED.,.F.,.F.,(3,3),(0.,1.),.PIECEWISE_BEZIER_KNOTS.);
#8864 = CARTESIAN_POINT('',(2.99072265625,2.86767578125));
#8865 = CARTESIAN_POINT('',(3.25390625,3.1171875));
#8866 = CARTESIAN_POINT('',(3.25390625,3.57861328125));
#8867 = ( GEOMETRIC_REPRESENTATION_CONTEXT(2) 
PARAMETRIC_REPRESENTATION_CONTEXT() REPRESENTATION_CONTEXT('2D SPACE',''
  ) );
#8868 = PCURVE('',#8869,#8876);
#8869 = SURFACE_OF_LINEAR_EXTRUSION('',#8870,#8874);
#8870 = B_SPLINE_CURVE_WITH_KNOTS('',2,(#8871,#8872,#8873),
  .UNSPECIFIED.,.F.,.F.,(3,3),(0.,1.),.PIECEWISE_BEZIER_KNOTS.);
#8871 = CARTESIAN_POINT('',(92.0146484375,-18.5556640625,3.));
#8872 = CARTESIAN_POINT('',(92.27783203125,-18.30615234375,3.));
#8873 = CARTESIAN_POINT('',(92.27783203125,-17.8447265625,3.));
#8874 = VECTOR('',#8875,1.);
#8875 = DIRECTION('',(0.,0.,1.));
#8876 = DEFINITIONAL_REPRESENTATION('',(#8877),#8881);
#8877 = LINE('',#8878,#8879);
#8878 = CARTESIAN_POINT('',(0.,-0.8));
#8879 = VECTOR('',#8880,1.);
#8880 = DIRECTION('',(1.,0.));
#8881 = ( GEOMETRIC_REPRESENTATION_CONTEXT(2) 
PARAMETRIC_REPRESENTATION_CONTEXT() REPRESENTATION_CONTEXT('2D SPACE',''
  ) );
#8882 = ORIENTED_EDGE('',*,*,#8883,.T.);
#8883 = EDGE_CURVE('',#8854,#8884,#8886,.T.);
#8884 = VERTEX_POINT('',#8885);
#8885 = CARTESIAN_POINT('',(92.0146484375,-17.13720703125,2.2));
#8886 = SURFACE_CURVE('',#8887,(#8891,#8898),.PCURVE_S1.);
#8887 = B_SPLINE_CURVE_WITH_KNOTS('',2,(#8888,#8889,#8890),
  .UNSPECIFIED.,.F.,.F.,(3,3),(0.,1.),.PIECEWISE_BEZIER_KNOTS.);
#8888 = CARTESIAN_POINT('',(92.27783203125,-17.8447265625,2.2));
#8889 = CARTESIAN_POINT('',(92.27783203125,-17.38671875,2.2));
#8890 = CARTESIAN_POINT('',(92.0146484375,-17.13720703125,2.2));
#8891 = PCURVE('',#7574,#8892);
#8892 = DEFINITIONAL_REPRESENTATION('',(#8893),#8897);
#8893 = B_SPLINE_CURVE_WITH_KNOTS('',2,(#8894,#8895,#8896),
  .UNSPECIFIED.,.F.,.F.,(3,3),(0.,1.),.PIECEWISE_BEZIER_KNOTS.);
#8894 = CARTESIAN_POINT('',(3.25390625,3.57861328125));
#8895 = CARTESIAN_POINT('',(3.25390625,4.03662109375));
#8896 = CARTESIAN_POINT('',(2.99072265625,4.2861328125));
#8897 = ( GEOMETRIC_REPRESENTATION_CONTEXT(2) 
PARAMETRIC_REPRESENTATION_CONTEXT() REPRESENTATION_CONTEXT('2D SPACE',''
  ) );
#8898 = PCURVE('',#8899,#8906);
#8899 = SURFACE_OF_LINEAR_EXTRUSION('',#8900,#8904);
#8900 = B_SPLINE_CURVE_WITH_KNOTS('',2,(#8901,#8902,#8903),
  .UNSPECIFIED.,.F.,.F.,(3,3),(0.,1.),.PIECEWISE_BEZIER_KNOTS.);
#8901 = CARTESIAN_POINT('',(92.27783203125,-17.8447265625,3.));
#8902 = CARTESIAN_POINT('',(92.27783203125,-17.38671875,3.));
#8903 = CARTESIAN_POINT('',(92.0146484375,-17.13720703125,3.));
#8904 = VECTOR('',#8905,1.);
#8905 = DIRECTION('',(0.,0.,1.));
#8906 = DEFINITIONAL_REPRESENTATION('',(#8907),#8911);
#8907 = LINE('',#8908,#8909);
#8908 = CARTESIAN_POINT('',(0.,-0.8));
#8909 = VECTOR('',#8910,1.);
#8910 = DIRECTION('',(1.,0.));
#8911 = ( GEOMETRIC_REPRESENTATION_CONTEXT(2) 
PARAMETRIC_REPRESENTATION_CONTEXT() REPRESENTATION_CONTEXT('2D SPACE',''
  ) );
#8912 = ORIENTED_EDGE('',*,*,#8913,.T.);
#8913 = EDGE_CURVE('',#8884,#8738,#8914,.T.);
#8914 = SURFACE_CURVE('',#8915,(#8919,#8926),.PCURVE_S1.);
#8915 = B_SPLINE_CURVE_WITH_KNOTS('',2,(#8916,#8917,#8918),
  .UNSPECIFIED.,.F.,.F.,(3,3),(0.,1.),.PIECEWISE_BEZIER_KNOTS.);
#8916 = CARTESIAN_POINT('',(92.0146484375,-17.13720703125,2.2));
#8917 = CARTESIAN_POINT('',(91.75146484375,-16.8876953125,2.2));
#8918 = CARTESIAN_POINT('',(91.26953125,-16.8876953125,2.2));
#8919 = PCURVE('',#7574,#8920);
#8920 = DEFINITIONAL_REPRESENTATION('',(#8921),#8925);
#8921 = B_SPLINE_CURVE_WITH_KNOTS('',2,(#8922,#8923,#8924),
  .UNSPECIFIED.,.F.,.F.,(3,3),(0.,1.),.PIECEWISE_BEZIER_KNOTS.);
#8922 = CARTESIAN_POINT('',(2.99072265625,4.2861328125));
#8923 = CARTESIAN_POINT('',(2.7275390625,4.53564453125));
#8924 = CARTESIAN_POINT('',(2.24560546875,4.53564453125));
#8925 = ( GEOMETRIC_REPRESENTATION_CONTEXT(2) 
PARAMETRIC_REPRESENTATION_CONTEXT() REPRESENTATION_CONTEXT('2D SPACE',''
  ) );
#8926 = PCURVE('',#8927,#8934);
#8927 = SURFACE_OF_LINEAR_EXTRUSION('',#8928,#8932);
#8928 = B_SPLINE_CURVE_WITH_KNOTS('',2,(#8929,#8930,#8931),
  .UNSPECIFIED.,.F.,.F.,(3,3),(0.,1.),.PIECEWISE_BEZIER_KNOTS.);
#8929 = CARTESIAN_POINT('',(92.0146484375,-17.13720703125,3.));
#8930 = CARTESIAN_POINT('',(91.75146484375,-16.8876953125,3.));
#8931 = CARTESIAN_POINT('',(91.26953125,-16.8876953125,3.));
#8932 = VECTOR('',#8933,1.);
#8933 = DIRECTION('',(0.,0.,1.));
#8934 = DEFINITIONAL_REPRESENTATION('',(#8935),#8939);
#8935 = LINE('',#8936,#8937);
#8936 = CARTESIAN_POINT('',(0.,-0.8));
#8937 = VECTOR('',#8938,1.);
#8938 = DIRECTION('',(1.,0.));
#8939 = ( GEOMETRIC_REPRESENTATION_CONTEXT(2) 
PARAMETRIC_REPRESENTATION_CONTEXT() REPRESENTATION_CONTEXT('2D SPACE',''
  ) );
#8940 = ADVANCED_FACE('',(#8941,#8951),#8020,.T.);
#8941 = FACE_BOUND('',#8942,.F.);
#8942 = EDGE_LOOP('',(#8943,#8944,#8945,#8946,#8947,#8948,#8949,#8950));
#8943 = ORIENTED_EDGE('',*,*,#8352,.T.);
#8944 = ORIENTED_EDGE('',*,*,#8325,.T.);
#8945 = ORIENTED_EDGE('',*,*,#8276,.T.);
#8946 = ORIENTED_EDGE('',*,*,#8227,.T.);
#8947 = ORIENTED_EDGE('',*,*,#8178,.T.);
#8948 = ORIENTED_EDGE('',*,*,#8129,.T.);
#8949 = ORIENTED_EDGE('',*,*,#8080,.T.);
#8950 = ORIENTED_EDGE('',*,*,#8004,.T.);
#8951 = FACE_BOUND('',#8952,.F.);
#8952 = EDGE_LOOP('',(#8953,#8983,#9011));
#8953 = ORIENTED_EDGE('',*,*,#8954,.T.);
#8954 = EDGE_CURVE('',#8955,#8957,#8959,.T.);
#8955 = VERTEX_POINT('',#8956);
#8956 = CARTESIAN_POINT('',(96.1298828125,-19.5400390625,2.2));
#8957 = VERTEX_POINT('',#8958);
#8958 = CARTESIAN_POINT('',(95.18994140625,-17.00048828125,2.2));
#8959 = SURFACE_CURVE('',#8960,(#8964,#8971),.PCURVE_S1.);
#8960 = LINE('',#8961,#8962);
#8961 = CARTESIAN_POINT('',(96.1298828125,-19.5400390625,2.2));
#8962 = VECTOR('',#8963,1.);
#8963 = DIRECTION('',(-0.347108799995,0.937824866895,0.));
#8964 = PCURVE('',#8020,#8965);
#8965 = DEFINITIONAL_REPRESENTATION('',(#8966),#8970);
#8966 = LINE('',#8967,#8968);
#8967 = CARTESIAN_POINT('',(3.33251953125,1.88330078125));
#8968 = VECTOR('',#8969,1.);
#8969 = DIRECTION('',(-0.347108799995,0.937824866895));
#8970 = ( GEOMETRIC_REPRESENTATION_CONTEXT(2) 
PARAMETRIC_REPRESENTATION_CONTEXT() REPRESENTATION_CONTEXT('2D SPACE',''
  ) );
#8971 = PCURVE('',#8972,#8977);
#8972 = PLANE('',#8973);
#8973 = AXIS2_PLACEMENT_3D('',#8974,#8975,#8976);
#8974 = CARTESIAN_POINT('',(96.1298828125,-19.5400390625,3.));
#8975 = DIRECTION('',(0.937824866895,0.347108799995,0.));
#8976 = DIRECTION('',(-0.347108799995,0.937824866895,0.));
#8977 = DEFINITIONAL_REPRESENTATION('',(#8978),#8982);
#8978 = LINE('',#8979,#8980);
#8979 = CARTESIAN_POINT('',(0.,-0.8));
#8980 = VECTOR('',#8981,1.);
#8981 = DIRECTION('',(1.,0.));
#8982 = ( GEOMETRIC_REPRESENTATION_CONTEXT(2) 
PARAMETRIC_REPRESENTATION_CONTEXT() REPRESENTATION_CONTEXT('2D SPACE',''
  ) );
#8983 = ORIENTED_EDGE('',*,*,#8984,.T.);
#8984 = EDGE_CURVE('',#8957,#8985,#8987,.T.);
#8985 = VERTEX_POINT('',#8986);
#8986 = CARTESIAN_POINT('',(94.25341796875,-19.5400390625,2.2));
#8987 = SURFACE_CURVE('',#8988,(#8992,#8999),.PCURVE_S1.);
#8988 = LINE('',#8989,#8990);
#8989 = CARTESIAN_POINT('',(95.18994140625,-17.00048828125,2.2));
#8990 = VECTOR('',#8991,1.);
#8991 = DIRECTION('',(-0.345997934185,-0.938235274086,0.));
#8992 = PCURVE('',#8020,#8993);
#8993 = DEFINITIONAL_REPRESENTATION('',(#8994),#8998);
#8994 = LINE('',#8995,#8996);
#8995 = CARTESIAN_POINT('',(2.392578125,4.4228515625));
#8996 = VECTOR('',#8997,1.);
#8997 = DIRECTION('',(-0.345997934185,-0.938235274086));
#8998 = ( GEOMETRIC_REPRESENTATION_CONTEXT(2) 
PARAMETRIC_REPRESENTATION_CONTEXT() REPRESENTATION_CONTEXT('2D SPACE',''
  ) );
#8999 = PCURVE('',#9000,#9005);
#9000 = PLANE('',#9001);
#9001 = AXIS2_PLACEMENT_3D('',#9002,#9003,#9004);
#9002 = CARTESIAN_POINT('',(95.18994140625,-17.00048828125,3.));
#9003 = DIRECTION('',(-0.938235274086,0.345997934185,0.));
#9004 = DIRECTION('',(-0.345997934185,-0.938235274086,0.));
#9005 = DEFINITIONAL_REPRESENTATION('',(#9006),#9010);
#9006 = LINE('',#9007,#9008);
#9007 = CARTESIAN_POINT('',(-0.,-0.8));
#9008 = VECTOR('',#9009,1.);
#9009 = DIRECTION('',(1.,0.));
#9010 = ( GEOMETRIC_REPRESENTATION_CONTEXT(2) 
PARAMETRIC_REPRESENTATION_CONTEXT() REPRESENTATION_CONTEXT('2D SPACE',''
  ) );
#9011 = ORIENTED_EDGE('',*,*,#9012,.T.);
#9012 = EDGE_CURVE('',#8985,#8955,#9013,.T.);
#9013 = SURFACE_CURVE('',#9014,(#9018,#9025),.PCURVE_S1.);
#9014 = LINE('',#9015,#9016);
#9015 = CARTESIAN_POINT('',(94.25341796875,-19.5400390625,2.2));
#9016 = VECTOR('',#9017,1.);
#9017 = DIRECTION('',(1.,0.,0.));
#9018 = PCURVE('',#8020,#9019);
#9019 = DEFINITIONAL_REPRESENTATION('',(#9020),#9024);
#9020 = LINE('',#9021,#9022);
#9021 = CARTESIAN_POINT('',(1.4560546875,1.88330078125));
#9022 = VECTOR('',#9023,1.);
#9023 = DIRECTION('',(1.,0.));
#9024 = ( GEOMETRIC_REPRESENTATION_CONTEXT(2) 
PARAMETRIC_REPRESENTATION_CONTEXT() REPRESENTATION_CONTEXT('2D SPACE',''
  ) );
#9025 = PCURVE('',#9026,#9031);
#9026 = PLANE('',#9027);
#9027 = AXIS2_PLACEMENT_3D('',#9028,#9029,#9030);
#9028 = CARTESIAN_POINT('',(94.25341796875,-19.5400390625,3.));
#9029 = DIRECTION('',(0.,-1.,0.));
#9030 = DIRECTION('',(1.,0.,0.));
#9031 = DEFINITIONAL_REPRESENTATION('',(#9032),#9036);
#9032 = LINE('',#9033,#9034);
#9033 = CARTESIAN_POINT('',(0.,-0.8));
#9034 = VECTOR('',#9035,1.);
#9035 = DIRECTION('',(1.,0.));
#9036 = ( GEOMETRIC_REPRESENTATION_CONTEXT(2) 
PARAMETRIC_REPRESENTATION_CONTEXT() REPRESENTATION_CONTEXT('2D SPACE',''
  ) );
#9037 = ADVANCED_FACE('',(#9038,#9047),#8417,.T.);
#9038 = FACE_BOUND('',#9039,.F.);
#9039 = EDGE_LOOP('',(#9040,#9041,#9042,#9043,#9044,#9045,#9046));
#9040 = ORIENTED_EDGE('',*,*,#8700,.T.);
#9041 = ORIENTED_EDGE('',*,*,#8673,.T.);
#9042 = ORIENTED_EDGE('',*,*,#8624,.T.);
#9043 = ORIENTED_EDGE('',*,*,#8575,.T.);
#9044 = ORIENTED_EDGE('',*,*,#8526,.T.);
#9045 = ORIENTED_EDGE('',*,*,#8477,.T.);
#9046 = ORIENTED_EDGE('',*,*,#8401,.T.);
#9047 = FACE_BOUND('',#9048,.F.);
#9048 = EDGE_LOOP('',(#9049,#9079,#9107,#9135,#9165,#9195,#9225));
#9049 = ORIENTED_EDGE('',*,*,#9050,.T.);
#9050 = EDGE_CURVE('',#9051,#9053,#9055,.T.);
#9051 = VERTEX_POINT('',#9052);
#9052 = CARTESIAN_POINT('',(99.79736328125,-16.8876953125,2.2));
#9053 = VERTEX_POINT('',#9054);
#9054 = CARTESIAN_POINT('',(98.96337890625,-16.8876953125,2.2));
#9055 = SURFACE_CURVE('',#9056,(#9060,#9067),.PCURVE_S1.);
#9056 = LINE('',#9057,#9058);
#9057 = CARTESIAN_POINT('',(99.79736328125,-16.8876953125,2.2));
#9058 = VECTOR('',#9059,1.);
#9059 = DIRECTION('',(-1.,0.,0.));
#9060 = PCURVE('',#8417,#9061);
#9061 = DEFINITIONAL_REPRESENTATION('',(#9062),#9066);
#9062 = LINE('',#9063,#9064);
#9063 = CARTESIAN_POINT('',(2.21142578125,4.53564453125));
#9064 = VECTOR('',#9065,1.);
#9065 = DIRECTION('',(-1.,0.));
#9066 = ( GEOMETRIC_REPRESENTATION_CONTEXT(2) 
PARAMETRIC_REPRESENTATION_CONTEXT() REPRESENTATION_CONTEXT('2D SPACE',''
  ) );
#9067 = PCURVE('',#9068,#9073);
#9068 = PLANE('',#9069);
#9069 = AXIS2_PLACEMENT_3D('',#9070,#9071,#9072);
#9070 = CARTESIAN_POINT('',(99.79736328125,-16.8876953125,3.));
#9071 = DIRECTION('',(0.,1.,0.));
#9072 = DIRECTION('',(-1.,0.,0.));
#9073 = DEFINITIONAL_REPRESENTATION('',(#9074),#9078);
#9074 = LINE('',#9075,#9076);
#9075 = CARTESIAN_POINT('',(0.,-0.8));
#9076 = VECTOR('',#9077,1.);
#9077 = DIRECTION('',(1.,0.));
#9078 = ( GEOMETRIC_REPRESENTATION_CONTEXT(2) 
PARAMETRIC_REPRESENTATION_CONTEXT() REPRESENTATION_CONTEXT('2D SPACE',''
  ) );
#9079 = ORIENTED_EDGE('',*,*,#9080,.T.);
#9080 = EDGE_CURVE('',#9053,#9081,#9083,.T.);
#9081 = VERTEX_POINT('',#9082);
#9082 = CARTESIAN_POINT('',(98.96337890625,-20.85595703125,2.2));
#9083 = SURFACE_CURVE('',#9084,(#9088,#9095),.PCURVE_S1.);
#9084 = LINE('',#9085,#9086);
#9085 = CARTESIAN_POINT('',(98.96337890625,-16.8876953125,2.2));
#9086 = VECTOR('',#9087,1.);
#9087 = DIRECTION('',(0.,-1.,0.));
#9088 = PCURVE('',#8417,#9089);
#9089 = DEFINITIONAL_REPRESENTATION('',(#9090),#9094);
#9090 = LINE('',#9091,#9092);
#9091 = CARTESIAN_POINT('',(1.37744140625,4.53564453125));
#9092 = VECTOR('',#9093,1.);
#9093 = DIRECTION('',(0.,-1.));
#9094 = ( GEOMETRIC_REPRESENTATION_CONTEXT(2) 
PARAMETRIC_REPRESENTATION_CONTEXT() REPRESENTATION_CONTEXT('2D SPACE',''
  ) );
#9095 = PCURVE('',#9096,#9101);
#9096 = PLANE('',#9097);
#9097 = AXIS2_PLACEMENT_3D('',#9098,#9099,#9100);
#9098 = CARTESIAN_POINT('',(98.96337890625,-16.8876953125,3.));
#9099 = DIRECTION('',(-1.,0.,0.));
#9100 = DIRECTION('',(0.,-1.,0.));
#9101 = DEFINITIONAL_REPRESENTATION('',(#9102),#9106);
#9102 = LINE('',#9103,#9104);
#9103 = CARTESIAN_POINT('',(0.,-0.8));
#9104 = VECTOR('',#9105,1.);
#9105 = DIRECTION('',(1.,0.));
#9106 = ( GEOMETRIC_REPRESENTATION_CONTEXT(2) 
PARAMETRIC_REPRESENTATION_CONTEXT() REPRESENTATION_CONTEXT('2D SPACE',''
  ) );
#9107 = ORIENTED_EDGE('',*,*,#9108,.T.);
#9108 = EDGE_CURVE('',#9081,#9109,#9111,.T.);
#9109 = VERTEX_POINT('',#9110);
#9110 = CARTESIAN_POINT('',(99.79736328125,-20.85595703125,2.2));
#9111 = SURFACE_CURVE('',#9112,(#9116,#9123),.PCURVE_S1.);
#9112 = LINE('',#9113,#9114);
#9113 = CARTESIAN_POINT('',(98.96337890625,-20.85595703125,2.2));
#9114 = VECTOR('',#9115,1.);
#9115 = DIRECTION('',(1.,0.,0.));
#9116 = PCURVE('',#8417,#9117);
#9117 = DEFINITIONAL_REPRESENTATION('',(#9118),#9122);
#9118 = LINE('',#9119,#9120);
#9119 = CARTESIAN_POINT('',(1.37744140625,0.5673828125));
#9120 = VECTOR('',#9121,1.);
#9121 = DIRECTION('',(1.,0.));
#9122 = ( GEOMETRIC_REPRESENTATION_CONTEXT(2) 
PARAMETRIC_REPRESENTATION_CONTEXT() REPRESENTATION_CONTEXT('2D SPACE',''
  ) );
#9123 = PCURVE('',#9124,#9129);
#9124 = PLANE('',#9125);
#9125 = AXIS2_PLACEMENT_3D('',#9126,#9127,#9128);
#9126 = CARTESIAN_POINT('',(98.96337890625,-20.85595703125,3.));
#9127 = DIRECTION('',(0.,-1.,0.));
#9128 = DIRECTION('',(1.,0.,0.));
#9129 = DEFINITIONAL_REPRESENTATION('',(#9130),#9134);
#9130 = LINE('',#9131,#9132);
#9131 = CARTESIAN_POINT('',(0.,-0.8));
#9132 = VECTOR('',#9133,1.);
#9133 = DIRECTION('',(1.,0.));
#9134 = ( GEOMETRIC_REPRESENTATION_CONTEXT(2) 
PARAMETRIC_REPRESENTATION_CONTEXT() REPRESENTATION_CONTEXT('2D SPACE',''
  ) );
#9135 = ORIENTED_EDGE('',*,*,#9136,.T.);
#9136 = EDGE_CURVE('',#9109,#9137,#9139,.T.);
#9137 = VERTEX_POINT('',#9138);
#9138 = CARTESIAN_POINT('',(101.34399414062,-20.37744140625,2.2));
#9139 = SURFACE_CURVE('',#9140,(#9144,#9151),.PCURVE_S1.);
#9140 = B_SPLINE_CURVE_WITH_KNOTS('',2,(#9141,#9142,#9143),
  .UNSPECIFIED.,.F.,.F.,(3,3),(0.,1.),.PIECEWISE_BEZIER_KNOTS.);
#9141 = CARTESIAN_POINT('',(99.79736328125,-20.85595703125,2.2));
#9142 = CARTESIAN_POINT('',(100.853515625,-20.85595703125,2.2));
#9143 = CARTESIAN_POINT('',(101.34399414062,-20.37744140625,2.2));
#9144 = PCURVE('',#8417,#9145);
#9145 = DEFINITIONAL_REPRESENTATION('',(#9146),#9150);
#9146 = B_SPLINE_CURVE_WITH_KNOTS('',2,(#9147,#9148,#9149),
  .UNSPECIFIED.,.F.,.F.,(3,3),(0.,1.),.PIECEWISE_BEZIER_KNOTS.);
#9147 = CARTESIAN_POINT('',(2.21142578125,0.5673828125));
#9148 = CARTESIAN_POINT('',(3.267578125,0.5673828125));
#9149 = CARTESIAN_POINT('',(3.758056640625,1.0458984375));
#9150 = ( GEOMETRIC_REPRESENTATION_CONTEXT(2) 
PARAMETRIC_REPRESENTATION_CONTEXT() REPRESENTATION_CONTEXT('2D SPACE',''
  ) );
#9151 = PCURVE('',#9152,#9159);
#9152 = SURFACE_OF_LINEAR_EXTRUSION('',#9153,#9157);
#9153 = B_SPLINE_CURVE_WITH_KNOTS('',2,(#9154,#9155,#9156),
  .UNSPECIFIED.,.F.,.F.,(3,3),(0.,1.),.PIECEWISE_BEZIER_KNOTS.);
#9154 = CARTESIAN_POINT('',(99.79736328125,-20.85595703125,3.));
#9155 = CARTESIAN_POINT('',(100.853515625,-20.85595703125,3.));
#9156 = CARTESIAN_POINT('',(101.34399414062,-20.37744140625,3.));
#9157 = VECTOR('',#9158,1.);
#9158 = DIRECTION('',(0.,0.,1.));
#9159 = DEFINITIONAL_REPRESENTATION('',(#9160),#9164);
#9160 = LINE('',#9161,#9162);
#9161 = CARTESIAN_POINT('',(0.,-0.8));
#9162 = VECTOR('',#9163,1.);
#9163 = DIRECTION('',(1.,0.));
#9164 = ( GEOMETRIC_REPRESENTATION_CONTEXT(2) 
PARAMETRIC_REPRESENTATION_CONTEXT() REPRESENTATION_CONTEXT('2D SPACE',''
  ) );
#9165 = ORIENTED_EDGE('',*,*,#9166,.T.);
#9166 = EDGE_CURVE('',#9137,#9167,#9169,.T.);
#9167 = VERTEX_POINT('',#9168);
#9168 = CARTESIAN_POINT('',(101.83447265625,-18.86669921875,2.2));
#9169 = SURFACE_CURVE('',#9170,(#9174,#9181),.PCURVE_S1.);
#9170 = B_SPLINE_CURVE_WITH_KNOTS('',2,(#9171,#9172,#9173),
  .UNSPECIFIED.,.F.,.F.,(3,3),(0.,1.),.PIECEWISE_BEZIER_KNOTS.);
#9171 = CARTESIAN_POINT('',(101.34399414062,-20.37744140625,2.2));
#9172 = CARTESIAN_POINT('',(101.83447265625,-19.89892578125,2.2));
#9173 = CARTESIAN_POINT('',(101.83447265625,-18.86669921875,2.2));
#9174 = PCURVE('',#8417,#9175);
#9175 = DEFINITIONAL_REPRESENTATION('',(#9176),#9180);
#9176 = B_SPLINE_CURVE_WITH_KNOTS('',2,(#9177,#9178,#9179),
  .UNSPECIFIED.,.F.,.F.,(3,3),(0.,1.),.PIECEWISE_BEZIER_KNOTS.);
#9177 = CARTESIAN_POINT('',(3.758056640625,1.0458984375));
#9178 = CARTESIAN_POINT('',(4.24853515625,1.5244140625));
#9179 = CARTESIAN_POINT('',(4.24853515625,2.556640625));
#9180 = ( GEOMETRIC_REPRESENTATION_CONTEXT(2) 
PARAMETRIC_REPRESENTATION_CONTEXT() REPRESENTATION_CONTEXT('2D SPACE',''
  ) );
#9181 = PCURVE('',#9182,#9189);
#9182 = SURFACE_OF_LINEAR_EXTRUSION('',#9183,#9187);
#9183 = B_SPLINE_CURVE_WITH_KNOTS('',2,(#9184,#9185,#9186),
  .UNSPECIFIED.,.F.,.F.,(3,3),(0.,1.),.PIECEWISE_BEZIER_KNOTS.);
#9184 = CARTESIAN_POINT('',(101.34399414062,-20.37744140625,3.));
#9185 = CARTESIAN_POINT('',(101.83447265625,-19.89892578125,3.));
#9186 = CARTESIAN_POINT('',(101.83447265625,-18.86669921875,3.));
#9187 = VECTOR('',#9188,1.);
#9188 = DIRECTION('',(0.,0.,1.));
#9189 = DEFINITIONAL_REPRESENTATION('',(#9190),#9194);
#9190 = LINE('',#9191,#9192);
#9191 = CARTESIAN_POINT('',(0.,-0.8));
#9192 = VECTOR('',#9193,1.);
#9193 = DIRECTION('',(1.,0.));
#9194 = ( GEOMETRIC_REPRESENTATION_CONTEXT(2) 
PARAMETRIC_REPRESENTATION_CONTEXT() REPRESENTATION_CONTEXT('2D SPACE',''
  ) );
#9195 = ORIENTED_EDGE('',*,*,#9196,.T.);
#9196 = EDGE_CURVE('',#9167,#9197,#9199,.T.);
#9197 = VERTEX_POINT('',#9198);
#9198 = CARTESIAN_POINT('',(101.34399414062,-17.36450195312,2.2));
#9199 = SURFACE_CURVE('',#9200,(#9204,#9211),.PCURVE_S1.);
#9200 = B_SPLINE_CURVE_WITH_KNOTS('',2,(#9201,#9202,#9203),
  .UNSPECIFIED.,.F.,.F.,(3,3),(0.,1.),.PIECEWISE_BEZIER_KNOTS.);
#9201 = CARTESIAN_POINT('',(101.83447265625,-18.86669921875,2.2));
#9202 = CARTESIAN_POINT('',(101.83447265625,-17.84130859375,2.2));
#9203 = CARTESIAN_POINT('',(101.34399414062,-17.36450195312,2.2));
#9204 = PCURVE('',#8417,#9205);
#9205 = DEFINITIONAL_REPRESENTATION('',(#9206),#9210);
#9206 = B_SPLINE_CURVE_WITH_KNOTS('',2,(#9207,#9208,#9209),
  .UNSPECIFIED.,.F.,.F.,(3,3),(0.,1.),.PIECEWISE_BEZIER_KNOTS.);
#9207 = CARTESIAN_POINT('',(4.24853515625,2.556640625));
#9208 = CARTESIAN_POINT('',(4.24853515625,3.58203125));
#9209 = CARTESIAN_POINT('',(3.758056640625,4.058837890625));
#9210 = ( GEOMETRIC_REPRESENTATION_CONTEXT(2) 
PARAMETRIC_REPRESENTATION_CONTEXT() REPRESENTATION_CONTEXT('2D SPACE',''
  ) );
#9211 = PCURVE('',#9212,#9219);
#9212 = SURFACE_OF_LINEAR_EXTRUSION('',#9213,#9217);
#9213 = B_SPLINE_CURVE_WITH_KNOTS('',2,(#9214,#9215,#9216),
  .UNSPECIFIED.,.F.,.F.,(3,3),(0.,1.),.PIECEWISE_BEZIER_KNOTS.);
#9214 = CARTESIAN_POINT('',(101.83447265625,-18.86669921875,3.));
#9215 = CARTESIAN_POINT('',(101.83447265625,-17.84130859375,3.));
#9216 = CARTESIAN_POINT('',(101.34399414062,-17.36450195312,3.));
#9217 = VECTOR('',#9218,1.);
#9218 = DIRECTION('',(0.,0.,1.));
#9219 = DEFINITIONAL_REPRESENTATION('',(#9220),#9224);
#9220 = LINE('',#9221,#9222);
#9221 = CARTESIAN_POINT('',(0.,-0.8));
#9222 = VECTOR('',#9223,1.);
#9223 = DIRECTION('',(1.,0.));
#9224 = ( GEOMETRIC_REPRESENTATION_CONTEXT(2) 
PARAMETRIC_REPRESENTATION_CONTEXT() REPRESENTATION_CONTEXT('2D SPACE',''
  ) );
#9225 = ORIENTED_EDGE('',*,*,#9226,.T.);
#9226 = EDGE_CURVE('',#9197,#9051,#9227,.T.);
#9227 = SURFACE_CURVE('',#9228,(#9232,#9239),.PCURVE_S1.);
#9228 = B_SPLINE_CURVE_WITH_KNOTS('',2,(#9229,#9230,#9231),
  .UNSPECIFIED.,.F.,.F.,(3,3),(0.,1.),.PIECEWISE_BEZIER_KNOTS.);
#9229 = CARTESIAN_POINT('',(101.34399414062,-17.36450195312,2.2));
#9230 = CARTESIAN_POINT('',(100.853515625,-16.8876953125,2.2));
#9231 = CARTESIAN_POINT('',(99.79736328125,-16.8876953125,2.2));
#9232 = PCURVE('',#8417,#9233);
#9233 = DEFINITIONAL_REPRESENTATION('',(#9234),#9238);
#9234 = B_SPLINE_CURVE_WITH_KNOTS('',2,(#9235,#9236,#9237),
  .UNSPECIFIED.,.F.,.F.,(3,3),(0.,1.),.PIECEWISE_BEZIER_KNOTS.);
#9235 = CARTESIAN_POINT('',(3.758056640625,4.058837890625));
#9236 = CARTESIAN_POINT('',(3.267578125,4.53564453125));
#9237 = CARTESIAN_POINT('',(2.21142578125,4.53564453125));
#9238 = ( GEOMETRIC_REPRESENTATION_CONTEXT(2) 
PARAMETRIC_REPRESENTATION_CONTEXT() REPRESENTATION_CONTEXT('2D SPACE',''
  ) );
#9239 = PCURVE('',#9240,#9247);
#9240 = SURFACE_OF_LINEAR_EXTRUSION('',#9241,#9245);
#9241 = B_SPLINE_CURVE_WITH_KNOTS('',2,(#9242,#9243,#9244),
  .UNSPECIFIED.,.F.,.F.,(3,3),(0.,1.),.PIECEWISE_BEZIER_KNOTS.);
#9242 = CARTESIAN_POINT('',(101.34399414062,-17.36450195312,3.));
#9243 = CARTESIAN_POINT('',(100.853515625,-16.8876953125,3.));
#9244 = CARTESIAN_POINT('',(99.79736328125,-16.8876953125,3.));
#9245 = VECTOR('',#9246,1.);
#9246 = DIRECTION('',(0.,0.,1.));
#9247 = DEFINITIONAL_REPRESENTATION('',(#9248),#9252);
#9248 = LINE('',#9249,#9250);
#9249 = CARTESIAN_POINT('',(0.,-0.8));
#9250 = VECTOR('',#9251,1.);
#9251 = DIRECTION('',(1.,0.));
#9252 = ( GEOMETRIC_REPRESENTATION_CONTEXT(2) 
PARAMETRIC_REPRESENTATION_CONTEXT() REPRESENTATION_CONTEXT('2D SPACE',''
  ) );
#9253 = ADVANCED_FACE('',(#9254),#8755,.T.);
#9254 = FACE_BOUND('',#9255,.T.);
#9255 = EDGE_LOOP('',(#9256,#9279,#9280,#9303));
#9256 = ORIENTED_EDGE('',*,*,#9257,.T.);
#9257 = EDGE_CURVE('',#9258,#8738,#9260,.T.);
#9258 = VERTEX_POINT('',#9259);
#9259 = CARTESIAN_POINT('',(91.26953125,-16.8876953125,3.));
#9260 = SURFACE_CURVE('',#9261,(#9265,#9272),.PCURVE_S1.);
#9261 = LINE('',#9262,#9263);
#9262 = CARTESIAN_POINT('',(91.26953125,-16.8876953125,3.));
#9263 = VECTOR('',#9264,1.);
#9264 = DIRECTION('',(-0.,-0.,-1.));
#9265 = PCURVE('',#8755,#9266);
#9266 = DEFINITIONAL_REPRESENTATION('',(#9267),#9271);
#9267 = LINE('',#9268,#9269);
#9268 = CARTESIAN_POINT('',(0.,0.));
#9269 = VECTOR('',#9270,1.);
#9270 = DIRECTION('',(0.,-1.));
#9271 = ( GEOMETRIC_REPRESENTATION_CONTEXT(2) 
PARAMETRIC_REPRESENTATION_CONTEXT() REPRESENTATION_CONTEXT('2D SPACE',''
  ) );
#9272 = PCURVE('',#8927,#9273);
#9273 = DEFINITIONAL_REPRESENTATION('',(#9274),#9278);
#9274 = LINE('',#9275,#9276);
#9275 = CARTESIAN_POINT('',(1.,0.));
#9276 = VECTOR('',#9277,1.);
#9277 = DIRECTION('',(0.,-1.));
#9278 = ( GEOMETRIC_REPRESENTATION_CONTEXT(2) 
PARAMETRIC_REPRESENTATION_CONTEXT() REPRESENTATION_CONTEXT('2D SPACE',''
  ) );
#9279 = ORIENTED_EDGE('',*,*,#8737,.T.);
#9280 = ORIENTED_EDGE('',*,*,#9281,.F.);
#9281 = EDGE_CURVE('',#9282,#8740,#9284,.T.);
#9282 = VERTEX_POINT('',#9283);
#9283 = CARTESIAN_POINT('',(90.4013671875,-16.8876953125,3.));
#9284 = SURFACE_CURVE('',#9285,(#9289,#9296),.PCURVE_S1.);
#9285 = LINE('',#9286,#9287);
#9286 = CARTESIAN_POINT('',(90.4013671875,-16.8876953125,3.));
#9287 = VECTOR('',#9288,1.);
#9288 = DIRECTION('',(-0.,-0.,-1.));
#9289 = PCURVE('',#8755,#9290);
#9290 = DEFINITIONAL_REPRESENTATION('',(#9291),#9295);
#9291 = LINE('',#9292,#9293);
#9292 = CARTESIAN_POINT('',(0.8681640625,0.));
#9293 = VECTOR('',#9294,1.);
#9294 = DIRECTION('',(0.,-1.));
#9295 = ( GEOMETRIC_REPRESENTATION_CONTEXT(2) 
PARAMETRIC_REPRESENTATION_CONTEXT() REPRESENTATION_CONTEXT('2D SPACE',''
  ) );
#9296 = PCURVE('',#8783,#9297);
#9297 = DEFINITIONAL_REPRESENTATION('',(#9298),#9302);
#9298 = LINE('',#9299,#9300);
#9299 = CARTESIAN_POINT('',(0.,0.));
#9300 = VECTOR('',#9301,1.);
#9301 = DIRECTION('',(0.,-1.));
#9302 = ( GEOMETRIC_REPRESENTATION_CONTEXT(2) 
PARAMETRIC_REPRESENTATION_CONTEXT() REPRESENTATION_CONTEXT('2D SPACE',''
  ) );
#9303 = ORIENTED_EDGE('',*,*,#9304,.F.);
#9304 = EDGE_CURVE('',#9258,#9282,#9305,.T.);
#9305 = SURFACE_CURVE('',#9306,(#9310,#9317),.PCURVE_S1.);
#9306 = LINE('',#9307,#9308);
#9307 = CARTESIAN_POINT('',(91.26953125,-16.8876953125,3.));
#9308 = VECTOR('',#9309,1.);
#9309 = DIRECTION('',(-1.,0.,0.));
#9310 = PCURVE('',#8755,#9311);
#9311 = DEFINITIONAL_REPRESENTATION('',(#9312),#9316);
#9312 = LINE('',#9313,#9314);
#9313 = CARTESIAN_POINT('',(0.,0.));
#9314 = VECTOR('',#9315,1.);
#9315 = DIRECTION('',(1.,0.));
#9316 = ( GEOMETRIC_REPRESENTATION_CONTEXT(2) 
PARAMETRIC_REPRESENTATION_CONTEXT() REPRESENTATION_CONTEXT('2D SPACE',''
  ) );
#9317 = PCURVE('',#9318,#9323);
#9318 = PLANE('',#9319);
#9319 = AXIS2_PLACEMENT_3D('',#9320,#9321,#9322);
#9320 = CARTESIAN_POINT('',(81.,-25.,3.));
#9321 = DIRECTION('',(0.,0.,1.));
#9322 = DIRECTION('',(1.,0.,0.));
#9323 = DEFINITIONAL_REPRESENTATION('',(#9324),#9328);
#9324 = LINE('',#9325,#9326);
#9325 = CARTESIAN_POINT('',(10.26953125,8.1123046875));
#9326 = VECTOR('',#9327,1.);
#9327 = DIRECTION('',(-1.,0.));
#9328 = ( GEOMETRIC_REPRESENTATION_CONTEXT(2) 
PARAMETRIC_REPRESENTATION_CONTEXT() REPRESENTATION_CONTEXT('2D SPACE',''
  ) );
#9329 = ADVANCED_FACE('',(#9330),#8783,.T.);
#9330 = FACE_BOUND('',#9331,.T.);
#9331 = EDGE_LOOP('',(#9332,#9333,#9334,#9357));
#9332 = ORIENTED_EDGE('',*,*,#9281,.T.);
#9333 = ORIENTED_EDGE('',*,*,#8767,.T.);
#9334 = ORIENTED_EDGE('',*,*,#9335,.F.);
#9335 = EDGE_CURVE('',#9336,#8768,#9338,.T.);
#9336 = VERTEX_POINT('',#9337);
#9337 = CARTESIAN_POINT('',(90.4013671875,-18.80517578125,3.));
#9338 = SURFACE_CURVE('',#9339,(#9343,#9350),.PCURVE_S1.);
#9339 = LINE('',#9340,#9341);
#9340 = CARTESIAN_POINT('',(90.4013671875,-18.80517578125,3.));
#9341 = VECTOR('',#9342,1.);
#9342 = DIRECTION('',(-0.,-0.,-1.));
#9343 = PCURVE('',#8783,#9344);
#9344 = DEFINITIONAL_REPRESENTATION('',(#9345),#9349);
#9345 = LINE('',#9346,#9347);
#9346 = CARTESIAN_POINT('',(1.91748046875,0.));
#9347 = VECTOR('',#9348,1.);
#9348 = DIRECTION('',(0.,-1.));
#9349 = ( GEOMETRIC_REPRESENTATION_CONTEXT(2) 
PARAMETRIC_REPRESENTATION_CONTEXT() REPRESENTATION_CONTEXT('2D SPACE',''
  ) );
#9350 = PCURVE('',#8811,#9351);
#9351 = DEFINITIONAL_REPRESENTATION('',(#9352),#9356);
#9352 = LINE('',#9353,#9354);
#9353 = CARTESIAN_POINT('',(0.,0.));
#9354 = VECTOR('',#9355,1.);
#9355 = DIRECTION('',(0.,-1.));
#9356 = ( GEOMETRIC_REPRESENTATION_CONTEXT(2) 
PARAMETRIC_REPRESENTATION_CONTEXT() REPRESENTATION_CONTEXT('2D SPACE',''
  ) );
#9357 = ORIENTED_EDGE('',*,*,#9358,.F.);
#9358 = EDGE_CURVE('',#9282,#9336,#9359,.T.);
#9359 = SURFACE_CURVE('',#9360,(#9364,#9371),.PCURVE_S1.);
#9360 = LINE('',#9361,#9362);
#9361 = CARTESIAN_POINT('',(90.4013671875,-16.8876953125,3.));
#9362 = VECTOR('',#9363,1.);
#9363 = DIRECTION('',(0.,-1.,0.));
#9364 = PCURVE('',#8783,#9365);
#9365 = DEFINITIONAL_REPRESENTATION('',(#9366),#9370);
#9366 = LINE('',#9367,#9368);
#9367 = CARTESIAN_POINT('',(0.,0.));
#9368 = VECTOR('',#9369,1.);
#9369 = DIRECTION('',(1.,0.));
#9370 = ( GEOMETRIC_REPRESENTATION_CONTEXT(2) 
PARAMETRIC_REPRESENTATION_CONTEXT() REPRESENTATION_CONTEXT('2D SPACE',''
  ) );
#9371 = PCURVE('',#9318,#9372);
#9372 = DEFINITIONAL_REPRESENTATION('',(#9373),#9377);
#9373 = LINE('',#9374,#9375);
#9374 = CARTESIAN_POINT('',(9.4013671875,8.1123046875));
#9375 = VECTOR('',#9376,1.);
#9376 = DIRECTION('',(0.,-1.));
#9377 = ( GEOMETRIC_REPRESENTATION_CONTEXT(2) 
PARAMETRIC_REPRESENTATION_CONTEXT() REPRESENTATION_CONTEXT('2D SPACE',''
  ) );
#9378 = ADVANCED_FACE('',(#9379),#8811,.T.);
#9379 = FACE_BOUND('',#9380,.T.);
#9380 = EDGE_LOOP('',(#9381,#9382,#9383,#9406));
#9381 = ORIENTED_EDGE('',*,*,#9335,.T.);
#9382 = ORIENTED_EDGE('',*,*,#8795,.T.);
#9383 = ORIENTED_EDGE('',*,*,#9384,.F.);
#9384 = EDGE_CURVE('',#9385,#8796,#9387,.T.);
#9385 = VERTEX_POINT('',#9386);
#9386 = CARTESIAN_POINT('',(91.26953125,-18.80517578125,3.));
#9387 = SURFACE_CURVE('',#9388,(#9392,#9399),.PCURVE_S1.);
#9388 = LINE('',#9389,#9390);
#9389 = CARTESIAN_POINT('',(91.26953125,-18.80517578125,3.));
#9390 = VECTOR('',#9391,1.);
#9391 = DIRECTION('',(-0.,-0.,-1.));
#9392 = PCURVE('',#8811,#9393);
#9393 = DEFINITIONAL_REPRESENTATION('',(#9394),#9398);
#9394 = LINE('',#9395,#9396);
#9395 = CARTESIAN_POINT('',(0.8681640625,0.));
#9396 = VECTOR('',#9397,1.);
#9397 = DIRECTION('',(0.,-1.));
#9398 = ( GEOMETRIC_REPRESENTATION_CONTEXT(2) 
PARAMETRIC_REPRESENTATION_CONTEXT() REPRESENTATION_CONTEXT('2D SPACE',''
  ) );
#9399 = PCURVE('',#8839,#9400);
#9400 = DEFINITIONAL_REPRESENTATION('',(#9401),#9405);
#9401 = LINE('',#9402,#9403);
#9402 = CARTESIAN_POINT('',(0.,0.));
#9403 = VECTOR('',#9404,1.);
#9404 = DIRECTION('',(0.,-1.));
#9405 = ( GEOMETRIC_REPRESENTATION_CONTEXT(2) 
PARAMETRIC_REPRESENTATION_CONTEXT() REPRESENTATION_CONTEXT('2D SPACE',''
  ) );
#9406 = ORIENTED_EDGE('',*,*,#9407,.F.);
#9407 = EDGE_CURVE('',#9336,#9385,#9408,.T.);
#9408 = SURFACE_CURVE('',#9409,(#9413,#9420),.PCURVE_S1.);
#9409 = LINE('',#9410,#9411);
#9410 = CARTESIAN_POINT('',(90.4013671875,-18.80517578125,3.));
#9411 = VECTOR('',#9412,1.);
#9412 = DIRECTION('',(1.,0.,0.));
#9413 = PCURVE('',#8811,#9414);
#9414 = DEFINITIONAL_REPRESENTATION('',(#9415),#9419);
#9415 = LINE('',#9416,#9417);
#9416 = CARTESIAN_POINT('',(0.,0.));
#9417 = VECTOR('',#9418,1.);
#9418 = DIRECTION('',(1.,0.));
#9419 = ( GEOMETRIC_REPRESENTATION_CONTEXT(2) 
PARAMETRIC_REPRESENTATION_CONTEXT() REPRESENTATION_CONTEXT('2D SPACE',''
  ) );
#9420 = PCURVE('',#9318,#9421);
#9421 = DEFINITIONAL_REPRESENTATION('',(#9422),#9426);
#9422 = LINE('',#9423,#9424);
#9423 = CARTESIAN_POINT('',(9.4013671875,6.19482421875));
#9424 = VECTOR('',#9425,1.);
#9425 = DIRECTION('',(1.,0.));
#9426 = ( GEOMETRIC_REPRESENTATION_CONTEXT(2) 
PARAMETRIC_REPRESENTATION_CONTEXT() REPRESENTATION_CONTEXT('2D SPACE',''
  ) );
#9427 = ADVANCED_FACE('',(#9428),#8839,.T.);
#9428 = FACE_BOUND('',#9429,.T.);
#9429 = EDGE_LOOP('',(#9430,#9431,#9432,#9455));
#9430 = ORIENTED_EDGE('',*,*,#9384,.T.);
#9431 = ORIENTED_EDGE('',*,*,#8823,.T.);
#9432 = ORIENTED_EDGE('',*,*,#9433,.F.);
#9433 = EDGE_CURVE('',#9434,#8824,#9436,.T.);
#9434 = VERTEX_POINT('',#9435);
#9435 = CARTESIAN_POINT('',(92.0146484375,-18.5556640625,3.));
#9436 = SURFACE_CURVE('',#9437,(#9441,#9448),.PCURVE_S1.);
#9437 = LINE('',#9438,#9439);
#9438 = CARTESIAN_POINT('',(92.0146484375,-18.5556640625,3.));
#9439 = VECTOR('',#9440,1.);
#9440 = DIRECTION('',(-0.,-0.,-1.));
#9441 = PCURVE('',#8839,#9442);
#9442 = DEFINITIONAL_REPRESENTATION('',(#9443),#9447);
#9443 = LINE('',#9444,#9445);
#9444 = CARTESIAN_POINT('',(1.,0.));
#9445 = VECTOR('',#9446,1.);
#9446 = DIRECTION('',(0.,-1.));
#9447 = ( GEOMETRIC_REPRESENTATION_CONTEXT(2) 
PARAMETRIC_REPRESENTATION_CONTEXT() REPRESENTATION_CONTEXT('2D SPACE',''
  ) );
#9448 = PCURVE('',#8869,#9449);
#9449 = DEFINITIONAL_REPRESENTATION('',(#9450),#9454);
#9450 = LINE('',#9451,#9452);
#9451 = CARTESIAN_POINT('',(0.,0.));
#9452 = VECTOR('',#9453,1.);
#9453 = DIRECTION('',(0.,-1.));
#9454 = ( GEOMETRIC_REPRESENTATION_CONTEXT(2) 
PARAMETRIC_REPRESENTATION_CONTEXT() REPRESENTATION_CONTEXT('2D SPACE',''
  ) );
#9455 = ORIENTED_EDGE('',*,*,#9456,.F.);
#9456 = EDGE_CURVE('',#9385,#9434,#9457,.T.);
#9457 = SURFACE_CURVE('',#9458,(#9462,#9469),.PCURVE_S1.);
#9458 = B_SPLINE_CURVE_WITH_KNOTS('',2,(#9459,#9460,#9461),
  .UNSPECIFIED.,.F.,.F.,(3,3),(0.,1.),.PIECEWISE_BEZIER_KNOTS.);
#9459 = CARTESIAN_POINT('',(91.26953125,-18.80517578125,3.));
#9460 = CARTESIAN_POINT('',(91.75146484375,-18.80517578125,3.));
#9461 = CARTESIAN_POINT('',(92.0146484375,-18.5556640625,3.));
#9462 = PCURVE('',#8839,#9463);
#9463 = DEFINITIONAL_REPRESENTATION('',(#9464),#9468);
#9464 = LINE('',#9465,#9466);
#9465 = CARTESIAN_POINT('',(0.,0.));
#9466 = VECTOR('',#9467,1.);
#9467 = DIRECTION('',(1.,0.));
#9468 = ( GEOMETRIC_REPRESENTATION_CONTEXT(2) 
PARAMETRIC_REPRESENTATION_CONTEXT() REPRESENTATION_CONTEXT('2D SPACE',''
  ) );
#9469 = PCURVE('',#9318,#9470);
#9470 = DEFINITIONAL_REPRESENTATION('',(#9471),#9475);
#9471 = B_SPLINE_CURVE_WITH_KNOTS('',2,(#9472,#9473,#9474),
  .UNSPECIFIED.,.F.,.F.,(3,3),(0.,1.),.PIECEWISE_BEZIER_KNOTS.);
#9472 = CARTESIAN_POINT('',(10.26953125,6.19482421875));
#9473 = CARTESIAN_POINT('',(10.75146484375,6.19482421875));
#9474 = CARTESIAN_POINT('',(11.0146484375,6.4443359375));
#9475 = ( GEOMETRIC_REPRESENTATION_CONTEXT(2) 
PARAMETRIC_REPRESENTATION_CONTEXT() REPRESENTATION_CONTEXT('2D SPACE',''
  ) );
#9476 = ADVANCED_FACE('',(#9477),#8869,.T.);
#9477 = FACE_BOUND('',#9478,.T.);
#9478 = EDGE_LOOP('',(#9479,#9480,#9481,#9504));
#9479 = ORIENTED_EDGE('',*,*,#9433,.T.);
#9480 = ORIENTED_EDGE('',*,*,#8853,.T.);
#9481 = ORIENTED_EDGE('',*,*,#9482,.F.);
#9482 = EDGE_CURVE('',#9483,#8854,#9485,.T.);
#9483 = VERTEX_POINT('',#9484);
#9484 = CARTESIAN_POINT('',(92.27783203125,-17.8447265625,3.));
#9485 = SURFACE_CURVE('',#9486,(#9490,#9497),.PCURVE_S1.);
#9486 = LINE('',#9487,#9488);
#9487 = CARTESIAN_POINT('',(92.27783203125,-17.8447265625,3.));
#9488 = VECTOR('',#9489,1.);
#9489 = DIRECTION('',(-0.,-0.,-1.));
#9490 = PCURVE('',#8869,#9491);
#9491 = DEFINITIONAL_REPRESENTATION('',(#9492),#9496);
#9492 = LINE('',#9493,#9494);
#9493 = CARTESIAN_POINT('',(1.,0.));
#9494 = VECTOR('',#9495,1.);
#9495 = DIRECTION('',(0.,-1.));
#9496 = ( GEOMETRIC_REPRESENTATION_CONTEXT(2) 
PARAMETRIC_REPRESENTATION_CONTEXT() REPRESENTATION_CONTEXT('2D SPACE',''
  ) );
#9497 = PCURVE('',#8899,#9498);
#9498 = DEFINITIONAL_REPRESENTATION('',(#9499),#9503);
#9499 = LINE('',#9500,#9501);
#9500 = CARTESIAN_POINT('',(0.,0.));
#9501 = VECTOR('',#9502,1.);
#9502 = DIRECTION('',(0.,-1.));
#9503 = ( GEOMETRIC_REPRESENTATION_CONTEXT(2) 
PARAMETRIC_REPRESENTATION_CONTEXT() REPRESENTATION_CONTEXT('2D SPACE',''
  ) );
#9504 = ORIENTED_EDGE('',*,*,#9505,.F.);
#9505 = EDGE_CURVE('',#9434,#9483,#9506,.T.);
#9506 = SURFACE_CURVE('',#9507,(#9511,#9518),.PCURVE_S1.);
#9507 = B_SPLINE_CURVE_WITH_KNOTS('',2,(#9508,#9509,#9510),
  .UNSPECIFIED.,.F.,.F.,(3,3),(0.,1.),.PIECEWISE_BEZIER_KNOTS.);
#9508 = CARTESIAN_POINT('',(92.0146484375,-18.5556640625,3.));
#9509 = CARTESIAN_POINT('',(92.27783203125,-18.30615234375,3.));
#9510 = CARTESIAN_POINT('',(92.27783203125,-17.8447265625,3.));
#9511 = PCURVE('',#8869,#9512);
#9512 = DEFINITIONAL_REPRESENTATION('',(#9513),#9517);
#9513 = LINE('',#9514,#9515);
#9514 = CARTESIAN_POINT('',(0.,0.));
#9515 = VECTOR('',#9516,1.);
#9516 = DIRECTION('',(1.,0.));
#9517 = ( GEOMETRIC_REPRESENTATION_CONTEXT(2) 
PARAMETRIC_REPRESENTATION_CONTEXT() REPRESENTATION_CONTEXT('2D SPACE',''
  ) );
#9518 = PCURVE('',#9318,#9519);
#9519 = DEFINITIONAL_REPRESENTATION('',(#9520),#9524);
#9520 = B_SPLINE_CURVE_WITH_KNOTS('',2,(#9521,#9522,#9523),
  .UNSPECIFIED.,.F.,.F.,(3,3),(0.,1.),.PIECEWISE_BEZIER_KNOTS.);
#9521 = CARTESIAN_POINT('',(11.0146484375,6.4443359375));
#9522 = CARTESIAN_POINT('',(11.27783203125,6.69384765625));
#9523 = CARTESIAN_POINT('',(11.27783203125,7.1552734375));
#9524 = ( GEOMETRIC_REPRESENTATION_CONTEXT(2) 
PARAMETRIC_REPRESENTATION_CONTEXT() REPRESENTATION_CONTEXT('2D SPACE',''
  ) );
#9525 = ADVANCED_FACE('',(#9526),#8899,.T.);
#9526 = FACE_BOUND('',#9527,.T.);
#9527 = EDGE_LOOP('',(#9528,#9529,#9530,#9553));
#9528 = ORIENTED_EDGE('',*,*,#9482,.T.);
#9529 = ORIENTED_EDGE('',*,*,#8883,.T.);
#9530 = ORIENTED_EDGE('',*,*,#9531,.F.);
#9531 = EDGE_CURVE('',#9532,#8884,#9534,.T.);
#9532 = VERTEX_POINT('',#9533);
#9533 = CARTESIAN_POINT('',(92.0146484375,-17.13720703125,3.));
#9534 = SURFACE_CURVE('',#9535,(#9539,#9546),.PCURVE_S1.);
#9535 = LINE('',#9536,#9537);
#9536 = CARTESIAN_POINT('',(92.0146484375,-17.13720703125,3.));
#9537 = VECTOR('',#9538,1.);
#9538 = DIRECTION('',(-0.,-0.,-1.));
#9539 = PCURVE('',#8899,#9540);
#9540 = DEFINITIONAL_REPRESENTATION('',(#9541),#9545);
#9541 = LINE('',#9542,#9543);
#9542 = CARTESIAN_POINT('',(1.,0.));
#9543 = VECTOR('',#9544,1.);
#9544 = DIRECTION('',(0.,-1.));
#9545 = ( GEOMETRIC_REPRESENTATION_CONTEXT(2) 
PARAMETRIC_REPRESENTATION_CONTEXT() REPRESENTATION_CONTEXT('2D SPACE',''
  ) );
#9546 = PCURVE('',#8927,#9547);
#9547 = DEFINITIONAL_REPRESENTATION('',(#9548),#9552);
#9548 = LINE('',#9549,#9550);
#9549 = CARTESIAN_POINT('',(0.,0.));
#9550 = VECTOR('',#9551,1.);
#9551 = DIRECTION('',(0.,-1.));
#9552 = ( GEOMETRIC_REPRESENTATION_CONTEXT(2) 
PARAMETRIC_REPRESENTATION_CONTEXT() REPRESENTATION_CONTEXT('2D SPACE',''
  ) );
#9553 = ORIENTED_EDGE('',*,*,#9554,.F.);
#9554 = EDGE_CURVE('',#9483,#9532,#9555,.T.);
#9555 = SURFACE_CURVE('',#9556,(#9560,#9567),.PCURVE_S1.);
#9556 = B_SPLINE_CURVE_WITH_KNOTS('',2,(#9557,#9558,#9559),
  .UNSPECIFIED.,.F.,.F.,(3,3),(0.,1.),.PIECEWISE_BEZIER_KNOTS.);
#9557 = CARTESIAN_POINT('',(92.27783203125,-17.8447265625,3.));
#9558 = CARTESIAN_POINT('',(92.27783203125,-17.38671875,3.));
#9559 = CARTESIAN_POINT('',(92.0146484375,-17.13720703125,3.));
#9560 = PCURVE('',#8899,#9561);
#9561 = DEFINITIONAL_REPRESENTATION('',(#9562),#9566);
#9562 = LINE('',#9563,#9564);
#9563 = CARTESIAN_POINT('',(0.,0.));
#9564 = VECTOR('',#9565,1.);
#9565 = DIRECTION('',(1.,0.));
#9566 = ( GEOMETRIC_REPRESENTATION_CONTEXT(2) 
PARAMETRIC_REPRESENTATION_CONTEXT() REPRESENTATION_CONTEXT('2D SPACE',''
  ) );
#9567 = PCURVE('',#9318,#9568);
#9568 = DEFINITIONAL_REPRESENTATION('',(#9569),#9573);
#9569 = B_SPLINE_CURVE_WITH_KNOTS('',2,(#9570,#9571,#9572),
  .UNSPECIFIED.,.F.,.F.,(3,3),(0.,1.),.PIECEWISE_BEZIER_KNOTS.);
#9570 = CARTESIAN_POINT('',(11.27783203125,7.1552734375));
#9571 = CARTESIAN_POINT('',(11.27783203125,7.61328125));
#9572 = CARTESIAN_POINT('',(11.0146484375,7.86279296875));
#9573 = ( GEOMETRIC_REPRESENTATION_CONTEXT(2) 
PARAMETRIC_REPRESENTATION_CONTEXT() REPRESENTATION_CONTEXT('2D SPACE',''
  ) );
#9574 = ADVANCED_FACE('',(#9575),#8927,.T.);
#9575 = FACE_BOUND('',#9576,.T.);
#9576 = EDGE_LOOP('',(#9577,#9578,#9579,#9580));
#9577 = ORIENTED_EDGE('',*,*,#9531,.T.);
#9578 = ORIENTED_EDGE('',*,*,#8913,.T.);
#9579 = ORIENTED_EDGE('',*,*,#9257,.F.);
#9580 = ORIENTED_EDGE('',*,*,#9581,.F.);
#9581 = EDGE_CURVE('',#9532,#9258,#9582,.T.);
#9582 = SURFACE_CURVE('',#9583,(#9587,#9594),.PCURVE_S1.);
#9583 = B_SPLINE_CURVE_WITH_KNOTS('',2,(#9584,#9585,#9586),
  .UNSPECIFIED.,.F.,.F.,(3,3),(0.,1.),.PIECEWISE_BEZIER_KNOTS.);
#9584 = CARTESIAN_POINT('',(92.0146484375,-17.13720703125,3.));
#9585 = CARTESIAN_POINT('',(91.75146484375,-16.8876953125,3.));
#9586 = CARTESIAN_POINT('',(91.26953125,-16.8876953125,3.));
#9587 = PCURVE('',#8927,#9588);
#9588 = DEFINITIONAL_REPRESENTATION('',(#9589),#9593);
#9589 = LINE('',#9590,#9591);
#9590 = CARTESIAN_POINT('',(0.,0.));
#9591 = VECTOR('',#9592,1.);
#9592 = DIRECTION('',(1.,0.));
#9593 = ( GEOMETRIC_REPRESENTATION_CONTEXT(2) 
PARAMETRIC_REPRESENTATION_CONTEXT() REPRESENTATION_CONTEXT('2D SPACE',''
  ) );
#9594 = PCURVE('',#9318,#9595);
#9595 = DEFINITIONAL_REPRESENTATION('',(#9596),#9600);
#9596 = B_SPLINE_CURVE_WITH_KNOTS('',2,(#9597,#9598,#9599),
  .UNSPECIFIED.,.F.,.F.,(3,3),(0.,1.),.PIECEWISE_BEZIER_KNOTS.);
#9597 = CARTESIAN_POINT('',(11.0146484375,7.86279296875));
#9598 = CARTESIAN_POINT('',(10.75146484375,8.1123046875));
#9599 = CARTESIAN_POINT('',(10.26953125,8.1123046875));
#9600 = ( GEOMETRIC_REPRESENTATION_CONTEXT(2) 
PARAMETRIC_REPRESENTATION_CONTEXT() REPRESENTATION_CONTEXT('2D SPACE',''
  ) );
#9601 = ADVANCED_FACE('',(#9602),#8972,.T.);
#9602 = FACE_BOUND('',#9603,.T.);
#9603 = EDGE_LOOP('',(#9604,#9627,#9628,#9651));
#9604 = ORIENTED_EDGE('',*,*,#9605,.T.);
#9605 = EDGE_CURVE('',#9606,#8955,#9608,.T.);
#9606 = VERTEX_POINT('',#9607);
#9607 = CARTESIAN_POINT('',(96.1298828125,-19.5400390625,3.));
#9608 = SURFACE_CURVE('',#9609,(#9613,#9620),.PCURVE_S1.);
#9609 = LINE('',#9610,#9611);
#9610 = CARTESIAN_POINT('',(96.1298828125,-19.5400390625,3.));
#9611 = VECTOR('',#9612,1.);
#9612 = DIRECTION('',(-0.,-0.,-1.));
#9613 = PCURVE('',#8972,#9614);
#9614 = DEFINITIONAL_REPRESENTATION('',(#9615),#9619);
#9615 = LINE('',#9616,#9617);
#9616 = CARTESIAN_POINT('',(0.,0.));
#9617 = VECTOR('',#9618,1.);
#9618 = DIRECTION('',(0.,-1.));
#9619 = ( GEOMETRIC_REPRESENTATION_CONTEXT(2) 
PARAMETRIC_REPRESENTATION_CONTEXT() REPRESENTATION_CONTEXT('2D SPACE',''
  ) );
#9620 = PCURVE('',#9026,#9621);
#9621 = DEFINITIONAL_REPRESENTATION('',(#9622),#9626);
#9622 = LINE('',#9623,#9624);
#9623 = CARTESIAN_POINT('',(1.87646484375,0.));
#9624 = VECTOR('',#9625,1.);
#9625 = DIRECTION('',(0.,-1.));
#9626 = ( GEOMETRIC_REPRESENTATION_CONTEXT(2) 
PARAMETRIC_REPRESENTATION_CONTEXT() REPRESENTATION_CONTEXT('2D SPACE',''
  ) );
#9627 = ORIENTED_EDGE('',*,*,#8954,.T.);
#9628 = ORIENTED_EDGE('',*,*,#9629,.F.);
#9629 = EDGE_CURVE('',#9630,#8957,#9632,.T.);
#9630 = VERTEX_POINT('',#9631);
#9631 = CARTESIAN_POINT('',(95.18994140625,-17.00048828125,3.));
#9632 = SURFACE_CURVE('',#9633,(#9637,#9644),.PCURVE_S1.);
#9633 = LINE('',#9634,#9635);
#9634 = CARTESIAN_POINT('',(95.18994140625,-17.00048828125,3.));
#9635 = VECTOR('',#9636,1.);
#9636 = DIRECTION('',(-0.,-0.,-1.));
#9637 = PCURVE('',#8972,#9638);
#9638 = DEFINITIONAL_REPRESENTATION('',(#9639),#9643);
#9639 = LINE('',#9640,#9641);
#9640 = CARTESIAN_POINT('',(2.707915806987,0.));
#9641 = VECTOR('',#9642,1.);
#9642 = DIRECTION('',(0.,-1.));
#9643 = ( GEOMETRIC_REPRESENTATION_CONTEXT(2) 
PARAMETRIC_REPRESENTATION_CONTEXT() REPRESENTATION_CONTEXT('2D SPACE',''
  ) );
#9644 = PCURVE('',#9000,#9645);
#9645 = DEFINITIONAL_REPRESENTATION('',(#9646),#9650);
#9646 = LINE('',#9647,#9648);
#9647 = CARTESIAN_POINT('',(0.,0.));
#9648 = VECTOR('',#9649,1.);
#9649 = DIRECTION('',(0.,-1.));
#9650 = ( GEOMETRIC_REPRESENTATION_CONTEXT(2) 
PARAMETRIC_REPRESENTATION_CONTEXT() REPRESENTATION_CONTEXT('2D SPACE',''
  ) );
#9651 = ORIENTED_EDGE('',*,*,#9652,.F.);
#9652 = EDGE_CURVE('',#9606,#9630,#9653,.T.);
#9653 = SURFACE_CURVE('',#9654,(#9658,#9665),.PCURVE_S1.);
#9654 = LINE('',#9655,#9656);
#9655 = CARTESIAN_POINT('',(96.1298828125,-19.5400390625,3.));
#9656 = VECTOR('',#9657,1.);
#9657 = DIRECTION('',(-0.347108799995,0.937824866895,0.));
#9658 = PCURVE('',#8972,#9659);
#9659 = DEFINITIONAL_REPRESENTATION('',(#9660),#9664);
#9660 = LINE('',#9661,#9662);
#9661 = CARTESIAN_POINT('',(0.,0.));
#9662 = VECTOR('',#9663,1.);
#9663 = DIRECTION('',(1.,0.));
#9664 = ( GEOMETRIC_REPRESENTATION_CONTEXT(2) 
PARAMETRIC_REPRESENTATION_CONTEXT() REPRESENTATION_CONTEXT('2D SPACE',''
  ) );
#9665 = PCURVE('',#9666,#9671);
#9666 = PLANE('',#9667);
#9667 = AXIS2_PLACEMENT_3D('',#9668,#9669,#9670);
#9668 = CARTESIAN_POINT('',(81.,-25.,3.));
#9669 = DIRECTION('',(0.,0.,1.));
#9670 = DIRECTION('',(1.,0.,0.));
#9671 = DEFINITIONAL_REPRESENTATION('',(#9672),#9676);
#9672 = LINE('',#9673,#9674);
#9673 = CARTESIAN_POINT('',(15.1298828125,5.4599609375));
#9674 = VECTOR('',#9675,1.);
#9675 = DIRECTION('',(-0.347108799995,0.937824866895));
#9676 = ( GEOMETRIC_REPRESENTATION_CONTEXT(2) 
PARAMETRIC_REPRESENTATION_CONTEXT() REPRESENTATION_CONTEXT('2D SPACE',''
  ) );
#9677 = ADVANCED_FACE('',(#9678),#9000,.T.);
#9678 = FACE_BOUND('',#9679,.T.);
#9679 = EDGE_LOOP('',(#9680,#9681,#9682,#9705));
#9680 = ORIENTED_EDGE('',*,*,#9629,.T.);
#9681 = ORIENTED_EDGE('',*,*,#8984,.T.);
#9682 = ORIENTED_EDGE('',*,*,#9683,.F.);
#9683 = EDGE_CURVE('',#9684,#8985,#9686,.T.);
#9684 = VERTEX_POINT('',#9685);
#9685 = CARTESIAN_POINT('',(94.25341796875,-19.5400390625,3.));
#9686 = SURFACE_CURVE('',#9687,(#9691,#9698),.PCURVE_S1.);
#9687 = LINE('',#9688,#9689);
#9688 = CARTESIAN_POINT('',(94.25341796875,-19.5400390625,3.));
#9689 = VECTOR('',#9690,1.);
#9690 = DIRECTION('',(-0.,-0.,-1.));
#9691 = PCURVE('',#9000,#9692);
#9692 = DEFINITIONAL_REPRESENTATION('',(#9693),#9697);
#9693 = LINE('',#9694,#9695);
#9694 = CARTESIAN_POINT('',(2.706731297993,0.));
#9695 = VECTOR('',#9696,1.);
#9696 = DIRECTION('',(0.,-1.));
#9697 = ( GEOMETRIC_REPRESENTATION_CONTEXT(2) 
PARAMETRIC_REPRESENTATION_CONTEXT() REPRESENTATION_CONTEXT('2D SPACE',''
  ) );
#9698 = PCURVE('',#9026,#9699);
#9699 = DEFINITIONAL_REPRESENTATION('',(#9700),#9704);
#9700 = LINE('',#9701,#9702);
#9701 = CARTESIAN_POINT('',(0.,0.));
#9702 = VECTOR('',#9703,1.);
#9703 = DIRECTION('',(0.,-1.));
#9704 = ( GEOMETRIC_REPRESENTATION_CONTEXT(2) 
PARAMETRIC_REPRESENTATION_CONTEXT() REPRESENTATION_CONTEXT('2D SPACE',''
  ) );
#9705 = ORIENTED_EDGE('',*,*,#9706,.F.);
#9706 = EDGE_CURVE('',#9630,#9684,#9707,.T.);
#9707 = SURFACE_CURVE('',#9708,(#9712,#9719),.PCURVE_S1.);
#9708 = LINE('',#9709,#9710);
#9709 = CARTESIAN_POINT('',(95.18994140625,-17.00048828125,3.));
#9710 = VECTOR('',#9711,1.);
#9711 = DIRECTION('',(-0.345997934185,-0.938235274086,0.));
#9712 = PCURVE('',#9000,#9713);
#9713 = DEFINITIONAL_REPRESENTATION('',(#9714),#9718);
#9714 = LINE('',#9715,#9716);
#9715 = CARTESIAN_POINT('',(0.,0.));
#9716 = VECTOR('',#9717,1.);
#9717 = DIRECTION('',(1.,0.));
#9718 = ( GEOMETRIC_REPRESENTATION_CONTEXT(2) 
PARAMETRIC_REPRESENTATION_CONTEXT() REPRESENTATION_CONTEXT('2D SPACE',''
  ) );
#9719 = PCURVE('',#9666,#9720);
#9720 = DEFINITIONAL_REPRESENTATION('',(#9721),#9725);
#9721 = LINE('',#9722,#9723);
#9722 = CARTESIAN_POINT('',(14.18994140625,7.99951171875));
#9723 = VECTOR('',#9724,1.);
#9724 = DIRECTION('',(-0.345997934185,-0.938235274086));
#9725 = ( GEOMETRIC_REPRESENTATION_CONTEXT(2) 
PARAMETRIC_REPRESENTATION_CONTEXT() REPRESENTATION_CONTEXT('2D SPACE',''
  ) );
#9726 = ADVANCED_FACE('',(#9727),#9026,.T.);
#9727 = FACE_BOUND('',#9728,.T.);
#9728 = EDGE_LOOP('',(#9729,#9730,#9731,#9732));
#9729 = ORIENTED_EDGE('',*,*,#9683,.T.);
#9730 = ORIENTED_EDGE('',*,*,#9012,.T.);
#9731 = ORIENTED_EDGE('',*,*,#9605,.F.);
#9732 = ORIENTED_EDGE('',*,*,#9733,.F.);
#9733 = EDGE_CURVE('',#9684,#9606,#9734,.T.);
#9734 = SURFACE_CURVE('',#9735,(#9739,#9746),.PCURVE_S1.);
#9735 = LINE('',#9736,#9737);
#9736 = CARTESIAN_POINT('',(94.25341796875,-19.5400390625,3.));
#9737 = VECTOR('',#9738,1.);
#9738 = DIRECTION('',(1.,0.,0.));
#9739 = PCURVE('',#9026,#9740);
#9740 = DEFINITIONAL_REPRESENTATION('',(#9741),#9745);
#9741 = LINE('',#9742,#9743);
#9742 = CARTESIAN_POINT('',(0.,0.));
#9743 = VECTOR('',#9744,1.);
#9744 = DIRECTION('',(1.,0.));
#9745 = ( GEOMETRIC_REPRESENTATION_CONTEXT(2) 
PARAMETRIC_REPRESENTATION_CONTEXT() REPRESENTATION_CONTEXT('2D SPACE',''
  ) );
#9746 = PCURVE('',#9666,#9747);
#9747 = DEFINITIONAL_REPRESENTATION('',(#9748),#9752);
#9748 = LINE('',#9749,#9750);
#9749 = CARTESIAN_POINT('',(13.25341796875,5.4599609375));
#9750 = VECTOR('',#9751,1.);
#9751 = DIRECTION('',(1.,0.));
#9752 = ( GEOMETRIC_REPRESENTATION_CONTEXT(2) 
PARAMETRIC_REPRESENTATION_CONTEXT() REPRESENTATION_CONTEXT('2D SPACE',''
  ) );
#9753 = ADVANCED_FACE('',(#9754),#9068,.T.);
#9754 = FACE_BOUND('',#9755,.T.);
#9755 = EDGE_LOOP('',(#9756,#9779,#9780,#9803));
#9756 = ORIENTED_EDGE('',*,*,#9757,.T.);
#9757 = EDGE_CURVE('',#9758,#9051,#9760,.T.);
#9758 = VERTEX_POINT('',#9759);
#9759 = CARTESIAN_POINT('',(99.79736328125,-16.8876953125,3.));
#9760 = SURFACE_CURVE('',#9761,(#9765,#9772),.PCURVE_S1.);
#9761 = LINE('',#9762,#9763);
#9762 = CARTESIAN_POINT('',(99.79736328125,-16.8876953125,3.));
#9763 = VECTOR('',#9764,1.);
#9764 = DIRECTION('',(-0.,-0.,-1.));
#9765 = PCURVE('',#9068,#9766);
#9766 = DEFINITIONAL_REPRESENTATION('',(#9767),#9771);
#9767 = LINE('',#9768,#9769);
#9768 = CARTESIAN_POINT('',(0.,0.));
#9769 = VECTOR('',#9770,1.);
#9770 = DIRECTION('',(0.,-1.));
#9771 = ( GEOMETRIC_REPRESENTATION_CONTEXT(2) 
PARAMETRIC_REPRESENTATION_CONTEXT() REPRESENTATION_CONTEXT('2D SPACE',''
  ) );
#9772 = PCURVE('',#9240,#9773);
#9773 = DEFINITIONAL_REPRESENTATION('',(#9774),#9778);
#9774 = LINE('',#9775,#9776);
#9775 = CARTESIAN_POINT('',(1.,0.));
#9776 = VECTOR('',#9777,1.);
#9777 = DIRECTION('',(0.,-1.));
#9778 = ( GEOMETRIC_REPRESENTATION_CONTEXT(2) 
PARAMETRIC_REPRESENTATION_CONTEXT() REPRESENTATION_CONTEXT('2D SPACE',''
  ) );
#9779 = ORIENTED_EDGE('',*,*,#9050,.T.);
#9780 = ORIENTED_EDGE('',*,*,#9781,.F.);
#9781 = EDGE_CURVE('',#9782,#9053,#9784,.T.);
#9782 = VERTEX_POINT('',#9783);
#9783 = CARTESIAN_POINT('',(98.96337890625,-16.8876953125,3.));
#9784 = SURFACE_CURVE('',#9785,(#9789,#9796),.PCURVE_S1.);
#9785 = LINE('',#9786,#9787);
#9786 = CARTESIAN_POINT('',(98.96337890625,-16.8876953125,3.));
#9787 = VECTOR('',#9788,1.);
#9788 = DIRECTION('',(-0.,-0.,-1.));
#9789 = PCURVE('',#9068,#9790);
#9790 = DEFINITIONAL_REPRESENTATION('',(#9791),#9795);
#9791 = LINE('',#9792,#9793);
#9792 = CARTESIAN_POINT('',(0.833984375,0.));
#9793 = VECTOR('',#9794,1.);
#9794 = DIRECTION('',(0.,-1.));
#9795 = ( GEOMETRIC_REPRESENTATION_CONTEXT(2) 
PARAMETRIC_REPRESENTATION_CONTEXT() REPRESENTATION_CONTEXT('2D SPACE',''
  ) );
#9796 = PCURVE('',#9096,#9797);
#9797 = DEFINITIONAL_REPRESENTATION('',(#9798),#9802);
#9798 = LINE('',#9799,#9800);
#9799 = CARTESIAN_POINT('',(0.,0.));
#9800 = VECTOR('',#9801,1.);
#9801 = DIRECTION('',(0.,-1.));
#9802 = ( GEOMETRIC_REPRESENTATION_CONTEXT(2) 
PARAMETRIC_REPRESENTATION_CONTEXT() REPRESENTATION_CONTEXT('2D SPACE',''
  ) );
#9803 = ORIENTED_EDGE('',*,*,#9804,.F.);
#9804 = EDGE_CURVE('',#9758,#9782,#9805,.T.);
#9805 = SURFACE_CURVE('',#9806,(#9810,#9817),.PCURVE_S1.);
#9806 = LINE('',#9807,#9808);
#9807 = CARTESIAN_POINT('',(99.79736328125,-16.8876953125,3.));
#9808 = VECTOR('',#9809,1.);
#9809 = DIRECTION('',(-1.,0.,0.));
#9810 = PCURVE('',#9068,#9811);
#9811 = DEFINITIONAL_REPRESENTATION('',(#9812),#9816);
#9812 = LINE('',#9813,#9814);
#9813 = CARTESIAN_POINT('',(0.,0.));
#9814 = VECTOR('',#9815,1.);
#9815 = DIRECTION('',(1.,0.));
#9816 = ( GEOMETRIC_REPRESENTATION_CONTEXT(2) 
PARAMETRIC_REPRESENTATION_CONTEXT() REPRESENTATION_CONTEXT('2D SPACE',''
  ) );
#9817 = PCURVE('',#9818,#9823);
#9818 = PLANE('',#9819);
#9819 = AXIS2_PLACEMENT_3D('',#9820,#9821,#9822);
#9820 = CARTESIAN_POINT('',(81.,-25.,3.));
#9821 = DIRECTION('',(0.,0.,1.));
#9822 = DIRECTION('',(1.,0.,0.));
#9823 = DEFINITIONAL_REPRESENTATION('',(#9824),#9828);
#9824 = LINE('',#9825,#9826);
#9825 = CARTESIAN_POINT('',(18.79736328125,8.1123046875));
#9826 = VECTOR('',#9827,1.);
#9827 = DIRECTION('',(-1.,0.));
#9828 = ( GEOMETRIC_REPRESENTATION_CONTEXT(2) 
PARAMETRIC_REPRESENTATION_CONTEXT() REPRESENTATION_CONTEXT('2D SPACE',''
  ) );
#9829 = ADVANCED_FACE('',(#9830),#9096,.T.);
#9830 = FACE_BOUND('',#9831,.T.);
#9831 = EDGE_LOOP('',(#9832,#9833,#9834,#9857));
#9832 = ORIENTED_EDGE('',*,*,#9781,.T.);
#9833 = ORIENTED_EDGE('',*,*,#9080,.T.);
#9834 = ORIENTED_EDGE('',*,*,#9835,.F.);
#9835 = EDGE_CURVE('',#9836,#9081,#9838,.T.);
#9836 = VERTEX_POINT('',#9837);
#9837 = CARTESIAN_POINT('',(98.96337890625,-20.85595703125,3.));
#9838 = SURFACE_CURVE('',#9839,(#9843,#9850),.PCURVE_S1.);
#9839 = LINE('',#9840,#9841);
#9840 = CARTESIAN_POINT('',(98.96337890625,-20.85595703125,3.));
#9841 = VECTOR('',#9842,1.);
#9842 = DIRECTION('',(-0.,-0.,-1.));
#9843 = PCURVE('',#9096,#9844);
#9844 = DEFINITIONAL_REPRESENTATION('',(#9845),#9849);
#9845 = LINE('',#9846,#9847);
#9846 = CARTESIAN_POINT('',(3.96826171875,0.));
#9847 = VECTOR('',#9848,1.);
#9848 = DIRECTION('',(0.,-1.));
#9849 = ( GEOMETRIC_REPRESENTATION_CONTEXT(2) 
PARAMETRIC_REPRESENTATION_CONTEXT() REPRESENTATION_CONTEXT('2D SPACE',''
  ) );
#9850 = PCURVE('',#9124,#9851);
#9851 = DEFINITIONAL_REPRESENTATION('',(#9852),#9856);
#9852 = LINE('',#9853,#9854);
#9853 = CARTESIAN_POINT('',(0.,0.));
#9854 = VECTOR('',#9855,1.);
#9855 = DIRECTION('',(0.,-1.));
#9856 = ( GEOMETRIC_REPRESENTATION_CONTEXT(2) 
PARAMETRIC_REPRESENTATION_CONTEXT() REPRESENTATION_CONTEXT('2D SPACE',''
  ) );
#9857 = ORIENTED_EDGE('',*,*,#9858,.F.);
#9858 = EDGE_CURVE('',#9782,#9836,#9859,.T.);
#9859 = SURFACE_CURVE('',#9860,(#9864,#9871),.PCURVE_S1.);
#9860 = LINE('',#9861,#9862);
#9861 = CARTESIAN_POINT('',(98.96337890625,-16.8876953125,3.));
#9862 = VECTOR('',#9863,1.);
#9863 = DIRECTION('',(0.,-1.,0.));
#9864 = PCURVE('',#9096,#9865);
#9865 = DEFINITIONAL_REPRESENTATION('',(#9866),#9870);
#9866 = LINE('',#9867,#9868);
#9867 = CARTESIAN_POINT('',(0.,0.));
#9868 = VECTOR('',#9869,1.);
#9869 = DIRECTION('',(1.,0.));
#9870 = ( GEOMETRIC_REPRESENTATION_CONTEXT(2) 
PARAMETRIC_REPRESENTATION_CONTEXT() REPRESENTATION_CONTEXT('2D SPACE',''
  ) );
#9871 = PCURVE('',#9818,#9872);
#9872 = DEFINITIONAL_REPRESENTATION('',(#9873),#9877);
#9873 = LINE('',#9874,#9875);
#9874 = CARTESIAN_POINT('',(17.96337890625,8.1123046875));
#9875 = VECTOR('',#9876,1.);
#9876 = DIRECTION('',(0.,-1.));
#9877 = ( GEOMETRIC_REPRESENTATION_CONTEXT(2) 
PARAMETRIC_REPRESENTATION_CONTEXT() REPRESENTATION_CONTEXT('2D SPACE',''
  ) );
#9878 = ADVANCED_FACE('',(#9879),#9124,.T.);
#9879 = FACE_BOUND('',#9880,.T.);
#9880 = EDGE_LOOP('',(#9881,#9882,#9883,#9906));
#9881 = ORIENTED_EDGE('',*,*,#9835,.T.);
#9882 = ORIENTED_EDGE('',*,*,#9108,.T.);
#9883 = ORIENTED_EDGE('',*,*,#9884,.F.);
#9884 = EDGE_CURVE('',#9885,#9109,#9887,.T.);
#9885 = VERTEX_POINT('',#9886);
#9886 = CARTESIAN_POINT('',(99.79736328125,-20.85595703125,3.));
#9887 = SURFACE_CURVE('',#9888,(#9892,#9899),.PCURVE_S1.);
#9888 = LINE('',#9889,#9890);
#9889 = CARTESIAN_POINT('',(99.79736328125,-20.85595703125,3.));
#9890 = VECTOR('',#9891,1.);
#9891 = DIRECTION('',(-0.,-0.,-1.));
#9892 = PCURVE('',#9124,#9893);
#9893 = DEFINITIONAL_REPRESENTATION('',(#9894),#9898);
#9894 = LINE('',#9895,#9896);
#9895 = CARTESIAN_POINT('',(0.833984375,0.));
#9896 = VECTOR('',#9897,1.);
#9897 = DIRECTION('',(0.,-1.));
#9898 = ( GEOMETRIC_REPRESENTATION_CONTEXT(2) 
PARAMETRIC_REPRESENTATION_CONTEXT() REPRESENTATION_CONTEXT('2D SPACE',''
  ) );
#9899 = PCURVE('',#9152,#9900);
#9900 = DEFINITIONAL_REPRESENTATION('',(#9901),#9905);
#9901 = LINE('',#9902,#9903);
#9902 = CARTESIAN_POINT('',(0.,0.));
#9903 = VECTOR('',#9904,1.);
#9904 = DIRECTION('',(0.,-1.));
#9905 = ( GEOMETRIC_REPRESENTATION_CONTEXT(2) 
PARAMETRIC_REPRESENTATION_CONTEXT() REPRESENTATION_CONTEXT('2D SPACE',''
  ) );
#9906 = ORIENTED_EDGE('',*,*,#9907,.F.);
#9907 = EDGE_CURVE('',#9836,#9885,#9908,.T.);
#9908 = SURFACE_CURVE('',#9909,(#9913,#9920),.PCURVE_S1.);
#9909 = LINE('',#9910,#9911);
#9910 = CARTESIAN_POINT('',(98.96337890625,-20.85595703125,3.));
#9911 = VECTOR('',#9912,1.);
#9912 = DIRECTION('',(1.,0.,0.));
#9913 = PCURVE('',#9124,#9914);
#9914 = DEFINITIONAL_REPRESENTATION('',(#9915),#9919);
#9915 = LINE('',#9916,#9917);
#9916 = CARTESIAN_POINT('',(0.,0.));
#9917 = VECTOR('',#9918,1.);
#9918 = DIRECTION('',(1.,0.));
#9919 = ( GEOMETRIC_REPRESENTATION_CONTEXT(2) 
PARAMETRIC_REPRESENTATION_CONTEXT() REPRESENTATION_CONTEXT('2D SPACE',''
  ) );
#9920 = PCURVE('',#9818,#9921);
#9921 = DEFINITIONAL_REPRESENTATION('',(#9922),#9926);
#9922 = LINE('',#9923,#9924);
#9923 = CARTESIAN_POINT('',(17.96337890625,4.14404296875));
#9924 = VECTOR('',#9925,1.);
#9925 = DIRECTION('',(1.,0.));
#9926 = ( GEOMETRIC_REPRESENTATION_CONTEXT(2) 
PARAMETRIC_REPRESENTATION_CONTEXT() REPRESENTATION_CONTEXT('2D SPACE',''
  ) );
#9927 = ADVANCED_FACE('',(#9928),#9152,.T.);
#9928 = FACE_BOUND('',#9929,.T.);
#9929 = EDGE_LOOP('',(#9930,#9931,#9932,#9955));
#9930 = ORIENTED_EDGE('',*,*,#9884,.T.);
#9931 = ORIENTED_EDGE('',*,*,#9136,.T.);
#9932 = ORIENTED_EDGE('',*,*,#9933,.F.);
#9933 = EDGE_CURVE('',#9934,#9137,#9936,.T.);
#9934 = VERTEX_POINT('',#9935);
#9935 = CARTESIAN_POINT('',(101.34399414062,-20.37744140625,3.));
#9936 = SURFACE_CURVE('',#9937,(#9941,#9948),.PCURVE_S1.);
#9937 = LINE('',#9938,#9939);
#9938 = CARTESIAN_POINT('',(101.34399414062,-20.37744140625,3.));
#9939 = VECTOR('',#9940,1.);
#9940 = DIRECTION('',(-0.,-0.,-1.));
#9941 = PCURVE('',#9152,#9942);
#9942 = DEFINITIONAL_REPRESENTATION('',(#9943),#9947);
#9943 = LINE('',#9944,#9945);
#9944 = CARTESIAN_POINT('',(1.,0.));
#9945 = VECTOR('',#9946,1.);
#9946 = DIRECTION('',(0.,-1.));
#9947 = ( GEOMETRIC_REPRESENTATION_CONTEXT(2) 
PARAMETRIC_REPRESENTATION_CONTEXT() REPRESENTATION_CONTEXT('2D SPACE',''
  ) );
#9948 = PCURVE('',#9182,#9949);
#9949 = DEFINITIONAL_REPRESENTATION('',(#9950),#9954);
#9950 = LINE('',#9951,#9952);
#9951 = CARTESIAN_POINT('',(0.,0.));
#9952 = VECTOR('',#9953,1.);
#9953 = DIRECTION('',(0.,-1.));
#9954 = ( GEOMETRIC_REPRESENTATION_CONTEXT(2) 
PARAMETRIC_REPRESENTATION_CONTEXT() REPRESENTATION_CONTEXT('2D SPACE',''
  ) );
#9955 = ORIENTED_EDGE('',*,*,#9956,.F.);
#9956 = EDGE_CURVE('',#9885,#9934,#9957,.T.);
#9957 = SURFACE_CURVE('',#9958,(#9962,#9969),.PCURVE_S1.);
#9958 = B_SPLINE_CURVE_WITH_KNOTS('',2,(#9959,#9960,#9961),
  .UNSPECIFIED.,.F.,.F.,(3,3),(0.,1.),.PIECEWISE_BEZIER_KNOTS.);
#9959 = CARTESIAN_POINT('',(99.79736328125,-20.85595703125,3.));
#9960 = CARTESIAN_POINT('',(100.853515625,-20.85595703125,3.));
#9961 = CARTESIAN_POINT('',(101.34399414062,-20.37744140625,3.));
#9962 = PCURVE('',#9152,#9963);
#9963 = DEFINITIONAL_REPRESENTATION('',(#9964),#9968);
#9964 = LINE('',#9965,#9966);
#9965 = CARTESIAN_POINT('',(0.,0.));
#9966 = VECTOR('',#9967,1.);
#9967 = DIRECTION('',(1.,0.));
#9968 = ( GEOMETRIC_REPRESENTATION_CONTEXT(2) 
PARAMETRIC_REPRESENTATION_CONTEXT() REPRESENTATION_CONTEXT('2D SPACE',''
  ) );
#9969 = PCURVE('',#9818,#9970);
#9970 = DEFINITIONAL_REPRESENTATION('',(#9971),#9975);
#9971 = B_SPLINE_CURVE_WITH_KNOTS('',2,(#9972,#9973,#9974),
  .UNSPECIFIED.,.F.,.F.,(3,3),(0.,1.),.PIECEWISE_BEZIER_KNOTS.);
#9972 = CARTESIAN_POINT('',(18.79736328125,4.14404296875));
#9973 = CARTESIAN_POINT('',(19.853515625,4.14404296875));
#9974 = CARTESIAN_POINT('',(20.343994140625,4.62255859375));
#9975 = ( GEOMETRIC_REPRESENTATION_CONTEXT(2) 
PARAMETRIC_REPRESENTATION_CONTEXT() REPRESENTATION_CONTEXT('2D SPACE',''
  ) );
#9976 = ADVANCED_FACE('',(#9977),#9182,.T.);
#9977 = FACE_BOUND('',#9978,.T.);
#9978 = EDGE_LOOP('',(#9979,#9980,#9981,#10004));
#9979 = ORIENTED_EDGE('',*,*,#9933,.T.);
#9980 = ORIENTED_EDGE('',*,*,#9166,.T.);
#9981 = ORIENTED_EDGE('',*,*,#9982,.F.);
#9982 = EDGE_CURVE('',#9983,#9167,#9985,.T.);
#9983 = VERTEX_POINT('',#9984);
#9984 = CARTESIAN_POINT('',(101.83447265625,-18.86669921875,3.));
#9985 = SURFACE_CURVE('',#9986,(#9990,#9997),.PCURVE_S1.);
#9986 = LINE('',#9987,#9988);
#9987 = CARTESIAN_POINT('',(101.83447265625,-18.86669921875,3.));
#9988 = VECTOR('',#9989,1.);
#9989 = DIRECTION('',(-0.,-0.,-1.));
#9990 = PCURVE('',#9182,#9991);
#9991 = DEFINITIONAL_REPRESENTATION('',(#9992),#9996);
#9992 = LINE('',#9993,#9994);
#9993 = CARTESIAN_POINT('',(1.,0.));
#9994 = VECTOR('',#9995,1.);
#9995 = DIRECTION('',(0.,-1.));
#9996 = ( GEOMETRIC_REPRESENTATION_CONTEXT(2) 
PARAMETRIC_REPRESENTATION_CONTEXT() REPRESENTATION_CONTEXT('2D SPACE',''
  ) );
#9997 = PCURVE('',#9212,#9998);
#9998 = DEFINITIONAL_REPRESENTATION('',(#9999),#10003);
#9999 = LINE('',#10000,#10001);
#10000 = CARTESIAN_POINT('',(0.,0.));
#10001 = VECTOR('',#10002,1.);
#10002 = DIRECTION('',(0.,-1.));
#10003 = ( GEOMETRIC_REPRESENTATION_CONTEXT(2) 
PARAMETRIC_REPRESENTATION_CONTEXT() REPRESENTATION_CONTEXT('2D SPACE',''
  ) );
#10004 = ORIENTED_EDGE('',*,*,#10005,.F.);
#10005 = EDGE_CURVE('',#9934,#9983,#10006,.T.);
#10006 = SURFACE_CURVE('',#10007,(#10011,#10018),.PCURVE_S1.);
#10007 = B_SPLINE_CURVE_WITH_KNOTS('',2,(#10008,#10009,#10010),
  .UNSPECIFIED.,.F.,.F.,(3,3),(0.,1.),.PIECEWISE_BEZIER_KNOTS.);
#10008 = CARTESIAN_POINT('',(101.34399414062,-20.37744140625,3.));
#10009 = CARTESIAN_POINT('',(101.83447265625,-19.89892578125,3.));
#10010 = CARTESIAN_POINT('',(101.83447265625,-18.86669921875,3.));
#10011 = PCURVE('',#9182,#10012);
#10012 = DEFINITIONAL_REPRESENTATION('',(#10013),#10017);
#10013 = LINE('',#10014,#10015);
#10014 = CARTESIAN_POINT('',(0.,0.));
#10015 = VECTOR('',#10016,1.);
#10016 = DIRECTION('',(1.,0.));
#10017 = ( GEOMETRIC_REPRESENTATION_CONTEXT(2) 
PARAMETRIC_REPRESENTATION_CONTEXT() REPRESENTATION_CONTEXT('2D SPACE',''
  ) );
#10018 = PCURVE('',#9818,#10019);
#10019 = DEFINITIONAL_REPRESENTATION('',(#10020),#10024);
#10020 = B_SPLINE_CURVE_WITH_KNOTS('',2,(#10021,#10022,#10023),
  .UNSPECIFIED.,.F.,.F.,(3,3),(0.,1.),.PIECEWISE_BEZIER_KNOTS.);
#10021 = CARTESIAN_POINT('',(20.343994140625,4.62255859375));
#10022 = CARTESIAN_POINT('',(20.83447265625,5.10107421875));
#10023 = CARTESIAN_POINT('',(20.83447265625,6.13330078125));
#10024 = ( GEOMETRIC_REPRESENTATION_CONTEXT(2) 
PARAMETRIC_REPRESENTATION_CONTEXT() REPRESENTATION_CONTEXT('2D SPACE',''
  ) );
#10025 = ADVANCED_FACE('',(#10026),#9212,.T.);
#10026 = FACE_BOUND('',#10027,.T.);
#10027 = EDGE_LOOP('',(#10028,#10029,#10030,#10053));
#10028 = ORIENTED_EDGE('',*,*,#9982,.T.);
#10029 = ORIENTED_EDGE('',*,*,#9196,.T.);
#10030 = ORIENTED_EDGE('',*,*,#10031,.F.);
#10031 = EDGE_CURVE('',#10032,#9197,#10034,.T.);
#10032 = VERTEX_POINT('',#10033);
#10033 = CARTESIAN_POINT('',(101.34399414062,-17.36450195312,3.));
#10034 = SURFACE_CURVE('',#10035,(#10039,#10046),.PCURVE_S1.);
#10035 = LINE('',#10036,#10037);
#10036 = CARTESIAN_POINT('',(101.34399414062,-17.36450195312,3.));
#10037 = VECTOR('',#10038,1.);
#10038 = DIRECTION('',(-0.,-0.,-1.));
#10039 = PCURVE('',#9212,#10040);
#10040 = DEFINITIONAL_REPRESENTATION('',(#10041),#10045);
#10041 = LINE('',#10042,#10043);
#10042 = CARTESIAN_POINT('',(1.,0.));
#10043 = VECTOR('',#10044,1.);
#10044 = DIRECTION('',(0.,-1.));
#10045 = ( GEOMETRIC_REPRESENTATION_CONTEXT(2) 
PARAMETRIC_REPRESENTATION_CONTEXT() REPRESENTATION_CONTEXT('2D SPACE',''
  ) );
#10046 = PCURVE('',#9240,#10047);
#10047 = DEFINITIONAL_REPRESENTATION('',(#10048),#10052);
#10048 = LINE('',#10049,#10050);
#10049 = CARTESIAN_POINT('',(0.,0.));
#10050 = VECTOR('',#10051,1.);
#10051 = DIRECTION('',(0.,-1.));
#10052 = ( GEOMETRIC_REPRESENTATION_CONTEXT(2) 
PARAMETRIC_REPRESENTATION_CONTEXT() REPRESENTATION_CONTEXT('2D SPACE',''
  ) );
#10053 = ORIENTED_EDGE('',*,*,#10054,.F.);
#10054 = EDGE_CURVE('',#9983,#10032,#10055,.T.);
#10055 = SURFACE_CURVE('',#10056,(#10060,#10067),.PCURVE_S1.);
#10056 = B_SPLINE_CURVE_WITH_KNOTS('',2,(#10057,#10058,#10059),
  .UNSPECIFIED.,.F.,.F.,(3,3),(0.,1.),.PIECEWISE_BEZIER_KNOTS.);
#10057 = CARTESIAN_POINT('',(101.83447265625,-18.86669921875,3.));
#10058 = CARTESIAN_POINT('',(101.83447265625,-17.84130859375,3.));
#10059 = CARTESIAN_POINT('',(101.34399414062,-17.36450195312,3.));
#10060 = PCURVE('',#9212,#10061);
#10061 = DEFINITIONAL_REPRESENTATION('',(#10062),#10066);
#10062 = LINE('',#10063,#10064);
#10063 = CARTESIAN_POINT('',(0.,0.));
#10064 = VECTOR('',#10065,1.);
#10065 = DIRECTION('',(1.,0.));
#10066 = ( GEOMETRIC_REPRESENTATION_CONTEXT(2) 
PARAMETRIC_REPRESENTATION_CONTEXT() REPRESENTATION_CONTEXT('2D SPACE',''
  ) );
#10067 = PCURVE('',#9818,#10068);
#10068 = DEFINITIONAL_REPRESENTATION('',(#10069),#10073);
#10069 = B_SPLINE_CURVE_WITH_KNOTS('',2,(#10070,#10071,#10072),
  .UNSPECIFIED.,.F.,.F.,(3,3),(0.,1.),.PIECEWISE_BEZIER_KNOTS.);
#10070 = CARTESIAN_POINT('',(20.83447265625,6.13330078125));
#10071 = CARTESIAN_POINT('',(20.83447265625,7.15869140625));
#10072 = CARTESIAN_POINT('',(20.343994140625,7.635498046875));
#10073 = ( GEOMETRIC_REPRESENTATION_CONTEXT(2) 
PARAMETRIC_REPRESENTATION_CONTEXT() REPRESENTATION_CONTEXT('2D SPACE',''
  ) );
#10074 = ADVANCED_FACE('',(#10075),#9240,.T.);
#10075 = FACE_BOUND('',#10076,.T.);
#10076 = EDGE_LOOP('',(#10077,#10078,#10079,#10080));
#10077 = ORIENTED_EDGE('',*,*,#10031,.T.);
#10078 = ORIENTED_EDGE('',*,*,#9226,.T.);
#10079 = ORIENTED_EDGE('',*,*,#9757,.F.);
#10080 = ORIENTED_EDGE('',*,*,#10081,.F.);
#10081 = EDGE_CURVE('',#10032,#9758,#10082,.T.);
#10082 = SURFACE_CURVE('',#10083,(#10087,#10094),.PCURVE_S1.);
#10083 = B_SPLINE_CURVE_WITH_KNOTS('',2,(#10084,#10085,#10086),
  .UNSPECIFIED.,.F.,.F.,(3,3),(0.,1.),.PIECEWISE_BEZIER_KNOTS.);
#10084 = CARTESIAN_POINT('',(101.34399414062,-17.36450195312,3.));
#10085 = CARTESIAN_POINT('',(100.853515625,-16.8876953125,3.));
#10086 = CARTESIAN_POINT('',(99.79736328125,-16.8876953125,3.));
#10087 = PCURVE('',#9240,#10088);
#10088 = DEFINITIONAL_REPRESENTATION('',(#10089),#10093);
#10089 = LINE('',#10090,#10091);
#10090 = CARTESIAN_POINT('',(0.,0.));
#10091 = VECTOR('',#10092,1.);
#10092 = DIRECTION('',(1.,0.));
#10093 = ( GEOMETRIC_REPRESENTATION_CONTEXT(2) 
PARAMETRIC_REPRESENTATION_CONTEXT() REPRESENTATION_CONTEXT('2D SPACE',''
  ) );
#10094 = PCURVE('',#9818,#10095);
#10095 = DEFINITIONAL_REPRESENTATION('',(#10096),#10100);
#10096 = B_SPLINE_CURVE_WITH_KNOTS('',2,(#10097,#10098,#10099),
  .UNSPECIFIED.,.F.,.F.,(3,3),(0.,1.),.PIECEWISE_BEZIER_KNOTS.);
#10097 = CARTESIAN_POINT('',(20.343994140625,7.635498046875));
#10098 = CARTESIAN_POINT('',(19.853515625,8.1123046875));
#10099 = CARTESIAN_POINT('',(18.79736328125,8.1123046875));
#10100 = ( GEOMETRIC_REPRESENTATION_CONTEXT(2) 
PARAMETRIC_REPRESENTATION_CONTEXT() REPRESENTATION_CONTEXT('2D SPACE',''
  ) );
#10101 = ADVANCED_FACE('',(#10102),#9318,.T.);
#10102 = FACE_BOUND('',#10103,.T.);
#10103 = EDGE_LOOP('',(#10104,#10105,#10106,#10107,#10108,#10109,#10110)
  );
#10104 = ORIENTED_EDGE('',*,*,#9581,.T.);
#10105 = ORIENTED_EDGE('',*,*,#9304,.T.);
#10106 = ORIENTED_EDGE('',*,*,#9358,.T.);
#10107 = ORIENTED_EDGE('',*,*,#9407,.T.);
#10108 = ORIENTED_EDGE('',*,*,#9456,.T.);
#10109 = ORIENTED_EDGE('',*,*,#9505,.T.);
#10110 = ORIENTED_EDGE('',*,*,#9554,.T.);
#10111 = ADVANCED_FACE('',(#10112),#9666,.T.);
#10112 = FACE_BOUND('',#10113,.T.);
#10113 = EDGE_LOOP('',(#10114,#10115,#10116));
#10114 = ORIENTED_EDGE('',*,*,#9733,.T.);
#10115 = ORIENTED_EDGE('',*,*,#9652,.T.);
#10116 = ORIENTED_EDGE('',*,*,#9706,.T.);
#10117 = ADVANCED_FACE('',(#10118),#9818,.T.);
#10118 = FACE_BOUND('',#10119,.T.);
#10119 = EDGE_LOOP('',(#10120,#10121,#10122,#10123,#10124,#10125,#10126)
  );
#10120 = ORIENTED_EDGE('',*,*,#10081,.T.);
#10121 = ORIENTED_EDGE('',*,*,#9804,.T.);
#10122 = ORIENTED_EDGE('',*,*,#9858,.T.);
#10123 = ORIENTED_EDGE('',*,*,#9907,.T.);
#10124 = ORIENTED_EDGE('',*,*,#9956,.T.);
#10125 = ORIENTED_EDGE('',*,*,#10005,.T.);
#10126 = ORIENTED_EDGE('',*,*,#10054,.T.);
#10127 = ( GEOMETRIC_REPRESENTATION_CONTEXT(3) 
GLOBAL_UNCERTAINTY_ASSIGNED_CONTEXT((#10131)) 
GLOBAL_UNIT_ASSIGNED_CONTEXT((#10128,#10129,#10130)) 
REPRESENTATION_CONTEXT('Context #1',
  '3D Context with UNIT and UNCERTAINTY') );
#10128 = ( LENGTH_UNIT() NAMED_UNIT(*) SI_UNIT(.MILLI.,.METRE.) );
#10129 = ( NAMED_UNIT(*) PLANE_ANGLE_UNIT() SI_UNIT($,.RADIAN.) );
#10130 = ( NAMED_UNIT(*) SI_UNIT($,.STERADIAN.) SOLID_ANGLE_UNIT() );
#10131 = UNCERTAINTY_MEASURE_WITH_UNIT(LENGTH_MEASURE(1.E-07),#10128,
  'distance_accuracy_value','confusion accuracy');
#10132 = CONTEXT_DEPENDENT_SHAPE_REPRESENTATION(#10133,#10135);
#10133 = ( REPRESENTATION_RELATIONSHIP('','',#6506,#10) 
REPRESENTATION_RELATIONSHIP_WITH_TRANSFORMATION(#10134) 
SHAPE_REPRESENTATION_RELATIONSHIP() );
#10134 = ITEM_DEFINED_TRANSFORMATION('','',#11,#19);
#10135 = PRODUCT_DEFINITION_SHAPE('Placement','Placement of an item',
  #10136);
#10136 = NEXT_ASSEMBLY_USAGE_OCCURRENCE('296','','',#5,#6501,$);
#10137 = PRODUCT_RELATED_PRODUCT_CATEGORY('part',$,(#6503));
ENDSEC;
END-ISO-10303-21;
